date,y_reg,pos,costs,r_strategy,r_bh,eq_strat,eq_bh
2024-07-04,-0.0009654063501214423,1.0,0.0,-0.0009654063501214423,-0.0009654063501214423,0.9990350595046639,0.9990350595046639
2024-07-05,0.000643707778905692,1.0,0.0,0.000643707778905692,0.000643707778905692,0.9996783531682213,0.9996783531682213
2024-07-08,-0.0028999536997898717,1.0,0.0,-0.0028999536997898717,-0.0028999536997898717,0.9967835316822129,0.9967835316822129
2024-07-09,0.01154969527927301,1.0,0.0,0.01154969527927301,0.01154969527927301,1.0083628176262465,1.0083628176262465
2024-07-10,0.002230365748545504,1.0,0.0,0.002230365748545504,0.002230365748545504,1.0106143454486975,1.0106143454486975
2024-07-11,0.006028893400051166,1.0,0.0,0.006028893400051166,0.006028893400051166,1.016725635252493,1.016725635252493
2024-07-12,0.0031585623227297238,1.0,0.0,0.0031585623227297238,0.0031585623227297238,1.01994210357028,1.01994210357028
2024-07-15,0.00754009227328786,1.0,0.0,0.00754009227328786,0.00754009227328786,1.027661627532969,1.027661627532969
2024-07-16,-0.008486613877318694,1.0,0.0,-0.008486613877318694,-0.008486613877318694,1.018977163074944,1.018977163074944
2024-07-17,-0.006650855869909686,1.0,0.0,-0.006650855869909686,-0.006650855869909686,1.012222579607591,1.012222579607591
2024-07-18,-0.005736153395524746,1.0,0.0,-0.005736153395524746,-0.005736153395524746,1.0064329366355744,1.0064329366355744
2024-07-19,0.01207130286975784,1.0,0.0,0.01207130286975784,0.01207130286975784,1.0186555162431654,1.0186555162431654
2024-07-22,-0.002054524626286413,1.0,0.0,-0.002054524626286413,-0.002054524626286413,1.0165648118366037,1.0165648118366037
2024-07-23,-0.012897241108825461,1.0,0.0,-0.012897241108825461,-0.012897241108825461,1.003538115149566,1.003538115149566
2024-07-24,-0.0035318707447742157,1.0,0.0,-0.0035318707447742157,-0.0035318707447742157,1.0000000000000002,1.0000000000000002
2024-07-25,0.011830673559469332,1.0,0.0,0.011830673559469332,0.011830673559469332,1.0119009327758124,1.0119009327758124
2024-07-26,-0.0012722648026566544,1.0,0.0,-0.0012722648026566544,-0.0012722648026566544,1.0106143454486975,1.0106143454486975
2024-07-29,-0.00063673991326754,1.0,0.0,-0.00063673991326754,-0.00063673991326754,1.0099710517851401,1.0099710517851401
2024-07-30,0.011084832424492914,1.0,0.0,0.011084832424492914,0.011084832424492914,1.0212286908973949,1.0212286908973949
2024-07-31,-0.014594167657909867,1.0,0.0,-0.014594167657909867,-0.014594167657909867,1.0064329366355742,1.0064329366355742
2024-08-01,-0.020339684237122672,1.0,0.0,-0.020339684237122672,-0.020339684237122672,0.9861691862335158,0.9861691862335158
2024-08-02,-0.02209488068275043,1.0,0.0,-0.02209488068275043,-0.02209488068275043,0.9646188485043423,0.9646188485043423
2024-08-06,-0.0053493942342606,1.0,0.0,-0.0053493942342606,-0.0053493942342606,0.959472499195883,0.959472499195883
2024-08-07,0.01958568830448971,1.0,0.0,0.01958568830448971,0.01958568830448971,0.9784496622708267,0.9784496622708267
2024-08-08,0.0036095199156397357,1.0,0.0,0.0036095199156397357,0.0036095199156397357,0.9819877774203926,0.9819877774203926
2024-08-09,0.000654878870817857,1.0,0.0,0.000654878870817857,0.000654878870817857,0.98263107108395,0.98263107108395
2024-08-12,0.013331363103922064,1.0,0.0,0.013331363103922064,0.013331363103922064,0.995818591186877,0.995818591186877
2024-08-13,0.004190175349136011,1.0,0.0,0.004190175349136011,0.004190175349136011,1.0000000000000002,1.0000000000000002
2024-08-14,0.014687364916559649,1.0,0.0,0.014687364916559649,0.014687364916559649,1.0147957542618207,1.0147957542618207
2024-08-15,0.0006337135826780587,1.0,0.0,0.0006337135826780587,0.0006337135826780587,1.0154390479253779,1.0154390479253779
2024-08-16,0.006629858538669582,1.0,0.0,0.006629858538669582,0.006629858538669582,1.0221936313927307,1.0221936313927307
2024-08-19,-0.004099012518384807,1.0,0.0,-0.004099012518384807,-0.004099012518384807,1.0180122225796076,1.0180122225796076
2024-08-20,0.0037842996912396273,1.0,0.0,0.0037842996912396273,0.0037842996912396273,1.021871984560952,1.021871984560952
2024-08-21,-0.005681833467430946,1.0,0.0,-0.005681833467430946,-0.005681833467430946,1.0160823415889353,1.0160823415889353
2024-08-22,0.007882746162188396,1.0,0.0,0.007882746162188396,0.007882746162188396,1.024123512383403,1.024123512383403
2024-08-23,-0.0028306356374815603,1.0,0.0,-0.0028306356374815603,-0.0028306356374815603,1.0212286908973947,1.0212286908973947
2024-08-26,-0.0015760444554657658,1.0,0.0,-0.0015760444554657658,-0.0015760444554657658,1.019620456738501,1.019620456738501
2024-08-27,-0.0034760660692411058,1.0,0.0,-0.0034760660692411058,-0.0034760660692411058,1.0160823415889353,1.0160823415889353
2024-08-28,0.0018975337761914111,1.0,0.0,0.0018975337761914111,0.0018975337761914111,1.0180122225796076,1.0180122225796076
2024-08-29,0.005828164878803611,1.0,0.0,0.005828164878803611,0.005828164878803611,1.0239626889675137,1.0239626889675137
2024-08-30,-0.013758420554780998,1.0,0.0,-0.013758420554780998,-0.013758420554780998,1.00997105178514,1.00997105178514
2024-09-03,-0.0038289772370972393,1.0,0.0,-0.0038289772370972393,-0.0038289772370972393,1.0061112898037956,1.0061112898037956
2024-09-04,-0.003041705699024509,1.0,0.0,-0.003041705699024509,-0.003041705699024509,1.0030556449018977,1.0030556449018977
2024-09-05,-0.011773380086116239,1.0,0.0,-0.011773380086116239,-0.011773380086116239,0.9913155355419749,0.9913155355419749
2024-09-06,0.010329336513882513,1.0,0.0,0.010329336513882513,0.010329336513882513,1.0016082341588934,1.0016082341588934
2024-09-09,0.0028860048891348514,1.0,0.0,0.0028860048891348514,0.0028860048891348514,1.0045030556449017,1.0045030556449017
2024-09-10,0.006701796266018632,1.0,0.0,0.006701796266018632,0.006701796266018632,1.0112576391122547,1.0112576391122547
2024-09-11,0.009811757777694897,1.0,0.0,0.009811757777694897,0.009811757777694897,1.0212286908973947,1.0212286908973947
2024-09-12,0.005340047242907371,1.0,0.0,0.005340047242907371,0.005340047242907371,1.0266966870376326,1.0266966870376326
2024-09-13,0.004376374599799003,1.0,0.0,0.004376374599799003,0.004376374599799003,1.0311997426825348,1.0311997426825348
2024-09-16,-0.0009361835603401133,1.0,0.0,-0.0009361835603401133,-0.0009361835603401133,1.0302348021871985,1.0302348021871985
2024-09-17,-0.0009370608213402455,1.0,0.0,-0.0009370608213402455,-0.0009370608213402455,1.0292698616918625,1.0292698616918625
2024-09-18,0.0121138303835114,1.0,0.0,0.0121138303835114,0.0121138303835114,1.041814088131232,1.041814088131232
2024-09-19,-0.0027825029546271916,1.0,0.0,-0.0027825029546271916,-0.0027825029546271916,1.0389192666452236,1.0389192666452236
2024-09-20,0.0,1.0,0.0,0.0,0.0,1.0389192666452236,1.0389192666452236
2024-09-23,-0.002169534401264355,1.0,0.0,-0.002169534401264355,-0.002169534401264355,1.0366677388227725,1.0366677388227725
2024-09-24,-0.0018633545764113483,1.0,0.0,-0.0018633545764113483,-0.0018633545764113483,1.0347378578321005,1.0347378578321005
2024-09-25,0.0102057480847567,1.0,0.0,0.0102057480847567,0.0102057480847567,1.0453522032807978,1.0453522032807978
2024-09-26,-0.0003077396546827899,1.0,0.0,-0.0003077396546827899,-0.0003077396546827899,1.0450305564490192,1.0450305564490192
2024-09-27,0.00030773965468286355,1.0,0.0,0.00030773965468286355,0.00030773965468286355,1.0453522032807978,1.0453522032807978
2024-09-30,-0.006172859107081079,1.0,0.0,-0.006172859107081079,-0.006172859107081079,1.0389192666452236,1.0389192666452236
2024-10-01,0.0009283615087309137,0.0,0.0005,-0.0005,0.0009283615087309137,1.0383999368551677,1.0398842071405596
2024-10-02,-0.0012380069671578565,1.0,0.0005,-0.0017380069671578565,-0.0012380069671578565,1.0365967579528652,1.038597619813445
2024-10-03,0.00894101840371514,1.0,0.0,0.00894101840371514,0.00894101840371514,1.0459065461165793,1.0479253779350273
2024-10-04,-0.0036900410874537957,1.0,0.0,-0.0036900410874537957,-0.0036900410874537957,1.0420542199798701,1.044065615953683
2024-10-07,0.003690041087453742,1.0,0.0,0.003690041087453742,0.003690041087453742,1.0459065461165793,1.0479253779350273
2024-10-08,0.008253141756720482,1.0,0.0,0.008253141756720482,0.008253141756720482,1.0545742799241753,1.0566098423930523
2024-10-09,0.0015209128407065232,1.0,0.0,0.0015209128407065232,0.0015209128407065232,1.0561794158144706,1.0582180765519458
2024-10-10,0.007268354227090624,1.0,0.0,0.007268354227090624,0.007268354227090624,1.0638840680878894,1.0659376005146348
2024-10-11,-0.0027194457007217107,1.0,0.0,-0.0027194457007217107,-0.0027194457007217107,1.0609948234853572,1.063042779028626
2024-10-15,0.003021150334176251,0.0,0.0005,-0.0005,0.003021150334176251,1.060464458675866,1.0662592473464132
2024-10-16,0.004214334955062046,1.0,0.0005,0.003714334955062046,0.004214334955062046,1.0644107031833263,1.0707623029913151
2024-10-17,0.0047947349873040295,1.0,0.0,0.0047947349873040295,0.0047947349873040295,1.0695265251271333,1.0759086522997747
2024-10-18,-0.004494389587839438,1.0,0.0,-0.004494389587839438,-0.004494389587839438,1.0647304420548143,1.071083949823094
2024-10-21,-0.002104314619895284,1.0,0.0,-0.002104314619895284,-0.002104314619895284,1.0624922699543986,1.0688324220006429
2024-10-22,-0.007551765235050106,1.0,0.0,-0.007551765235050106,-0.007551765235050106,1.0544987981672003,1.0607912512061752
2024-10-23,0.0027252098622487825,1.0,0.0,0.0027252098622487825,0.0027252098622487825,1.057376448010592,1.0636860726921837
2024-10-24,0.000604594939819473,1.0,0.0,0.000604594939819473,0.000604594939819473,1.058015925753568,1.0643293663557414
2024-10-25,0.005124351831260564,1.0,0.0,0.005124351831260564,0.005124351831260564,1.0634514865688625,1.0697973624959791
2024-10-28,-0.00030070666291838406,1.0,0.0,-0.00030070666291838406,-0.00030070666291838406,1.0631317476973747,1.0694757156642005
2024-10-29,-0.004219415542708211,1.0,0.0,-0.004219415542708211,-0.004219415542708211,1.0586554034965436,1.0649726600192986
2024-10-30,-0.011848839824608605,1.0,0.0,-0.011848839824608605,-0.011848839824608605,1.0461855875085142,1.052428433579929
2024-10-31,0.0054861460367798855,1.0,0.0,0.0054861460367798855,0.0054861460367798855,1.051940887195297,1.0582180765519458
2024-11-01,-0.00426439878645754,1.0,0.0,-0.00426439878645754,-0.00426439878645754,1.047464542994466,1.0537150209070438
2024-11-04,0.006693058146584145,1.0,0.0,0.006693058146584145,0.006693058146584145,1.0544987981672005,1.0607912512061752
2024-11-05,0.01743356446755274,1.0,0.0,0.01743356446755274,0.01743356446755274,1.0730436527135008,1.0794467674493404
2024-11-06,0.0059417881287508224,1.0,0.0,0.0059417881287508224,0.0059417881287508224,1.0794384301432591,1.0858797040849144
2024-11-07,-0.00029625240921743435,1.0,0.0,-0.00029625240921743435,-0.00029625240921743435,1.0791186912717714,1.0855580572531358
2024-11-08,0.002071926151895453,1.0,0.0,0.002071926151895453,0.002071926151895453,1.081356863372187,1.087809585075587
2024-11-11,-0.005039287379697447,1.0,0.0,-0.005039287379697447,-0.005039287379697447,1.0759213025568921,1.082341588935349
2024-11-12,0.0020780770429178886,1.0,0.0,0.0020780770429178886,0.0020780770429178886,1.0781594746573075,1.0845931167577998
2024-11-13,0.0,1.0,0.0,0.0,0.0,1.0781594746573075,1.0845931167577998
2024-11-14,-0.006247231384435739,1.0,0.0,-0.006247231384435739,-0.006247231384435739,1.071444958356061,1.0778385332904468
2024-11-15,0.0,1.0,0.0,0.0,0.0,1.071444958356061,1.0778385332904468
2024-11-18,0.000298373864663389,1.0,0.0,0.000298373864663389,0.000298373864663389,1.071764697227549,1.0781601801222258
2024-11-19,0.00029828486425476227,1.0,0.0,0.00029828486425476227,0.00029828486425476227,1.072084436099037,1.0784818269540042
2024-11-20,0.006836109249619044,1.0,0.0,0.006836109249619044,0.006836109249619044,1.0794384301432591,1.0858797040849144
2024-11-21,0.004433286409790919,1.0,0.0,0.004433286409790919,0.004433286409790919,1.0842345132155782,1.090704406561595
2024-11-22,0.002944642881556925,1.0,0.0,0.002944642881556925,0.002944642881556925,1.0874319019304575,1.0939208748793823
2024-11-25,0.004986078668340752,1.0,0.0,0.004986078668340752,0.004986078668340752,1.0928674627457524,1.0993888710196202
2024-11-26,-0.0020500812568905,1.0,0.0,-0.0020500812568905,-0.0020500812568905,1.0906292906453368,1.0971373431971692
2024-11-27,0.00991840102911328,1.0,0.0,0.00991840102911328,0.00991840102911328,1.1015004122759267,1.1080733354776453
2024-11-28,0.0005803830691063254,1.0,0.0,0.0005803830691063254,0.0005803830691063254,1.1021398900189023,1.1087166291412025
2024-11-29,-0.00029014942899043087,1.0,0.0,-0.00029014942899043087,-0.00029014942899043087,1.1018201511474144,1.108394982309424
2024-12-02,0.0028977128360713703,1.0,0.0,0.0028977128360713703,0.0028977128360713703,1.105017539862294,1.111611450627211
2024-12-03,0.003033588458598844,1.0,0.0,0.003033588458598844,0.003033588458598844,1.108374798012917,1.1149887423608875
2024-12-04,-0.0007214487002193015,1.0,0.0,-0.0007214487002193015,-0.0007214487002193015,1.1075754508341973,1.1141846252814407
2024-12-05,0.00747774551414705,1.0,0.0,0.00747774551414705,0.00747774551414705,1.1158886614928836,1.1225474429076872
2024-12-06,-0.002294894868338402,1.0,0.0,-0.002294894868338402,-0.002294894868338402,1.1133307505209802,1.1199742682534575
2024-12-09,-0.005182850645808573,0.0,0.0005,-0.0005,-0.005182850645808573,1.112774224288872,1.114184625281441
2024-12-10,0.006330956397640503,1.0,0.0005,0.005830956397640504,0.006330956397640503,1.119281716284248,1.1212608555805723
2024-12-11,-0.004600353139061283,1.0,0.0,-0.004600353139061283,-0.004600353139061283,1.114144450805032,1.1161145062721132
2024-12-12,-0.0011534026653536183,1.0,0.0,-0.0011534026653536183,-0.0011534026653536183,1.1128601344352278,1.114827918944998
2024-12-13,0.0005768676248810656,1.0,0.0,0.0005768676248810656,0.0005768676248810656,1.1135022926201297,1.1154712126085555
2024-12-16,-0.0005768676248811643,1.0,0.0,-0.0005768676248811643,-0.0005768676248811643,1.1128601344352276,1.114827918944998
2024-12-17,-0.020992024481379754,1.0,0.0,-0.020992024481379754,-0.020992024481379754,1.0897424397787543,1.0916693470569312
2024-12-18,-0.004429359079881627,1.0,0.0,-0.004429359079881627,-0.004429359079881627,1.0849262533919892,1.0868446445802507
2024-12-19,0.006489698292905393,0.0,0.0005,-0.0005,0.006489698292905393,1.084383925858475,1.093920874879382
2024-12-20,0.0055710450494554295,1.0,0.0005,0.005071045049455429,0.0055710450494554295,1.0898968519316796,1.1000321646831777
2024-12-23,0.006993035490970384,1.0,0.0,0.006993035490970384,0.006993035490970384,1.0975452508926034,1.1077516886458663
2024-12-24,-0.0031990720899293928,1.0,0.0,-0.0031990720899293928,-0.0031990720899293928,1.09403973470218,1.1042135734963006
2024-12-27,-0.019709418706940776,1.0,0.0,-0.019709418706940776,-0.019709418706940776,1.0726879542696002,1.082663235767127
2024-12-30,0.0005940006114662289,1.0,0.0,0.0005940006114662289,0.0005940006114662289,1.0733253208496774,1.0833065294306847
2024-12-31,0.0011869437595286225,1.0,0.0,0.0011869437595286225,0.0011869437595286225,1.0746000540098313,1.0845931167577996
2025-01-02,0.011792589489823624,0.0,0.0005,-0.0005,0.011792589489823624,1.0740628882854484,1.0974589900289478
2025-01-03,-0.0020536900279570177,1.0,0.0005,-0.0025536900279570177,-0.0020536900279570177,1.0713235637797422,1.0952074622064967
2025-01-06,-0.004710046976561285,1.0,0.0,-0.004710046976561285,-0.004710046976561285,1.0662894442436261,1.0900611128980375
2025-01-07,0.0017688683857451637,1.0,0.0,0.0017688683857451637,0.0017688683857451637,1.0681772390696698,1.0919909938887098
2025-01-08,0.0023536345081092173,1.0,0.0,0.0023536345081092173,0.0023536345081092173,1.070694298837728,1.0945641685429395
2025-01-09,-0.013907606913808856,1.0,0.0,-0.013907606913808856,-0.013907606913808856,1.0559065727003865,1.0794467674493402
2025-01-10,-0.004180358431757826,1.0,0.0,-0.004180358431757826,-0.004180358431757826,1.0515017181062847,1.0749437118044383
2025-01-13,0.0005982650492530659,1.0,0.0,0.0005982650492530659,0.0005982650492530659,1.052130983048299,1.0755870054679955
2025-01-14,0.013072081567352921,1.0,0.0,0.013072081567352921,0.013072081567352921,1.0659748117726189,1.089739466066259
2025-01-15,0.004417618728960614,1.0,0.0,0.004417618728960614,0.004417618728960614,1.0706942988377277,1.0945641685429393
2025-01-16,0.01139530227057904,1.0,0.0,0.01139530227057904,0.01139530227057904,1.0829649652070112,1.1071083949823088
2025-01-17,0.012989069904166218,1.0,0.0,0.012989069904166218,0.012989069904166218,1.097123426402338,1.1215825024123505
2025-01-20,-0.007195310939496602,1.0,0.0,-0.007195310939496602,-0.007195310939496602,1.0892576146271564,1.1135413316178828
2025-01-21,0.004610959178073887,1.0,0.0,0.004610959178073887,0.004610959178073887,1.0942917341632727,1.1186876809263422
2025-01-22,0.004160396216888417,1.0,0.0,0.004160396216888417,0.004160396216888417,1.0988539049928778,1.1233515599871333
2025-01-23,-0.00014317417162389073,1.0,0.0,-0.00014317417162389073,-0.00014317417162389073,1.0986965887573745,1.1231907365712441
2025-01-24,-0.007762005335489301,1.0,0.0,-0.007762005335489301,-0.007762005335489301,1.0902015120401782,1.114506272113219
2025-01-27,0.00632913505164753,1.0,0.0,0.00632913505164753,0.00632913505164753,1.097123426402338,1.1215825024123505
2025-01-28,0.0,1.0,0.0,0.0,0.0,1.097123426402338,1.1215825024123505
2025-01-29,0.011972776999618875,1.0,0.0,0.011972776999618875,0.011972776999618875,1.1103379901846433,1.1350916693470563
2025-01-30,-0.004828868920262841,1.0,0.0,-0.004828868920262841,-0.004828868920262841,1.1049892381775197,1.1296236732068181
2025-01-31,-0.007430728675041014,1.0,0.0,-0.007430728675041014,-0.007430728675041014,1.0968087939313307,1.1212608555805719
2025-02-03,-0.005753755804414976,0.0,0.0005,-0.0005,-0.005753755804414976,1.096260526612617,1.1148279189449974
2025-02-04,0.007043801134904919,1.0,0.0005,0.006543801134904919,0.007043801134904919,1.1034577604413538,1.1227082663235761
2025-02-05,0.0015744653649698652,1.0,0.0,0.0015744653649698652,0.0015744653649698652,1.1051964848884035,1.1244773238983587
2025-02-06,-0.008329791090402577,1.0,0.0,-0.008329791090402577,-0.008329791090402577,1.0960286650766862,1.1151495657767765
2025-02-07,0.008901709893523782,1.0,0.0,0.008901709893523782,0.008901709893523782,1.1058287483236942,1.1251206175619162
2025-02-10,-0.0011441648845455247,1.0,0.0,-0.0011441648845455247,-0.0011441648845455247,1.1045642214531124,1.1238340302348013
2025-02-11,-0.0014320495072277254,1.0,0.0,-0.0014320495072277254,-0.0014320495072277254,1.1029835628648854,1.1222257960759079
2025-02-12,0.004575358281916171,1.0,0.0,0.004575358281916171,0.004575358281916171,1.108041670347212,1.1273721453843668
2025-02-13,-0.0022850624053145797,1.0,0.0,-0.0022850624053145797,-0.0022850624053145797,1.1055126166060487,1.1247989707301373
2025-02-14,0.005276304575840262,1.0,0.0,0.005276304575840262,0.005276304575840262,1.1113610533824891,1.1307494371180435
2025-02-18,0.0001422171658514417,1.0,0.0,0.0001422171658514417,0.0001422171658514417,1.1115191192413116,1.1309102605339327
2025-02-19,-0.004703878675473196,1.0,0.0,-0.004703878675473196,-0.004703878675473196,1.106302945900162,1.125603087809584
2025-02-20,-0.00990746850559072,1.0,0.0,-0.00990746850559072,-0.00990746850559072,1.095396401641395,1.1145062721132186
2025-02-21,-0.0017331026868347415,1.0,0.0,-0.0017331026868347415,-0.0017331026868347415,1.0934996113355226,1.1125763911225466
2025-02-24,0.0023101367478547694,1.0,0.0,0.0023101367478547694,0.0023101367478547694,1.0960286650766862,1.1151495657767763
2025-02-25,0.003742627083496455,1.0,0.0,0.003742627083496455,0.003742627083496455,1.1001383774060765,1.1193309745898994
2025-02-26,-0.006631132846895398,1.0,0.0,-0.006631132846895398,-0.006631132846895398,1.0928673479002318,1.1119330974589892
2025-02-27,0.010073477037868397,1.0,0.0,0.010073477037868397,0.010073477037868397,1.1039319580178217,1.1231907365712441
2025-02-28,-0.008050647277167132,1.0,0.0,-0.008050647277167132,-0.008050647277167132,1.0950802699237498,1.1141846252814402
2025-03-03,-0.011030590798260654,1.0,0.0,-0.011030590798260654,-0.011030590798260654,1.0830672646532236,1.1019620456738493
2025-03-04,0.00871845103988125,1.0,0.0,0.00871845103988125,0.00871845103988125,1.0925512161825865,1.1116114506272108
2025-03-05,-0.014573268701312618,1.0,0.0,-0.014573268701312618,-0.014573268701312618,1.0767446303003154,1.0955291090382753
2025-03-06,0.009351324720161008,1.0,0.0,0.009351324720161008,0.009351324720161008,1.086860845264969,1.105821807655194
2025-03-07,-0.02027394253624184,1.0,0.0,-0.02027394253624184,-0.02027394253624184,1.0650477567474346,1.083628176262463
2025-03-10,-0.005655618587440706,1.0,0.0,-0.005655618587440706,-0.005655618587440706,1.0590412541121716,1.0775168864586677
2025-03-11,0.0038730869211574905,1.0,0.0,0.0038730869211574905,0.0038730869211574905,1.0631509664415622,1.0816982952717908
2025-03-12,-0.007761232988895781,1.0,0.0,-0.007761232988895781,-0.007761232988895781,1.054931541782781,1.0733354776455444
2025-03-13,0.015757721623121956,1.0,0.0,0.015757721623121956,0.015757721623121956,1.0716865228179884,1.090382759729816
2025-03-14,0.005295687574710503,1.0,0.0,0.005295687574710503,0.005295687574710503,1.077376893735606,1.0961724027018327
2025-03-17,-0.006033422761249951,1.0,0.0,-0.006033422761249951,-0.006033422761249951,1.070896193523875,1.0895786426503693
2025-03-18,0.011593056686652644,1.0,0.0,0.011593056686652644,0.011593056686652644,1.0833833963708694,1.1022836925056283
2025-03-19,-0.004386613263039297,1.0,0.0,-0.004386613263039297,-0.004386613263039297,1.0786414206061878,1.0974589900289475
2025-03-20,-0.00029312619292389826,1.0,0.0,-0.00029312619292389826,-0.00029312619292389826,1.0783252888885424,1.097137343197169
2025-03-21,0.009337680919878015,1.0,0.0,0.009337680919878015,0.009337680919878015,1.088441503853196,1.1074300418140874
2025-03-24,0.00029040220909763194,1.0,0.0,0.00029040220909763194,0.00029040220909763194,1.0887576355708415,1.1077516886458663
2025-03-25,-0.013005224581107125,1.0,0.0,-0.013005224581107125,-0.013005224581107125,1.07468977413562,1.0934384046317136
2025-03-26,0.0004411440406810907,1.0,0.0,0.0004411440406810907,0.0004411440406810907,1.0751639717120882,1.0939208748793818
2025-03-27,-0.015407712212990806,1.0,0.0,-0.015407712212990806,-0.015407712212990806,1.0587251223945262,1.0771952396268891
2025-03-28,0.0047661692846235676,1.0,0.0,0.0047661692846235676,0.0047661692846235676,1.0637832298768528,1.0823415889353483
2025-03-31,-0.0008919281102672588,1.0,0.0,-0.0008919281102672588,-0.0008919281102672588,1.0628348347239167,1.0813766484400122
2025-04-01,0.007703741803384204,1.0,0.0,0.007703741803384204,0.007703741803384204,1.0710542593826977,1.0897394660662587
2025-04-02,-0.049616952145426066,1.0,0.0,-0.049616952145426066,-0.049616952145426066,1.0192086576888482,1.036989385654551
2025-04-03,-0.051881164681106484,1.0,0.0,-0.051881164681106484,-0.051881164681106484,0.9676791877126439,0.9845609520746216
2025-04-04,-0.012822796112727687,1.0,0.0,-0.012822796112727687,-0.012822796112727687,0.9553500507244723,0.9720167256352519
2025-04-07,-0.010979980548746913,1.0,0.0,-0.010979980548746913,-0.010979980548746913,0.9449177040421735,0.9614023801865547
2025-04-08,0.06789937766558,1.0,0.0,0.06789937766558,0.06789937766558,1.0113053647477124,1.028948214860083
2025-04-09,-0.0362866036100297,0.0,0.0005,-0.0005,-0.0362866036100297,1.010799838457443,0.9922804760373105
2025-04-10,0.016077516727532843,1.0,0.0005,0.015577516727532843,0.016077516727532843,1.026668868997886,1.0083628176262458
2025-04-11,0.00952388151125532,1.0,0.0,0.00952388151125532,0.00952388151125532,1.0364934514763346,1.0180122225796069
2025-04-14,0.00849462399142302,1.0,0.0,0.00849462399142302,0.00849462399142302,1.0453355757069385,1.0266966870376322
2025-04-15,-0.01546992177213189,1.0,0.0,-0.01546992177213189,-0.01546992177213189,1.0292887576588057,1.0109359922804755
2025-04-16,0.004444451760423976,1.0,0.0,0.004444451760423976,0.004444451760423976,1.033873562815415,1.0154390479253772
2025-04-17,-0.014677991660354623,1.0,0.0,-0.014677991660354623,-0.014677991660354623,1.018809203015127,1.0006432936635568
2025-04-21,0.01910277764071044,1.0,0.0,0.01910277764071044,0.01910277764071044,1.0384583679720245,1.0199421035702791
2025-04-22,0.014091355760509485,1.0,0.0,0.014091355760509485,0.014091355760509485,1.0531952416896972,1.0344162110003208
2025-04-23,0.013588844061896579,1.0,0.0,0.013588844061896579,0.013588844061896579,1.0676046293247556,1.0485686715985842
2025-04-24,0.0036742233618843254,1.0,0.0,0.0036742233618843254,0.0036742233618843254,1.071534462316135,1.0524284335799288
2025-04-25,0.0009164503467146166,1.0,0.0,0.0009164503467146166,0.0009164503467146166,1.07251692056398,1.0533933740752648
2025-04-28,0.005481134307012016,1.0,0.0,0.005481134307012016,0.005481134307012016,1.078411670051049,1.0591830170472816
2025-04-29,-0.003650749415262563,1.0,0.0,-0.003650749415262563,-0.003650749415262563,1.0744818370596698,1.055323255065937
2025-04-30,0.005167970158442377,1.0,0.0,0.005167970158442377,0.005167970158442377,1.0800491004641237,1.060791251206175
2025-05-01,0.013402805856553984,1.0,0.0,0.013402805856553984,0.013402805856553984,1.0946222311404892,1.0751045352203275
2025-05-02,-0.002846230668358469,1.0,0.0,-0.002846230668358469,-0.002846230668358469,1.0915111133556472,1.0720488903184298
2025-05-05,-0.005867766779458166,1.0,0.0,-0.005867766779458166,-0.005867766779458166,1.0851251347446556,1.065776777098745
2025-05-06,0.005267526665398168,1.0,0.0,0.005267526665398168,0.005267526665398168,1.0908561411904174,1.0714055966548723
2025-05-07,0.009263475774881179,1.0,0.0,0.009263475774881179,0.009263475774881179,1.1010082097514808,1.0813766484400122
2025-05-08,0.002079929437992027,1.0,0.0,0.002079929437992027,0.002079929437992027,1.1033006123297857,1.083628176262463
2025-05-09,0.02143673336493198,1.0,0.0,0.02143673336493198,0.02143673336493198,1.1272070963606775,1.1071083949823088
2025-05-12,0.002611346326518598,0.0,0.0005,-0.0005,0.002611346326518598,1.1266436336899037,1.1100032164683171
2025-05-13,0.0014478068259428454,1.0,0.0005,0.0009478068259428454,0.0014478068259428454,1.1277119804295082,1.1116114506272108
2025-05-14,0.00577035646133636,1.0,0.0,0.00577035646133636,0.00577035646133636,1.134238091427364,1.1180443872627848
2025-05-15,0.005737250390143593,1.0,0.0,0.005737250390143593,0.005737250390143593,1.1407642024252203,1.1244773238983592
2025-05-16,0.0,1.0,0.0,0.0,0.0,1.1407642024252203,1.1244773238983592
2025-05-20,-0.01382510499184243,0.0,0.0005,-0.0005,-0.01382510499184243,1.14019396289577,1.109038275972981
2025-05-21,-0.001160766235962276,1.0,0.0005,-0.001660766235962276,-0.001160766235962276,1.138301938799486,1.1077516886458663
2025-05-22,-0.008748962193235425,1.0,0.0,-0.008748962193235425,-0.008748962193235425,1.128386416684508,1.0981022836925052
2025-05-23,0.015405042330637565,1.0,0.0,0.015405042330637565,0.015405042330637565,1.145903839087636,1.1151495657767767
2025-05-26,0.006038839343846888,1.0,0.0,0.006038839343846888,0.006038839343846888,1.1528447045681207,1.1219041492441297
2025-05-27,-0.0045977092486295425,1.0,0.0,-0.0045977092486295425,-0.0045977092486295425,1.147556426106799,1.1167577999356704
2025-05-28,0.000575871020809439,1.0,0.0,0.000575871020809439,0.000575871020809439,1.1482174609144642,1.1174010935992278
2025-05-29,-0.0040380787492802685,1.0,0.0,-0.0040380787492802685,-0.0040380787492802685,1.1435902172608077,1.1128980379543258
2025-05-30,0.004901263956091581,1.0,0.0,0.004901263956091581,0.004901263956091581,1.1492090131259622,1.118366034094564
2025-06-02,0.0028719146677895165,1.0,0.0,0.0028719146677895165,0.0028719146677895165,1.1525141871642879,1.1215825024123507
2025-06-03,-0.0008607087032575666,1.0,0.0,-0.0008607087032575666,-0.0008607087032575666,1.1515226349527903,1.120617561917015
2025-06-04,-0.0034502621921527815,1.0,0.0,-0.0034502621921527815,-0.0034502621921527815,1.147556426106799,1.1167577999356701
2025-06-05,0.008460651315331611,1.0,0.0,0.008460651315331611,0.008460651315331611,1.1573066895198607,1.126246381473142
2025-06-06,-0.0004284796180673653,1.0,0.0,-0.0004284796180673653,-0.0004284796180673653,1.1568109134141118,1.125763911225474
2025-06-09,0.0034227072775021385,1.0,0.0,0.0034227072775021385,0.0034227072775021385,1.1607771222601029,1.1296236732068183
2025-06-10,-0.0011396012629335626,1.0,0.0,-0.0011396012629335626,-0.0011396012629335626,1.1594550526447724,1.1283370858797037
2025-06-11,0.0011396012629335743,1.0,0.0,0.0011396012629335743,0.0011396012629335743,1.1607771222601029,1.1296236732068183
2025-06-12,-0.011454878974766478,1.0,0.0,-0.011454878974766478,-0.011454878974766478,1.1475564261067988,1.1167577999356701
2025-06-13,0.005743841179252093,0.0,0.0005,-0.0005,0.005743841179252093,1.1469827913143942,1.1231907365712444
2025-06-16,-0.004017222045264469,1.0,0.0005,-0.004517222045264469,-0.004017222045264469,1.1418133000243522,1.1186876809263424
2025-06-17,0.004303549892603539,1.0,0.0,0.004303549892603539,0.004303549892603539,1.1467377392136462,1.123512383403023
2025-06-18,-0.0014324597779615973,1.0,0.0,-0.0014324597779615973,-0.0014324597779615973,1.1450962594838816,1.1219041492441295
2025-06-19,-0.0011474470564767983,1.0,0.0,-0.0011474470564767983,-0.0011474470564767983,1.14378307570007,1.1206175619170147
2025-06-20,0.008004616782613598,1.0,0.0,0.008004616782613598,0.008004616782613598,1.1529753621867522,1.1296236732068183
2025-06-23,0.009634531879146103,1.0,0.0,0.009634531879146103,0.009634531879146103,1.1641374243491527,1.1405596654872945
2025-06-24,-0.01105923649397511,1.0,0.0,-0.01105923649397511,-0.01105923649397511,1.1513338824569876,1.128015439047925
2025-06-25,0.003984069014874513,1.0,0.0,0.003984069014874513,0.003984069014874513,1.155930025700329,1.1325184946928268
2025-06-26,0.007920833491444058,1.0,0.0,0.007920833491444058,0.007920833491444058,1.1651223121870118,1.1415246059826307
2025-06-27,-0.0005636978728747042,1.0,0.0,-0.0005636978728747042,-0.0005636978728747042,1.1644657202951056,1.1408813123190733
2025-06-30,0.001690141247405221,1.0,0.0,0.001690141247405221,0.001690141247405221,1.1664354959708234,1.1428111933097456
2025-07-02,0.006172859107081016,1.0,0.0,0.006172859107081016,0.006172859107081016,1.1736580067817883,1.1498874236088772
2025-07-03,0.0013976242666379351,1.0,0.0,0.0013976242666379351,0.0013976242666379351,1.175299486511553,1.1514956577677706
2025-07-04,-0.005040615545139051,1.0,0.0,-0.005040615545139051,-0.005040615545139051,1.1693901594843998,1.145706014795754
2025-07-07,0.0016830298502931785,0.0,0.0005,-0.0005,0.0016830298502931785,1.1688056105540685,1.1476358957864263
2025-07-08,0.005589729478786812,1.0,0.0005,0.005089729478786812,0.005589729478786812,1.174769679799502,1.1540688324220005
2025-07-09,0.0011142062434035577,1.0,0.0,0.0011142062434035577,0.0011142062434035577,1.1760793449943732,1.1553554197491154
2025-07-10,-0.003625718656064464,1.0,0.0,-0.003625718656064464,-0.003625718656064464,1.1718229331110417,1.1511740109359923
2025-07-11,0.0032080367843464828,1.0,0.0,0.0032080367843464828,0.0032080367843464828,1.1755882205462966,1.1548729495014474
2025-07-14,-0.004326292422264218,1.0,0.0,-0.004326292422264218,-0.004326292422264218,1.1705132679161705,1.1498874236088774
2025-07-15,0.0015372793188863979,1.0,0.0,0.0015372793188863979,0.0015372793188863979,1.1723140575591184,1.1516564811836603
2025-07-16,0.009035996700645865,1.0,0.0,0.009035996700645865,0.009035996700645865,1.1829550872674472,1.1621100032164684
2025-07-17,-0.002632856783144621,1.0,0.0,-0.002632856783144621,-0.002632856783144621,1.179844632429628,1.1590543583145705
2025-07-18,0.0,1.0,0.0,0.0,0.0,1.179844632429628,1.1590543583145705
2025-07-21,-0.0018054306688717408,1.0,0.0,-0.0018054306688717408,-0.0018054306688717408,1.1777164264879623,1.156963653908009
2025-07-22,0.009407927718712007,1.0,0.0,0.009407927718712007,0.009407927718712007,1.188848580644368,1.1678996461884852
2025-07-23,0.0008258775417807771,1.0,0.0,0.0008258775417807771,0.0008258775417807771,1.1898308295405216,1.1688645866838214
2025-07-24,0.005488487981835521,1.0,0.0,0.005488487981835521,0.005488487981835521,1.1963791555148777,1.1752975233193956
2025-07-25,-0.003838776307165713,1.0,0.0,-0.003838776307165713,-0.003838776307165713,1.1917953273328283,1.1707944676744937
2025-07-28,0.0016469946078219973,1.0,0.0,0.0016469946078219973,0.0016469946078219973,1.1937598251251351,1.172724348665166
2025-07-29,-0.0005486968587594838,1.0,0.0,-0.0005486968587594838,-0.0005486968587594838,1.1931049925276995,1.1720810550016083
2025-07-30,-0.0044004471448215975,1.0,0.0,-0.0044004471448215975,-0.0044004471448215975,1.1878663317482148,1.1669347056931492
2025-07-31,-0.013877547166362745,1.0,0.0,-0.013877547166362745,-0.013877547166362745,1.1714955168123242,1.1508523641042139
2025-08-01,0.013326127246131872,0.0,0.0005,-0.0005,0.013326127246131872,1.1709099154664544,1.1662914120295917
2025-08-05,0.005774799493883958,1.0,0.0005,0.005274799493883958,0.005774799493883958,1.1771025485865723,1.1730459954969448
2025-08-06,0.0008222557678569557,1.0,0.0,0.0008222557678569557,0.0008222557678569557,1.1780708259777868,1.1740109359922808
2025-08-07,0.004646721494788816,1.0,0.0,0.004646721494788816,0.004646721494788816,1.1835577311946697,1.1794789321325188
2025-08-08,-0.0005455537505742054,1.0,0.0,-0.0005455537505742054,-0.0005455537505742054,1.1829122129338598,1.1788356384689613
2025-08-11,0.010584981445318154,1.0,0.0,0.010584981445318154,0.010584981445318154,1.19549981901965,1.191379864908331
2025-08-12,0.0037725725153194283,1.0,0.0,0.0037725725153194283,0.0037725725153194283,1.2000184468453183,1.195882920553233
2025-08-13,0.000806560065233166,1.0,0.0,0.000806560065233166,0.000806560065233166,1.2009867242365329,1.196847861048569
2025-08-14,0.0,1.0,0.0,0.0,0.0,1.2009867242365329,1.196847861048569
2025-08-15,0.0,1.0,0.0,0.0,0.0,1.2009867242365329,1.196847861048569
2025-08-18,-0.0005376344215525309,1.0,0.0,-0.0005376344215525309,-0.0005376344215525309,1.200341205975723,1.1962045673850117
2025-08-19,0.00026885334212223554,1.0,0.0,0.00026885334212223554,0.00026885334212223554,1.200663965106128,1.1965262142167903
2025-08-20,0.0005374899350037816,1.0,0.0,0.0005374899350037816,0.0005374899350037816,1.2013094833669378,1.1971695078803477
2025-08-21,0.010689572658779654,1.0,0.0,0.010689572658779654,0.010689572658779654,1.2142198485831326,1.2100353811514961
2025-08-22,-0.0053305030269407,1.0,0.0,-0.0053305030269407,-0.0053305030269407,1.2077646659750352,1.203602444515922
2025-08-25,0.0018689099018770303,1.0,0.0,0.0018689099018770303,0.0018689099018770303,1.2100239798878691,1.2058539723383728
2025-08-26,-0.00160170883148316,1.0,0.0,-0.00160170883148316,-0.00160170883148316,1.2080874251054399,1.2039240913477005
2025-08-27,0.0010680908892584384,1.0,0.0,0.0010680908892584384,0.0010680908892584384,1.2093784616270593,1.2052106786748153
2025-08-28,-0.004547286155826233,1.0,0.0,-0.004547286155826233,-0.004547286155826233,1.2038915564101764,1.1997426825345772
2025-08-29,-0.0018784387651443037,1.0,0.0,-0.0018784387651443037,-0.0018784387651443037,1.2016322424973425,1.1974911547121263
2025-09-02,0.0040209141427914805,0.0,0.0005,-0.0005,0.0040209141427914805,1.2010315765550932,1.202315857188807
2025-09-03,0.008259005251627134,1.0,0.0005,0.0077590052516271334,0.008259005251627134,1.2103866328977622,1.212286908973947
2025-09-04,0.003707631365893944,1.0,0.0,0.003707631365893944,0.003707631365893944,1.214882629942222,1.216789964618849
2025-09-05,0.0018486734434427757,1.0,0.0,0.0018486734434427757,0.0018486734434427757,1.2171306284644519,1.2190414924412998
2025-09-08,0.003161224971902572,1.0,0.0,0.003161224971902572,0.003161224971902572,1.220984340216846,1.2229012544226445
2025-09-09,0.002889036809189296,1.0,0.0,0.002889036809189296,0.002889036809189296,1.2245169093232071,1.2264393695722102
2025-09-10,0.00731646848834082,1.0,0.0,0.00731646848834082,0.00731646848834082,1.2335089034121263,1.235445480862014
2025-09-11,-0.001824104740314814,1.0,0.0,-0.001824104740314814,-0.001824104740314814,1.2312609048898968,1.233193953039563
2025-09-12,,0.0,0.0005,,,1.2312609048898968,1.233193953039563
