mean_fit_time,std_fit_time,mean_score_time,std_score_time,param_hgb__learning_rate,param_hgb__max_depth,param_hgb__max_leaf_nodes,param_hgb__min_samples_leaf,params,split0_test_rmse,split1_test_rmse,split2_test_rmse,split3_test_rmse,split4_test_rmse,mean_test_rmse,std_test_rmse,rank_test_rmse,split0_test_mae,split1_test_mae,split2_test_mae,split3_test_mae,split4_test_mae,mean_test_mae,std_test_mae,rank_test_mae,split0_test_r2,split1_test_r2,split2_test_r2,split3_test_r2,split4_test_r2,mean_test_r2,std_test_r2,rank_test_r2
0.09798827171325683,0.008294328198290088,0.0034316062927246095,0.000891642906069906,0.03,3,15,10,"{'hgb__learning_rate': 0.03, 'hgb__max_depth': 3, 'hgb__max_leaf_nodes': 15, 'hgb__min_samples_leaf': 10}",-0.011138366019422358,-0.016584494714536442,-0.009717888038581255,-0.015145331731066483,-0.014566781817163693,-0.013430572464154047,0.002577472895219117,4,-0.008528696476255712,-0.011270315593182293,-0.0070015792038095334,-0.010011517535916602,-0.010583131252450789,-0.009479048012322985,0.0015331133604653744,1,-0.0053690379753881246,0.015607577570983855,-0.04791216356724082,-0.040876811270350366,-0.007570898213381971,-0.017224266691075484,0.023718574359654278,4
0.08990802764892578,0.00649075273851907,0.0029941558837890624,0.00082470039847298,0.03,3,15,20,"{'hgb__learning_rate': 0.03, 'hgb__max_depth': 3, 'hgb__max_leaf_nodes': 15, 'hgb__min_samples_leaf': 20}",-0.011158886537351025,-0.01661012754595525,-0.009874667941560512,-0.014994974369422794,-0.014664055503237376,-0.013460542379505391,0.0025250317697735137,7,-0.00852892652984374,-0.01130417823004588,-0.007074689757609248,-0.009926757631851305,-0.010828060176434704,-0.009532522465156975,0.0015505321600620845,4,-0.00907688840506049,0.012562291572818518,-0.08199710771926916,-0.020312502881675742,-0.021072491260006876,-0.02397933973863875,0.03144942205103207,7
0.08338041305541992,0.005043506575879521,0.004489803314208984,0.0005964166369040824,0.03,3,15,50,"{'hgb__learning_rate': 0.03, 'hgb__max_depth': 3, 'hgb__max_leaf_nodes': 15, 'hgb__min_samples_leaf': 50}",-0.011280559549235191,-0.01665531678258625,-0.009774493655779403,-0.0148534138988533,-0.014512170138324834,-0.013415190804955795,0.002513228680661393,1,-0.0086358729488046,-0.011345088152886474,-0.007060527404151788,-0.009985301658252756,-0.01070453490880597,-0.009546265014580318,0.0015347841663627224,7,-0.031202176112930635,0.007182169779939018,-0.06015566217480828,-0.001138859919266988,-3.018087015904669e-05,-0.017068941859445186,0.02525239426436592,1
0.0993865966796875,0.005987481207078717,0.0039273262023925785,0.0010697253961151206,0.03,3,31,10,"{'hgb__learning_rate': 0.03, 'hgb__max_depth': 3, 'hgb__max_leaf_nodes': 31, 'hgb__min_samples_leaf': 10}",-0.011138366019422358,-0.016584494714536442,-0.009717888038581255,-0.015145331731066483,-0.014566781817163693,-0.013430572464154047,0.002577472895219117,4,-0.008528696476255712,-0.011270315593182293,-0.0070015792038095334,-0.010011517535916602,-0.010583131252450789,-0.009479048012322985,0.0015331133604653744,1,-0.0053690379753881246,0.015607577570983855,-0.04791216356724082,-0.040876811270350366,-0.007570898213381971,-0.017224266691075484,0.023718574359654278,4
0.10656347274780273,0.017198584033060724,0.0037387847900390626,0.0007645632124149707,0.03,3,31,20,"{'hgb__learning_rate': 0.03, 'hgb__max_depth': 3, 'hgb__max_leaf_nodes': 31, 'hgb__min_samples_leaf': 20}",-0.011158886537351025,-0.01661012754595525,-0.009874667941560512,-0.014994974369422794,-0.014664055503237376,-0.013460542379505391,0.0025250317697735137,7,-0.00852892652984374,-0.01130417823004588,-0.007074689757609248,-0.009926757631851305,-0.010828060176434704,-0.009532522465156975,0.0015505321600620845,4,-0.00907688840506049,0.012562291572818518,-0.08199710771926916,-0.020312502881675742,-0.021072491260006876,-0.02397933973863875,0.03144942205103207,7
0.08765430450439453,0.012766951077973354,0.00454416275024414,0.0006902889209177205,0.03,3,31,50,"{'hgb__learning_rate': 0.03, 'hgb__max_depth': 3, 'hgb__max_leaf_nodes': 31, 'hgb__min_samples_leaf': 50}",-0.011280559549235191,-0.01665531678258625,-0.009774493655779403,-0.0148534138988533,-0.014512170138324834,-0.013415190804955795,0.002513228680661393,1,-0.0086358729488046,-0.011345088152886474,-0.007060527404151788,-0.009985301658252756,-0.01070453490880597,-0.009546265014580318,0.0015347841663627224,7,-0.031202176112930635,0.007182169779939018,-0.06015566217480828,-0.001138859919266988,-3.018087015904669e-05,-0.017068941859445186,0.02525239426436592,1
0.09761247634887696,0.00873007016408129,0.004032278060913086,0.0007840838951896633,0.03,3,63,10,"{'hgb__learning_rate': 0.03, 'hgb__max_depth': 3, 'hgb__max_leaf_nodes': 63, 'hgb__min_samples_leaf': 10}",-0.011138366019422358,-0.016584494714536442,-0.009717888038581255,-0.015145331731066483,-0.014566781817163693,-0.013430572464154047,0.002577472895219117,4,-0.008528696476255712,-0.011270315593182293,-0.0070015792038095334,-0.010011517535916602,-0.010583131252450789,-0.009479048012322985,0.0015331133604653744,1,-0.0053690379753881246,0.015607577570983855,-0.04791216356724082,-0.040876811270350366,-0.007570898213381971,-0.017224266691075484,0.023718574359654278,4
0.11562142372131348,0.01242999823173993,0.0066105365753173825,0.002346145457852444,0.03,3,63,20,"{'hgb__learning_rate': 0.03, 'hgb__max_depth': 3, 'hgb__max_leaf_nodes': 63, 'hgb__min_samples_leaf': 20}",-0.011158886537351025,-0.01661012754595525,-0.009874667941560512,-0.014994974369422794,-0.014664055503237376,-0.013460542379505391,0.0025250317697735137,7,-0.00852892652984374,-0.01130417823004588,-0.007074689757609248,-0.009926757631851305,-0.010828060176434704,-0.009532522465156975,0.0015505321600620845,4,-0.00907688840506049,0.012562291572818518,-0.08199710771926916,-0.020312502881675742,-0.021072491260006876,-0.02397933973863875,0.03144942205103207,7
0.08214001655578614,0.0014620878685073454,0.0035628795623779295,0.0006677554491629921,0.03,3,63,50,"{'hgb__learning_rate': 0.03, 'hgb__max_depth': 3, 'hgb__max_leaf_nodes': 63, 'hgb__min_samples_leaf': 50}",-0.011280559549235191,-0.01665531678258625,-0.009774493655779403,-0.0148534138988533,-0.014512170138324834,-0.013415190804955795,0.002513228680661393,1,-0.0086358729488046,-0.011345088152886474,-0.007060527404151788,-0.009985301658252756,-0.01070453490880597,-0.009546265014580318,0.0015347841663627224,7,-0.031202176112930635,0.007182169779939018,-0.06015566217480828,-0.001138859919266988,-3.018087015904669e-05,-0.017068941859445186,0.02525239426436592,1
0.1789468765258789,0.015548615055413401,0.005107307434082031,0.001531594409726755,0.03,5,15,10,"{'hgb__learning_rate': 0.03, 'hgb__max_depth': 5, 'hgb__max_leaf_nodes': 15, 'hgb__min_samples_leaf': 10}",-0.011196601564284606,-0.01653394125982582,-0.010031508190548733,-0.016891446283782405,-0.014980284645954288,-0.013926756388879172,0.0028044045644501324,44,-0.008504518640234512,-0.011252984268960882,-0.0071453530145427335,-0.010798153765792422,-0.010943633949992326,-0.009728928727904576,0.001619601171887654,25,-0.01590941159842152,0.02159975179436202,-0.11664098285186753,-0.294718715416862,-0.0655860240389805,-0.0942510764223539,0.11051615109836276,40
0.16257762908935547,0.029374615412633562,0.004492902755737304,0.0012560635905221797,0.03,5,15,20,"{'hgb__learning_rate': 0.03, 'hgb__max_depth': 5, 'hgb__max_leaf_nodes': 15, 'hgb__min_samples_leaf': 20}",-0.011182791864911605,-0.016585056801734353,-0.010022944414763174,-0.01493715174331579,-0.014912282473249166,-0.013528045459594818,0.0024913032225169548,15,-0.008496016508794333,-0.011315750331014033,-0.007134365120908752,-0.009908455120099408,-0.011124951244133197,-0.009595907664989944,0.0015913812381884163,12,-0.01340494599444253,0.015540849730980577,-0.11473527115541149,-0.012458751822217673,-0.05593364458758865,-0.03619835276573595,0.04542594503944991,15
0.14082436561584472,0.01951066213999931,0.0038630485534667967,0.0008571224968342395,0.03,5,15,50,"{'hgb__learning_rate': 0.03, 'hgb__max_depth': 5, 'hgb__max_leaf_nodes': 15, 'hgb__min_samples_leaf': 50}",-0.0113313213261794,-0.01673069021316651,-0.009942672431573074,-0.01488392166196215,-0.014584092243902867,-0.0134945395753568,0.002485375301694953,10,-0.008655386415572383,-0.011414555084176561,-0.007150186065334123,-0.01002736828212506,-0.010843726165607354,-0.009618244402563095,0.0015436532916647948,16,-0.040503741451661135,-0.0018241328469572604,-0.0969513377150486,-0.005255606865011142,-0.009967013666299485,-0.030900366508995525,0.035766581972439745,10
0.19109439849853516,0.020904665664010603,0.004623126983642578,0.0011891697463577249,0.03,5,31,10,"{'hgb__learning_rate': 0.03, 'hgb__max_depth': 5, 'hgb__max_leaf_nodes': 31, 'hgb__min_samples_leaf': 10}",-0.011169683950911986,-0.01657920258836956,-0.009987151450213456,-0.017426210284836353,-0.01508777867166821,-0.014050005389199913,0.002955523813905443,52,-0.008476864537633709,-0.011257247607244808,-0.007129271535632037,-0.01101338215330415,-0.011091164950555885,-0.009793586156874118,0.0016820372209651016,31,-0.011030612315317656,0.016235718229394625,-0.10678781869719267,-0.37799503836359993,-0.08093354263914221,-0.11210225875717157,0.14027459957946886,50
0.16203784942626953,0.02365270311755391,0.005764198303222656,0.002265211968479737,0.03,5,31,20,"{'hgb__learning_rate': 0.03, 'hgb__max_depth': 5, 'hgb__max_leaf_nodes': 31, 'hgb__min_samples_leaf': 20}",-0.011182791864911605,-0.016585056801734353,-0.010030579825513091,-0.01505036030574433,-0.014764829803821385,-0.013522723720344954,0.002486955368771821,13,-0.008496016508794333,-0.011315750331014033,-0.0071489836238260215,-0.009992452565553511,-0.010979103004579688,-0.009586461206753518,0.0015636551820871402,10,-0.01340494599444253,0.015540849730980577,-0.11643431353399625,-0.027863743358008453,-0.03515473929997759,-0.03546337849108885,0.04405030709261177,13
0.13451795578002929,0.004509934076264178,0.006884622573852539,0.003305614348814977,0.03,5,31,50,"{'hgb__learning_rate': 0.03, 'hgb__max_depth': 5, 'hgb__max_leaf_nodes': 31, 'hgb__min_samples_leaf': 50}",-0.0113313213261794,-0.01673069021316651,-0.009947557464154553,-0.014884540301182286,-0.014584092243902867,-0.013495640309717121,0.0024840485993075766,11,-0.008655386415572383,-0.011414555084176561,-0.0071560107038525595,-0.010025408202033702,-0.010843726165607354,-0.009619017314248511,0.0015416878594091115,17,-0.040503741451661135,-0.0018241328469572604,-0.09802951050326714,-0.005339174016599779,-0.009967013666299485,-0.03113271449695696,0.03615324063647708,11
0.18388013839721679,0.013709018651955313,0.004577922821044922,0.0012971694162106117,0.03,5,63,10,"{'hgb__learning_rate': 0.03, 'hgb__max_depth': 5, 'hgb__max_leaf_nodes': 63, 'hgb__min_samples_leaf': 10}",-0.011169683950911986,-0.01657920258836956,-0.009987151450213456,-0.017426210284836353,-0.01508777867166821,-0.014050005389199913,0.002955523813905443,52,-0.008476864537633709,-0.011257247607244808,-0.007129271535632037,-0.01101338215330415,-0.011091164950555885,-0.009793586156874118,0.0016820372209651016,31,-0.011030612315317656,0.016235718229394625,-0.10678781869719267,-0.37799503836359993,-0.08093354263914221,-0.11210225875717157,0.14027459957946886,50
0.15208473205566406,0.019881064080906462,0.004149866104125976,0.0008485789753446985,0.03,5,63,20,"{'hgb__learning_rate': 0.03, 'hgb__max_depth': 5, 'hgb__max_leaf_nodes': 63, 'hgb__min_samples_leaf': 20}",-0.011182791864911605,-0.016585056801734353,-0.010030579825513091,-0.01505036030574433,-0.014764829803821385,-0.013522723720344954,0.002486955368771821,13,-0.008496016508794333,-0.011315750331014033,-0.0071489836238260215,-0.009992452565553511,-0.010979103004579688,-0.009586461206753518,0.0015636551820871402,10,-0.01340494599444253,0.015540849730980577,-0.11643431353399625,-0.027863743358008453,-0.03515473929997759,-0.03546337849108885,0.04405030709261177,13
0.13050179481506347,0.00935161839844525,0.004084491729736328,0.0006433127533458153,0.03,5,63,50,"{'hgb__learning_rate': 0.03, 'hgb__max_depth': 5, 'hgb__max_leaf_nodes': 63, 'hgb__min_samples_leaf': 50}",-0.0113313213261794,-0.01673069021316651,-0.009947557464154553,-0.014884540301182286,-0.014584092243902867,-0.013495640309717121,0.0024840485993075766,11,-0.008655386415572383,-0.011414555084176561,-0.0071560107038525595,-0.010025408202033702,-0.010843726165607354,-0.009619017314248511,0.0015416878594091115,17,-0.040503741451661135,-0.0018241328469572604,-0.09802951050326714,-0.005339174016599779,-0.009967013666299485,-0.03113271449695696,0.03615324063647708,11
0.23226962089538575,0.007618365548377951,0.00506124496459961,0.0008973304997218014,0.03,,15,10,"{'hgb__learning_rate': 0.03, 'hgb__max_depth': None, 'hgb__max_leaf_nodes': 15, 'hgb__min_samples_leaf': 10}",-0.011236003500000348,-0.01645845191195433,-0.009820446942555763,-0.01730639966910347,-0.015309857731453495,-0.01402623195101348,0.0029596246953835165,48,-0.0085615662624823,-0.011199931762146285,-0.007036216756954994,-0.011070348616442283,-0.011395089790436568,-0.009852630637692487,0.001747928602784258,43,-0.023072161781950484,0.030513559608260743,-0.0701474137991358,-0.35911188708837805,-0.11298854480424358,-0.10696128957308944,0.1348393362497989,45
0.21932802200317383,0.005677946999115164,0.003904438018798828,0.000642140378652936,0.03,,15,20,"{'hgb__learning_rate': 0.03, 'hgb__max_depth': None, 'hgb__max_leaf_nodes': 15, 'hgb__min_samples_leaf': 20}",-0.011291473717425279,-0.01674691207727865,-0.010336125157363985,-0.014994793991941107,-0.015198595894096532,-0.01371358016762111,0.0024625874623268053,23,-0.008554312344178043,-0.011397333991345696,-0.007292141531824986,-0.00996542437968597,-0.011469831393488911,-0.00973580872810472,0.0016240484736183608,27,-0.03319855909729941,-0.0037677864968659325,-0.185486514301064,-0.020287955951706182,-0.09687040912542466,-0.06792224499447204,0.06670818244287845,26
0.22857842445373536,0.018580984460718507,0.012820959091186523,0.01420890852833515,0.03,,15,50,"{'hgb__learning_rate': 0.03, 'hgb__max_depth': None, 'hgb__max_leaf_nodes': 15, 'hgb__min_samples_leaf': 50}",-0.011746574914036174,-0.016836486475002452,-0.010081286352448007,-0.014863470314136588,-0.014653088234078357,-0.013636181257940316,0.0024079111957026338,22,-0.009044685238891154,-0.011518465063579625,-0.007232895911506674,-0.009952891724310934,-0.010895821776592225,-0.009728951942976122,0.0015041680808762002,26,-0.11816280437113869,-0.014534231188021218,-0.1277504280805355,-0.0024949490170596,-0.01954573910080959,-0.056497630351512916,0.05463005326512612,22
0.4322971820831299,0.018575606678355,0.006278371810913086,0.0008061285174790886,0.03,,31,10,"{'hgb__learning_rate': 0.03, 'hgb__max_depth': None, 'hgb__max_leaf_nodes': 31, 'hgb__min_samples_leaf': 10}",-0.01156932942513671,-0.016520158532680827,-0.010162593119872583,-0.017056734678958397,-0.015653309776933116,-0.014192425106716328,0.0027884394576384486,63,-0.008732609405339093,-0.011386922377325788,-0.007235259594094554,-0.010865150897922485,-0.011525923838068572,-0.009949173222550099,0.0016874616997988694,50,-0.0846732019774814,0.023230264795004674,-0.14601466520056028,-0.3201811909414247,-0.16348488162125774,-0.1382247349891439,0.11201999243571438,60
0.43113322257995607,0.0216921473149372,0.006624460220336914,0.000621483401137172,0.03,,31,20,"{'hgb__learning_rate': 0.03, 'hgb__max_depth': None, 'hgb__max_leaf_nodes': 31, 'hgb__min_samples_leaf': 20}",-0.011823112637075119,-0.017134744034861024,-0.010372034743127579,-0.015052239897860887,-0.015538052825278724,-0.013984036827640666,0.0024979644449700028,47,-0.00896598286508578,-0.011672552306048772,-0.0073490300984284055,-0.010030199384544938,-0.01160665723014696,-0.00992488437685097,0.001640019008707451,48,-0.13278161025271307,-0.05079746349302794,-0.19373801620454856,-0.028120492723226143,-0.14641423936807563,-0.11037036440831827,0.061750404280631464,49
0.39310879707336427,0.09363245155561742,0.0067961692810058595,0.0005959340065756637,0.03,,31,50,"{'hgb__learning_rate': 0.03, 'hgb__max_depth': None, 'hgb__max_leaf_nodes': 31, 'hgb__min_samples_leaf': 50}",-0.011862655923644414,-0.01692328884946006,-0.01029949710461922,-0.014919740578508173,-0.014762012074922445,-0.013753438906230864,0.0023634805836355143,28,-0.009169604207640831,-0.011626903803535343,-0.007394825139711769,-0.00997119699126332,-0.010967403970841403,-0.009825986822598533,0.0014770650857134637,33,-0.14037162778927637,-0.025022285471585803,-0.17709940120250445,-0.010099826560595382,-0.03475967790854684,-0.07747056378650177,0.06781785458503704,33
0.8444650650024415,0.015567145310723106,0.007551145553588867,0.0006963417837173413,0.03,,63,10,"{'hgb__learning_rate': 0.03, 'hgb__max_depth': None, 'hgb__max_leaf_nodes': 63, 'hgb__min_samples_leaf': 10}",-0.012311288447960995,-0.016738443926593544,-0.010451206642795472,-0.01610339458772523,-0.01606965453547204,-0.014334797628109455,0.0024936738987349255,67,-0.009341547481793914,-0.011572581762622462,-0.007328770756532195,-0.01055976155201767,-0.011763373691459269,-0.0101132070488851,0.0016371181619714466,60,-0.22825785258586584,-0.002752923842319177,-0.2120316717851911,-0.17672944947249403,-0.22620043356462705,-0.16919446625009943,0.08524406501828895,67
0.7570012092590332,0.11186021098770088,0.00808091163635254,0.001536417327843651,0.03,,63,20,"{'hgb__learning_rate': 0.03, 'hgb__max_depth': None, 'hgb__max_leaf_nodes': 63, 'hgb__min_samples_leaf': 20}",-0.01219128434336328,-0.017286502465606576,-0.010434556719133993,-0.015232319624035798,-0.01565907457077533,-0.014160747544582995,0.0024870415273494416,61,-0.009309120541176143,-0.011886199610013923,-0.0073856520217636746,-0.010190535991963687,-0.011694879318183908,-0.010093277496620267,0.001657425422594465,56,-0.20442970261872384,-0.06949322649143874,-0.20817294793999852,-0.052867793457267664,-0.16434201479606392,-0.13986113706069853,0.06626371738396827,61
0.5823609352111816,0.21209278603192472,0.008203268051147461,0.0014281688423034087,0.03,,63,50,"{'hgb__learning_rate': 0.03, 'hgb__max_depth': None, 'hgb__max_leaf_nodes': 63, 'hgb__min_samples_leaf': 50}",-0.011862655923644414,-0.016913090821018276,-0.010281973974773798,-0.01502979992125374,-0.014841217380665333,-0.013785747604271112,0.002383974390401978,34,-0.009169604207640831,-0.011629626681221104,-0.007412801230276607,-0.01013851141346099,-0.011067153676522758,-0.00988353944182446,0.0014919131904434632,47,-0.14037162778927637,-0.023787294218324595,-0.1730974739356328,-0.025057320362886548,-0.04589343522320477,-0.08164143030586501,0.06267411862284959,34
0.09744548797607422,0.0019279879931270473,0.00448150634765625,0.0008999273216183195,0.05,3,15,10,"{'hgb__learning_rate': 0.05, 'hgb__max_depth': 3, 'hgb__max_leaf_nodes': 15, 'hgb__min_samples_leaf': 10}",-0.011286901672166349,-0.01662764104225617,-0.009828695287463883,-0.015964455995360435,-0.01504457456778655,-0.013750453713006677,0.0026945886375059963,25,-0.008577545424133763,-0.011283687541339675,-0.007066326240833696,-0.010439568365709199,-0.010976404890805829,-0.009668706492564433,0.0016047107133680789,19,-0.03236202095787388,0.010478911584729023,-0.07194583539172505,-0.15651162140711872,-0.07475186382830912,-0.06501848600005955,0.05528114034873605,23
0.09171857833862304,0.00788038181377832,0.004415750503540039,0.0010733051849302012,0.05,3,15,20,"{'hgb__learning_rate': 0.05, 'hgb__max_depth': 3, 'hgb__max_leaf_nodes': 15, 'hgb__min_samples_leaf': 20}",-0.011215035744056134,-0.016640912612244582,-0.010099863701077395,-0.015311981971893492,-0.014835913973522123,-0.013620741600558744,0.002515645948083337,19,-0.008508513100104958,-0.011313961954545352,-0.007178006334622168,-0.010094973322095161,-0.010978373494218846,-0.009614765641117297,0.0015581325044914968,13,-0.019257369126278512,0.008898682701447114,-0.13191059486236933,-0.06390921661528459,-0.0451460831000019,-0.050264916200497445,0.04762391340674853,16
0.08621659278869628,0.006749749560898562,0.0036786079406738283,0.0005372635883462722,0.05,3,15,50,"{'hgb__learning_rate': 0.05, 'hgb__max_depth': 3, 'hgb__max_leaf_nodes': 15, 'hgb__min_samples_leaf': 50}",-0.011534109062684044,-0.016790590344456624,-0.010093447088568144,-0.01495132784969053,-0.014679284004695098,-0.013609751670018887,0.00243861234625327,16,-0.008812637369285515,-0.011422624893170983,-0.007262318683442442,-0.010053647928152989,-0.010877154971941354,-0.009685676769198657,0.0014971221775396202,22,-0.07807914071509559,-0.00901054545545188,-0.13047280822793073,-0.014381412037457686,-0.023194343278696516,-0.05102764994292648,0.046746963772905666,19
0.1022946834564209,0.022471559550195214,0.004336500167846679,0.0010467937246226376,0.05,3,31,10,"{'hgb__learning_rate': 0.05, 'hgb__max_depth': 3, 'hgb__max_leaf_nodes': 31, 'hgb__min_samples_leaf': 10}",-0.011286901672166349,-0.01662764104225617,-0.009828695287463883,-0.015964455995360435,-0.01504457456778655,-0.013750453713006677,0.0026945886375059963,25,-0.008577545424133763,-0.011283687541339675,-0.007066326240833696,-0.010439568365709199,-0.010976404890805829,-0.009668706492564433,0.0016047107133680789,19,-0.03236202095787388,0.010478911584729023,-0.07194583539172505,-0.15651162140711872,-0.07475186382830912,-0.06501848600005955,0.05528114034873605,23
0.09520139694213867,0.008566392309570573,0.003301572799682617,0.0012251496950063054,0.05,3,31,20,"{'hgb__learning_rate': 0.05, 'hgb__max_depth': 3, 'hgb__max_leaf_nodes': 31, 'hgb__min_samples_leaf': 20}",-0.011215035744056134,-0.016640912612244582,-0.010099863701077395,-0.015311981971893492,-0.014835913973522123,-0.013620741600558744,0.002515645948083337,19,-0.008508513100104958,-0.011313961954545352,-0.007178006334622168,-0.010094973322095161,-0.010978373494218846,-0.009614765641117297,0.0015581325044914968,13,-0.019257369126278512,0.008898682701447114,-0.13191059486236933,-0.06390921661528459,-0.0451460831000019,-0.050264916200497445,0.04762391340674853,16
0.08811664581298828,0.0038932131081119764,0.0035372257232666017,0.0008277816486443897,0.05,3,31,50,"{'hgb__learning_rate': 0.05, 'hgb__max_depth': 3, 'hgb__max_leaf_nodes': 31, 'hgb__min_samples_leaf': 50}",-0.011534109062684044,-0.016790590344456624,-0.010093447088568144,-0.01495132784969053,-0.014679284004695098,-0.013609751670018887,0.00243861234625327,16,-0.008812637369285515,-0.011422624893170983,-0.007262318683442442,-0.010053647928152989,-0.010877154971941354,-0.009685676769198657,0.0014971221775396202,22,-0.07807914071509559,-0.00901054545545188,-0.13047280822793073,-0.014381412037457686,-0.023194343278696516,-0.05102764994292648,0.046746963772905666,19
0.09449152946472168,0.004321286796807312,0.003893756866455078,0.0007087158609432003,0.05,3,63,10,"{'hgb__learning_rate': 0.05, 'hgb__max_depth': 3, 'hgb__max_leaf_nodes': 63, 'hgb__min_samples_leaf': 10}",-0.011286901672166349,-0.01662764104225617,-0.009828695287463883,-0.015964455995360435,-0.01504457456778655,-0.013750453713006677,0.0026945886375059963,25,-0.008577545424133763,-0.011283687541339675,-0.007066326240833696,-0.010439568365709199,-0.010976404890805829,-0.009668706492564433,0.0016047107133680789,19,-0.03236202095787388,0.010478911584729023,-0.07194583539172505,-0.15651162140711872,-0.07475186382830912,-0.06501848600005955,0.05528114034873605,23
0.08700599670410156,0.010677801527922496,0.003985881805419922,0.0007177599302812344,0.05,3,63,20,"{'hgb__learning_rate': 0.05, 'hgb__max_depth': 3, 'hgb__max_leaf_nodes': 63, 'hgb__min_samples_leaf': 20}",-0.011215035744056134,-0.016640912612244582,-0.010099863701077395,-0.015311981971893492,-0.014835913973522123,-0.013620741600558744,0.002515645948083337,19,-0.008508513100104958,-0.011313961954545352,-0.007178006334622168,-0.010094973322095161,-0.010978373494218846,-0.009614765641117297,0.0015581325044914968,13,-0.019257369126278512,0.008898682701447114,-0.13191059486236933,-0.06390921661528459,-0.0451460831000019,-0.050264916200497445,0.04762391340674853,16
0.08404617309570313,0.0040795963108800435,0.003318119049072266,0.0005074113217327513,0.05,3,63,50,"{'hgb__learning_rate': 0.05, 'hgb__max_depth': 3, 'hgb__max_leaf_nodes': 63, 'hgb__min_samples_leaf': 50}",-0.011534109062684044,-0.016790590344456624,-0.010093447088568144,-0.01495132784969053,-0.014679284004695098,-0.013609751670018887,0.00243861234625327,16,-0.008812637369285515,-0.011422624893170983,-0.007262318683442442,-0.010053647928152989,-0.010877154971941354,-0.009685676769198657,0.0014971221775396202,22,-0.07807914071509559,-0.00901054545545188,-0.13047280822793073,-0.014381412037457686,-0.023194343278696516,-0.05102764994292648,0.046746963772905666,19
0.18355274200439453,0.016946895093371786,0.003931283950805664,0.0009509644512559182,0.05,5,15,10,"{'hgb__learning_rate': 0.05, 'hgb__max_depth': 5, 'hgb__max_leaf_nodes': 15, 'hgb__min_samples_leaf': 10}",-0.011344692090843513,-0.016628773173182988,-0.010096032193845915,-0.018990375651475076,-0.015395229063331857,-0.014491020434535868,0.0033120109017424834,76,-0.008597481660392441,-0.011303145198113988,-0.007227985875662865,-0.011446814686075597,-0.011366405458559221,-0.009988366575760823,0.0017497981218446018,54,-0.04296074331650179,0.01034415938962574,-0.13105194941420506,-0.636473075343583,-0.12543571909449347,-0.18511546555583153,0.2317846663898876,72
0.14922690391540527,0.026288316100414568,0.005060625076293945,0.0008392477765802345,0.05,5,15,20,"{'hgb__learning_rate': 0.05, 'hgb__max_depth': 5, 'hgb__max_leaf_nodes': 15, 'hgb__min_samples_leaf': 20}",-0.011289970001358332,-0.01659932161203782,-0.0102703784945368,-0.01583336911109382,-0.015559112769241152,-0.013910430397653583,0.002598567811959485,43,-0.008582076980500414,-0.011332665478063605,-0.007289569251463261,-0.010472380058006499,-0.011668633308215635,-0.009869065015249884,0.001676585696801333,46,-0.032923389732962605,0.01384665447505129,-0.1704530481791029,-0.1375969670110242,-0.14952399599554944,-0.09533014928871757,0.07236170942877407,41
0.1343075752258301,0.005630871663852893,0.003690958023071289,0.000501466540462698,0.05,5,15,50,"{'hgb__learning_rate': 0.05, 'hgb__max_depth': 5, 'hgb__max_leaf_nodes': 15, 'hgb__min_samples_leaf': 50}",-0.01169045534391859,-0.01689736769560865,-0.010230598313848304,-0.01496956947195095,-0.014930517540660786,-0.013743701673197457,0.0024254735144446232,24,-0.009016700025064835,-0.01154554940277192,-0.007328769043300526,-0.010186037808562021,-0.011133533178760043,-0.009842117891691869,0.0015287871241013921,34,-0.10750422184380648,-0.021884666969359978,-0.16140359359414336,-0.016858148655086724,-0.05851766134797298,-0.0732336584820739,0.05473552151952775,30
0.18437724113464354,0.026717772273738973,0.0037781238555908204,0.0008061174748969568,0.05,5,31,10,"{'hgb__learning_rate': 0.05, 'hgb__max_depth': 5, 'hgb__max_leaf_nodes': 31, 'hgb__min_samples_leaf': 10}",-0.011338517848787345,-0.016624328603727184,-0.010135063607678718,-0.019991963041030958,-0.016040624583541396,-0.01482609953695312,0.0036211569623400015,84,-0.00859706313440099,-0.011336052278891765,-0.00719620936738743,-0.011906212555660475,-0.011757210038063773,-0.010158549474880886,0.0019084157407451528,71,-0.0418258090730268,0.010873122800566293,-0.13981418223679398,-0.8136464638894345,-0.22177415459805072,-0.24123749739934794,0.2972010503846014,83
0.15205650329589843,0.022836516813673744,0.004017925262451172,0.0012258444266869852,0.05,5,31,20,"{'hgb__learning_rate': 0.05, 'hgb__max_depth': 5, 'hgb__max_leaf_nodes': 31, 'hgb__min_samples_leaf': 20}",-0.011303846251977995,-0.016628391734058293,-0.010222268984182565,-0.015636487862791267,-0.015383497167962348,-0.013834898400194496,0.0025653383408836884,35,-0.008595274278078416,-0.01132727736327667,-0.007271310658527791,-0.010465471325789281,-0.011552569930335639,-0.009842380711201559,0.0016543024401763197,35,-0.03546403635548301,0.010389561311233919,-0.15951322997300177,-0.10948178648780504,-0.12372110176693218,-0.08355811865439762,0.06195722399358387,35
0.13329439163208007,0.009511810994825813,0.006262731552124023,0.0013311352441425111,0.05,5,31,50,"{'hgb__learning_rate': 0.05, 'hgb__max_depth': 5, 'hgb__max_leaf_nodes': 31, 'hgb__min_samples_leaf': 50}",-0.01169045534391859,-0.01689736769560865,-0.010228463166715806,-0.01504456529737749,-0.01497836601746373,-0.013767843504216854,0.0024385265919711335,32,-0.009016700025064835,-0.01154554940277192,-0.0073252649222661755,-0.010233754231801128,-0.011189912373570586,-0.00986223619109493,0.0015417812877069862,44,-0.10750422184380648,-0.021884666969359978,-0.16091886949294243,-0.02707235602548974,-0.06531308759900134,-0.07653864038611999,0.052228102460639886,31
0.18004145622253417,0.02394783813261025,0.004454278945922851,0.000794846188110788,0.05,5,63,10,"{'hgb__learning_rate': 0.05, 'hgb__max_depth': 5, 'hgb__max_leaf_nodes': 63, 'hgb__min_samples_leaf': 10}",-0.011338517848787345,-0.016624328603727184,-0.010135063607678718,-0.019991963041030958,-0.016040624583541396,-0.01482609953695312,0.0036211569623400015,84,-0.00859706313440099,-0.011336052278891765,-0.00719620936738743,-0.011906212555660475,-0.011757210038063773,-0.010158549474880886,0.0019084157407451528,71,-0.0418258090730268,0.010873122800566293,-0.13981418223679398,-0.8136464638894345,-0.22177415459805072,-0.24123749739934794,0.2972010503846014,83
0.15437755584716797,0.024997938079203,0.011736202239990234,0.01619869653825388,0.05,5,63,20,"{'hgb__learning_rate': 0.05, 'hgb__max_depth': 5, 'hgb__max_leaf_nodes': 63, 'hgb__min_samples_leaf': 20}",-0.011303846251977995,-0.016628391734058293,-0.010222268984182565,-0.015636487862791267,-0.015383497167962348,-0.013834898400194496,0.0025653383408836884,35,-0.008595274278078416,-0.01132727736327667,-0.007271310658527791,-0.010465471325789281,-0.011552569930335639,-0.009842380711201559,0.0016543024401763197,35,-0.03546403635548301,0.010389561311233919,-0.15951322997300177,-0.10948178648780504,-0.12372110176693218,-0.08355811865439762,0.06195722399358387,35
0.13596796989440918,0.021153744547015213,0.004252481460571289,0.0006269452054702278,0.05,5,63,50,"{'hgb__learning_rate': 0.05, 'hgb__max_depth': 5, 'hgb__max_leaf_nodes': 63, 'hgb__min_samples_leaf': 50}",-0.01169045534391859,-0.01689736769560865,-0.010228463166715806,-0.01504456529737749,-0.01497836601746373,-0.013767843504216854,0.0024385265919711335,32,-0.009016700025064835,-0.01154554940277192,-0.0073252649222661755,-0.010233754231801128,-0.011189912373570586,-0.00986223619109493,0.0015417812877069862,44,-0.10750422184380648,-0.021884666969359978,-0.16091886949294243,-0.02707235602548974,-0.06531308759900134,-0.07653864038611999,0.052228102460639886,31
0.22874126434326172,0.008236388913060553,0.0045054912567138675,0.0009659027810792098,0.05,,15,10,"{'hgb__learning_rate': 0.05, 'hgb__max_depth': None, 'hgb__max_leaf_nodes': 15, 'hgb__min_samples_leaf': 10}",-0.011345121005573089,-0.01657145060507027,-0.010084785227956675,-0.02071039227196395,-0.015513536939965033,-0.014845057210105803,0.0038141630135877765,86,-0.00860357844069151,-0.011279171537249518,-0.007181284302363094,-0.012127007857634398,-0.01148044821514005,-0.010134298070615713,0.0019056306390489147,62,-0.04303960833602449,0.01715546589013317,-0.12853337242952145,-0.9463386314407332,-0.1427994765582392,-0.24871112457487704,0.3536466949229581,85
0.22544541358947753,0.01665338453401222,0.0037747859954833985,0.0004193583310767676,0.05,,15,20,"{'hgb__learning_rate': 0.05, 'hgb__max_depth': None, 'hgb__max_leaf_nodes': 15, 'hgb__min_samples_leaf': 20}",-0.01152501491214674,-0.016780560116875905,-0.010683499713339751,-0.015680838521213727,-0.015238646419980895,-0.013981711936711402,0.0024171897203946434,46,-0.00874636291843705,-0.01147497293408741,-0.007494571619033299,-0.01056620921140882,-0.011405999769901745,-0.009937623290573665,0.0015685851213987202,49,-0.07637977254676787,-0.007805396343735893,-0.2665087205282146,-0.11578448456273605,-0.10265885410053288,-0.11382744561639746,0.08495074137038258,53
0.22607030868530273,0.014260642543679074,0.005083227157592773,0.0009730606604463255,0.05,,15,50,"{'hgb__learning_rate': 0.05, 'hgb__max_depth': None, 'hgb__max_leaf_nodes': 15, 'hgb__min_samples_leaf': 50}",-0.012171723415816653,-0.017144448140084385,-0.010502617973680533,-0.014978387598631187,-0.01499846815908275,-0.013959129057459102,0.002341267144095788,45,-0.009432698884403797,-0.011740474081981785,-0.007486380830205212,-0.010178641341107807,-0.01114398248642631,-0.009996435524824982,0.0014839074800777454,55,-0.20056778607993953,-0.05198801955106802,-0.22398539650203997,-0.018056503092722664,-0.06817447379895247,-0.11255443580494454,0.08334379391518164,52
0.4430112361907959,0.006752197119354183,0.005774879455566406,0.0007350806565465518,0.05,,31,10,"{'hgb__learning_rate': 0.05, 'hgb__max_depth': None, 'hgb__max_leaf_nodes': 31, 'hgb__min_samples_leaf': 10}",-0.011768910231799518,-0.016778659773481863,-0.01008736564564068,-0.019974958586016424,-0.016562011744939552,-0.015034381196375606,0.003603379837602202,91,-0.008905743388041483,-0.011522994998684399,-0.007250199342814145,-0.012107950591351044,-0.012226501369433464,-0.010402677938064906,0.001983347240789553,78,-0.12241906892681609,-0.007577147957464669,-0.12911096728488136,-0.8105625292193648,-0.3024904901350518,-0.2744320407047157,0.28413407717173916,90
0.42851972579956055,0.014179223303611236,0.006949949264526367,0.0005524061113239562,0.05,,31,20,"{'hgb__learning_rate': 0.05, 'hgb__max_depth': None, 'hgb__max_leaf_nodes': 31, 'hgb__min_samples_leaf': 20}",-0.012356424058108476,-0.017280576291811976,-0.010767884239675975,-0.015560802105413444,-0.01639298045023579,-0.014471733429049134,0.0024883686012470035,71,-0.009391805869782633,-0.011722934608684621,-0.007542789519157962,-0.010477333328970134,-0.01236361207108461,-0.010299695079535992,0.0017170737048261043,75,-0.2372804323840103,-0.06876006299059267,-0.28659498757441293,-0.09876726491087329,-0.27603981780013864,-0.19348851313200557,0.09157572474900535,75
0.41191859245300294,0.09206075697661627,0.007065200805664062,0.0008913684679218461,0.05,,31,50,"{'hgb__learning_rate': 0.05, 'hgb__max_depth': None, 'hgb__max_leaf_nodes': 31, 'hgb__min_samples_leaf': 50}",-0.012417334235336705,-0.017226788095922305,-0.010659100334204799,-0.015044189268155695,-0.015153373333356155,-0.014100157053395132,0.002299958565393658,59,-0.009673436750267331,-0.011923476051015292,-0.007604880589063605,-0.010205874244626817,-0.011303642365968074,-0.010142262000188224,0.0014955718576524083,68,-0.24950868199048193,-0.06211708916571834,-0.26073032586878564,-0.027021014642790497,-0.09035276852771124,-0.13794597603909753,0.09781790681541301,59
0.8492000102996826,0.013217956028941397,0.007832908630371093,0.0006416375904719796,0.05,,63,10,"{'hgb__learning_rate': 0.05, 'hgb__max_depth': None, 'hgb__max_leaf_nodes': 63, 'hgb__min_samples_leaf': 10}",-0.012885938349700412,-0.017072128045896855,-0.010650319078992089,-0.018029370367337032,-0.017480511633436356,-0.015223653495072547,0.0029244696535017057,94,-0.009729398681304867,-0.011761752266325134,-0.007477191909285367,-0.011565762637242492,-0.012888966029299726,-0.010684614304691517,0.0018971457723563389,94,-0.34559583534688776,-0.04313157705613824,-0.2586539340179195,-0.47503686150237834,-0.4509640894240665,-0.3146764594694781,0.15628239244795675,93
0.7929287910461426,0.12063480347071368,0.009328413009643554,0.0013901459430013831,0.05,,63,20,"{'hgb__learning_rate': 0.05, 'hgb__max_depth': None, 'hgb__max_leaf_nodes': 63, 'hgb__min_samples_leaf': 20}",-0.012778569504818446,-0.017608863462261645,-0.010840045647682584,-0.015464685451317892,-0.01665370826129463,-0.014669174465475037,0.0025079712172863143,80,-0.009827667933458935,-0.01212629218811289,-0.007662928570114061,-0.010520803364156834,-0.012435399508770243,-0.01051461831292259,0.0017257442771300886,87,-0.3232655765026695,-0.10975324963081867,-0.30389710517746593,-0.08523535766547607,-0.3169530407584613,-0.2278208659469783,0.10687602231521628,79
0.6172030925750732,0.2348757171907984,0.008079099655151366,0.0009000860398974738,0.05,,63,50,"{'hgb__learning_rate': 0.05, 'hgb__max_depth': None, 'hgb__max_leaf_nodes': 63, 'hgb__min_samples_leaf': 50}",-0.012417334235336705,-0.017208843147275995,-0.010789522280317394,-0.015151359496012953,-0.015194055789193209,-0.014152222989627252,0.002269106043310692,60,-0.009673436750267331,-0.011920913536618314,-0.007759043349979493,-0.01040108371869758,-0.011327472077267003,-0.010216389886565945,0.0014496459173741923,73,-0.24950868199048193,-0.059905451173499324,-0.29177100277150436,-0.04170550349182478,-0.09621519558309122,-0.1478211670020803,0.10267890663669112,63
0.09986190795898438,0.0075266826817852045,0.004480314254760742,0.0008881981555507914,0.08,3,15,10,"{'hgb__learning_rate': 0.08, 'hgb__max_depth': 3, 'hgb__max_leaf_nodes': 15, 'hgb__min_samples_leaf': 10}",-0.011324303267259134,-0.01678009893807381,-0.009970797601964433,-0.016709840268201676,-0.015419838875111867,-0.014040975790122184,0.002845120619902798,49,-0.008601711277191186,-0.011350925772732433,-0.007192792131923065,-0.010748974058758048,-0.011339441271746463,-0.00984676890247024,0.0016672308793481173,37,-0.03921526767042827,-0.007750002233472664,-0.1031660811775017,-0.2670284008497039,-0.12903669160667186,-0.10923928870755568,0.09003295364819153,46
0.09234399795532226,0.007475817617682456,0.004222059249877929,0.000326265580396604,0.08,3,15,20,"{'hgb__learning_rate': 0.08, 'hgb__max_depth': 3, 'hgb__max_leaf_nodes': 15, 'hgb__min_samples_leaf': 20}",-0.011330414393759789,-0.016674364484127492,-0.010166937416450306,-0.01578964477752358,-0.014861291711741567,-0.013764530556720547,0.0025549443837882867,29,-0.008544187525917504,-0.011388786013695406,-0.007277328728210013,-0.010560852169786937,-0.011056076149505394,-0.009765446117423051,0.0015884476558269038,28,-0.04033718915219753,0.004910017097413122,-0.14699466935088568,-0.13132262467553768,-0.048724713810813336,-0.07249383597840423,0.057622179978671736,27
0.08499364852905274,0.006357500114012475,0.004812383651733398,0.0016212958342345517,0.08,3,15,50,"{'hgb__learning_rate': 0.08, 'hgb__max_depth': 3, 'hgb__max_leaf_nodes': 15, 'hgb__min_samples_leaf': 50}",-0.011816724925827426,-0.016964008641104658,-0.010328696670342375,-0.015481258827896577,-0.014943374695109556,-0.01390681275205612,0.002452393509496358,40,-0.009071343898346252,-0.011585235287961734,-0.007436573873306215,-0.010670811223357831,-0.011016480475749697,-0.009956088951744347,0.001511297848507882,51,-0.1315579177483075,-0.02996091280633295,-0.18378312806706298,-0.08756267975007148,-0.06034149428933522,-0.09864122653222203,0.0541095946016071,42
0.10630211830139161,0.010039481848293846,0.00434408187866211,0.0008086944607622046,0.08,3,31,10,"{'hgb__learning_rate': 0.08, 'hgb__max_depth': 3, 'hgb__max_leaf_nodes': 31, 'hgb__min_samples_leaf': 10}",-0.011324303267259134,-0.01678009893807381,-0.009970797601964433,-0.016709840268201676,-0.015419838875111867,-0.014040975790122184,0.002845120619902798,49,-0.008601711277191186,-0.011350925772732433,-0.007192792131923065,-0.010748974058758048,-0.011339441271746463,-0.00984676890247024,0.0016672308793481173,37,-0.03921526767042827,-0.007750002233472664,-0.1031660811775017,-0.2670284008497039,-0.12903669160667186,-0.10923928870755568,0.09003295364819153,46
0.08896880149841309,0.010391436252064581,0.0034657955169677735,0.0008420532790012625,0.08,3,31,20,"{'hgb__learning_rate': 0.08, 'hgb__max_depth': 3, 'hgb__max_leaf_nodes': 31, 'hgb__min_samples_leaf': 20}",-0.011330414393759789,-0.016674364484127492,-0.010166937416450306,-0.01578964477752358,-0.014861291711741567,-0.013764530556720547,0.0025549443837882867,29,-0.008544187525917504,-0.011388786013695406,-0.007277328728210013,-0.010560852169786937,-0.011056076149505394,-0.009765446117423051,0.0015884476558269038,28,-0.04033718915219753,0.004910017097413122,-0.14699466935088568,-0.13132262467553768,-0.048724713810813336,-0.07249383597840423,0.057622179978671736,27
0.08364953994750976,0.0070102895581205735,0.0037717819213867188,0.0010535402621317511,0.08,3,31,50,"{'hgb__learning_rate': 0.08, 'hgb__max_depth': 3, 'hgb__max_leaf_nodes': 31, 'hgb__min_samples_leaf': 50}",-0.011816724925827426,-0.016964008641104658,-0.010328696670342375,-0.015481258827896577,-0.014943374695109556,-0.01390681275205612,0.002452393509496358,40,-0.009071343898346252,-0.011585235287961734,-0.007436573873306215,-0.010670811223357831,-0.011016480475749697,-0.009956088951744347,0.001511297848507882,51,-0.1315579177483075,-0.02996091280633295,-0.18378312806706298,-0.08756267975007148,-0.06034149428933522,-0.09864122653222203,0.0541095946016071,42
0.10319623947143555,0.008729972073283477,0.004796409606933593,0.0016655992963187866,0.08,3,63,10,"{'hgb__learning_rate': 0.08, 'hgb__max_depth': 3, 'hgb__max_leaf_nodes': 63, 'hgb__min_samples_leaf': 10}",-0.011324303267259134,-0.01678009893807381,-0.009970797601964433,-0.016709840268201676,-0.015419838875111867,-0.014040975790122184,0.002845120619902798,49,-0.008601711277191186,-0.011350925772732433,-0.007192792131923065,-0.010748974058758048,-0.011339441271746463,-0.00984676890247024,0.0016672308793481173,37,-0.03921526767042827,-0.007750002233472664,-0.1031660811775017,-0.2670284008497039,-0.12903669160667186,-0.10923928870755568,0.09003295364819153,46
0.08783798217773438,0.007540465982661132,0.004027223587036133,0.0013301475698519161,0.08,3,63,20,"{'hgb__learning_rate': 0.08, 'hgb__max_depth': 3, 'hgb__max_leaf_nodes': 63, 'hgb__min_samples_leaf': 20}",-0.011330414393759789,-0.016674364484127492,-0.010166937416450306,-0.01578964477752358,-0.014861291711741567,-0.013764530556720547,0.0025549443837882867,29,-0.008544187525917504,-0.011388786013695406,-0.007277328728210013,-0.010560852169786937,-0.011056076149505394,-0.009765446117423051,0.0015884476558269038,28,-0.04033718915219753,0.004910017097413122,-0.14699466935088568,-0.13132262467553768,-0.048724713810813336,-0.07249383597840423,0.057622179978671736,27
0.08440642356872559,0.0046022283467015,0.005321931838989258,0.0016650685009366704,0.08,3,63,50,"{'hgb__learning_rate': 0.08, 'hgb__max_depth': 3, 'hgb__max_leaf_nodes': 63, 'hgb__min_samples_leaf': 50}",-0.011816724925827426,-0.016964008641104658,-0.010328696670342375,-0.015481258827896577,-0.014943374695109556,-0.01390681275205612,0.002452393509496358,40,-0.009071343898346252,-0.011585235287961734,-0.007436573873306215,-0.010670811223357831,-0.011016480475749697,-0.009956088951744347,0.001511297848507882,51,-0.1315579177483075,-0.02996091280633295,-0.18378312806706298,-0.08756267975007148,-0.06034149428933522,-0.09864122653222203,0.0541095946016071,42
0.18299269676208496,0.0247384022322819,0.004159021377563477,0.0007351559685273438,0.08,5,15,10,"{'hgb__learning_rate': 0.08, 'hgb__max_depth': 5, 'hgb__max_leaf_nodes': 15, 'hgb__min_samples_leaf': 10}",-0.01149120655866099,-0.016836928060346108,-0.010139928758845299,-0.023824647443049057,-0.016274580358344556,-0.015713458235849204,0.004822034278070911,99,-0.00869993597404638,-0.01143848297060771,-0.007318322579434528,-0.013214585134122759,-0.011972529496130771,-0.01052877123086843,0.002180698449622789,88,-0.0700739668541408,-0.014587450049674544,-0.14090873861832476,-1.575696680902988,-0.25767370987124294,-0.4117881092592742,0.5875962837662432,99
0.16369080543518066,0.017767303820247698,0.004351615905761719,0.0005843111833053861,0.08,5,15,20,"{'hgb__learning_rate': 0.08, 'hgb__max_depth': 5, 'hgb__max_leaf_nodes': 15, 'hgb__min_samples_leaf': 20}",-0.011406402538103799,-0.016765806583796502,-0.010571430906719704,-0.016763376724303926,-0.015940445493104072,-0.0142894924492056,0.0027244841758439584,66,-0.008677557599165357,-0.011463322116251062,-0.007505454718627095,-0.011047332821699314,-0.011908486771304704,-0.010120430805409506,0.0017192807555167012,61,-0.05433815640807782,-0.00603404260534135,-0.2400769936483249,-0.2751602408521281,-0.2065610286850954,-0.1564340924397935,0.10644106173948686,66
0.12883992195129396,0.006978598300891805,0.00456705093383789,0.001101952480015779,0.08,5,15,50,"{'hgb__learning_rate': 0.08, 'hgb__max_depth': 5, 'hgb__max_leaf_nodes': 15, 'hgb__min_samples_leaf': 50}",-0.012048813608556842,-0.017127984261866427,-0.010582881866372424,-0.015551805958887291,-0.015498129238854963,-0.014161922986907587,0.0024408813120554763,62,-0.009374474749810973,-0.01172307935947183,-0.007598322485835536,-0.010842667192872567,-0.011583303761089667,-0.010224369509816113,0.0015552215027354716,74,-0.1764435904451589,-0.04996853355031883,-0.2427649480974592,-0.09749717434096894,-0.140530597586632,-0.14144096880410756,0.06601639881183598,62
0.18715081214904786,0.025012794968872196,0.0051266193389892575,0.001266521229113686,0.08,5,31,10,"{'hgb__learning_rate': 0.08, 'hgb__max_depth': 5, 'hgb__max_leaf_nodes': 31, 'hgb__min_samples_leaf': 10}",-0.011632562826681056,-0.01679414082544482,-0.01029959157963655,-0.02086156064236036,-0.017231792802762838,-0.015363929735377124,0.0038814683240514895,96,-0.008794346453552,-0.011478950143046635,-0.007330881358613624,-0.012207262445874572,-0.012655824488983359,-0.010493452978014036,0.0020723426519363955,85,-0.09656239796232069,-0.00943731443185647,-0.17712099584838592,-0.9748555838653892,-0.40996818256474366,-0.3335888949345392,0.3472160056117736,96
0.14649667739868164,0.016052188388191325,0.004730606079101562,0.0006930183440371229,0.08,5,31,20,"{'hgb__learning_rate': 0.08, 'hgb__max_depth': 5, 'hgb__max_leaf_nodes': 31, 'hgb__min_samples_leaf': 20}",-0.011423159623862977,-0.016765806583796502,-0.010674043581911576,-0.016164953147469064,-0.016146160230992464,-0.014234824633606516,0.002621796761885761,64,-0.008693441705829127,-0.011463322116251062,-0.007536600526728033,-0.010911646979160437,-0.012185403103287137,-0.01015808288625116,0.0017549290071529793,69,-0.05743827716247529,-0.00603404260534135,-0.26426769969329666,-0.18574322900934281,-0.23790381262821958,-0.15027741221973515,0.10134618939388103,64
0.12766127586364745,0.007938855076858627,0.004179048538208008,0.001754324332681539,0.08,5,31,50,"{'hgb__learning_rate': 0.08, 'hgb__max_depth': 5, 'hgb__max_leaf_nodes': 31, 'hgb__min_samples_leaf': 50}",-0.012048813608556842,-0.01706765898763052,-0.010456767215561828,-0.015484038250419996,-0.015273181913142123,-0.014066091995062263,0.0024320230063412675,54,-0.009374474749810973,-0.01167417603296934,-0.007498039323180514,-0.010788627320506027,-0.011349270043006988,-0.01013691749389477,0.0015364039283519487,66,-0.1764435904451589,-0.042585516762880804,-0.21332173970532287,-0.0879532251946864,-0.10766245058606638,-0.12559330453882306,0.0614989655872076,54
0.1947324752807617,0.030575363397810053,0.003968715667724609,0.0005072415645119024,0.08,5,63,10,"{'hgb__learning_rate': 0.08, 'hgb__max_depth': 5, 'hgb__max_leaf_nodes': 63, 'hgb__min_samples_leaf': 10}",-0.011632562826681056,-0.01679414082544482,-0.01029959157963655,-0.02086156064236036,-0.017231792802762838,-0.015363929735377124,0.0038814683240514895,96,-0.008794346453552,-0.011478950143046635,-0.007330881358613624,-0.012207262445874572,-0.012655824488983359,-0.010493452978014036,0.0020723426519363955,85,-0.09656239796232069,-0.00943731443185647,-0.17712099584838592,-0.9748555838653892,-0.40996818256474366,-0.3335888949345392,0.3472160056117736,96
0.1533268928527832,0.017480765294510228,0.00519857406616211,0.0011754110579805048,0.08,5,63,20,"{'hgb__learning_rate': 0.08, 'hgb__max_depth': 5, 'hgb__max_leaf_nodes': 63, 'hgb__min_samples_leaf': 20}",-0.011423159623862977,-0.016765806583796502,-0.010674043581911576,-0.016164953147469064,-0.016146160230992464,-0.014234824633606516,0.002621796761885761,64,-0.008693441705829127,-0.011463322116251062,-0.007536600526728033,-0.010911646979160437,-0.012185403103287137,-0.01015808288625116,0.0017549290071529793,69,-0.05743827716247529,-0.00603404260534135,-0.26426769969329666,-0.18574322900934281,-0.23790381262821958,-0.15027741221973515,0.10134618939388103,64
0.13287501335144042,0.00819231290012317,0.003689002990722656,0.0005626606819537198,0.08,5,63,50,"{'hgb__learning_rate': 0.08, 'hgb__max_depth': 5, 'hgb__max_leaf_nodes': 63, 'hgb__min_samples_leaf': 50}",-0.012048813608556842,-0.01706765898763052,-0.010456767215561828,-0.015484038250419996,-0.015273181913142123,-0.014066091995062263,0.0024320230063412675,54,-0.009374474749810973,-0.01167417603296934,-0.007498039323180514,-0.010788627320506027,-0.011349270043006988,-0.01013691749389477,0.0015364039283519487,66,-0.1764435904451589,-0.042585516762880804,-0.21332173970532287,-0.0879532251946864,-0.10766245058606638,-0.12559330453882306,0.0614989655872076,54
0.25043749809265137,0.02647600739060763,0.004318046569824219,0.0007085403768867292,0.08,,15,10,"{'hgb__learning_rate': 0.08, 'hgb__max_depth': None, 'hgb__max_leaf_nodes': 15, 'hgb__min_samples_leaf': 10}",-0.011656812049674087,-0.016711046496470174,-0.009935729783462108,-0.021293141596124054,-0.016911660221842758,-0.015301678029514636,0.004063359358845425,95,-0.008842087175793056,-0.0113893528201298,-0.0071931038216732895,-0.012517535494892358,-0.012343865211872609,-0.010457188904872221,0.002094579201126033,83,-0.10113894778491028,0.0005269950730091288,-0.09541994094632988,-1.0574118513347033,-0.35806599045051857,-0.3223019470886906,0.38633474629850134,95
0.2342367172241211,0.015442610074469214,0.0044918060302734375,0.0013120545742998765,0.08,,15,20,"{'hgb__learning_rate': 0.08, 'hgb__max_depth': None, 'hgb__max_leaf_nodes': 15, 'hgb__min_samples_leaf': 20}",-0.011949838918034153,-0.0171008976943489,-0.011118844298021388,-0.016653385556909334,-0.016164990950324042,-0.014597591483527564,0.0025322657038528264,78,-0.009118929142807455,-0.011602821210618064,-0.007713458127807236,-0.011305143120137636,-0.012164039663668436,-0.010380878253007765,0.0016872889754747716,77,-0.1571952387164106,-0.04665027317729198,-0.3718303170096553,-0.258481474160416,-0.2407929469008785,-0.21499004999293048,0.10847551197543472,78
0.2285975456237793,0.01646862255502905,0.005079126358032227,0.001484691623443172,0.08,,15,50,"{'hgb__learning_rate': 0.08, 'hgb__max_depth': None, 'hgb__max_leaf_nodes': 15, 'hgb__min_samples_leaf': 50}",-0.012784522247189558,-0.017444389988062855,-0.011013801158991945,-0.015632909522484223,-0.015556893691834193,-0.014486503321712554,0.002287595949532549,75,-0.009965704846964877,-0.01199485358067195,-0.007813475591082442,-0.010980565906034039,-0.01158273611748113,-0.010467467208446888,0.0014923431988268414,84,-0.32449871825284093,-0.08911903362156526,-0.34603254991416565,-0.10897404470318528,-0.14919612372421365,-0.20356409404319414,0.10947444426590947,77
0.4286808490753174,0.009217114590933518,0.005530881881713867,0.00043380571740572825,0.08,,31,10,"{'hgb__learning_rate': 0.08, 'hgb__max_depth': None, 'hgb__max_leaf_nodes': 31, 'hgb__min_samples_leaf': 10}",-0.012477074327564844,-0.017143012525288708,-0.010674334708855834,-0.024656047723415824,-0.01776810322973667,-0.016543714502972377,0.0048714559966628514,106,-0.009452868946583542,-0.011774641696102716,-0.007501945560453316,-0.01415426555202893,-0.013014236318479613,-0.011179591614729622,0.002411445313284603,104,-0.261560435412318,-0.05181184749560663,-0.2643366646377683,-1.7585996511211315,-0.49909971623128313,-0.5670816629796216,0.612345882392077,105
0.43267006874084474,0.009067637004050349,0.0074405670166015625,0.001578389243062346,0.08,,31,20,"{'hgb__learning_rate': 0.08, 'hgb__max_depth': None, 'hgb__max_leaf_nodes': 31, 'hgb__min_samples_leaf': 20}",-0.0128484471840824,-0.017687722558422273,-0.011059408981239336,-0.015805243303486493,-0.01728703524398573,-0.014937571454243246,0.0025784006677119957,89,-0.00979096483144887,-0.011953113439860222,-0.007712157334450186,-0.010852454500844527,-0.012884004758639768,-0.010638538973048714,0.0017943285037205585,92,-0.33777730219698054,-0.11971528937122233,-0.3572033925082603,-0.13355898683122902,-0.4190229497707034,-0.2734555841356791,0.12292109089258402,89
0.42153539657592776,0.11260437025585744,0.00610194206237793,0.0003825098282523738,0.08,,31,50,"{'hgb__learning_rate': 0.08, 'hgb__max_depth': None, 'hgb__max_leaf_nodes': 31, 'hgb__min_samples_leaf': 50}",-0.012990221336463652,-0.017576558827875243,-0.01107372048285885,-0.015722861728614767,-0.01586337985135137,-0.014645348445432776,0.002312254386405641,79,-0.010151716464073857,-0.012159479250314038,-0.007919710205315756,-0.011022458452362514,-0.011734227176274634,-0.01059751830966816,0.0015021184162155078,89,-0.36746316840785465,-0.10568515195960004,-0.3607182613794877,-0.1217728979556536,-0.19492275559611194,-0.2301124470597416,0.11347336554477552,80
0.8309591770172119,0.02579493037154365,0.008752059936523438,0.0022205365685080912,0.08,,63,10,"{'hgb__learning_rate': 0.08, 'hgb__max_depth': None, 'hgb__max_leaf_nodes': 63, 'hgb__min_samples_leaf': 10}",-0.013409762207637317,-0.01734862877914116,-0.01088910633255297,-0.02171163186539852,-0.018272930472830986,-0.016326411931512193,0.003792244539579527,104,-0.010250269457625435,-0.01197646569282056,-0.007717793370326802,-0.01299151103369177,-0.013391456474670807,-0.011265499205827074,0.002079480349576905,105,-0.45721854381268145,-0.07719438735693895,-0.3157263626084186,-1.1390783208999933,-0.5854946760038204,-0.5149424581363705,0.3547296624493285,103
0.7800044059753418,0.13410082244384997,0.010673761367797852,0.0012380563557103598,0.08,,63,20,"{'hgb__learning_rate': 0.08, 'hgb__max_depth': None, 'hgb__max_leaf_nodes': 63, 'hgb__min_samples_leaf': 20}",-0.013414970273499397,-0.01817292667040774,-0.011147802817985912,-0.016233817968647736,-0.018274896225732543,-0.015448882791254665,0.002780610698621617,98,-0.010251139124347108,-0.012530217367313318,-0.007834318698860122,-0.011131653215163285,-0.013561703235310703,-0.011061806328198908,0.0019740542964434686,103,-0.4583506688710328,-0.18198923656350163,-0.3789853606559175,-0.19586759216830174,-0.5858358208910086,-0.36020573582995247,0.15470112058278557,98
0.596257495880127,0.2228984322549221,0.008191299438476563,0.0007605657068570483,0.08,,63,50,"{'hgb__learning_rate': 0.08, 'hgb__max_depth': None, 'hgb__max_leaf_nodes': 63, 'hgb__min_samples_leaf': 50}",-0.012990221336463652,-0.01752294200532608,-0.011506506724537282,-0.01599144933659565,-0.015896507839983295,-0.014781525448581193,0.0021980438735588136,83,-0.010151716464073857,-0.012208232515464433,-0.008297680125916465,-0.01136974470841665,-0.01179281759705034,-0.010764038282184349,0.0014120074150540392,95,-0.36746316840785465,-0.09894971482772585,-0.4691565993898774,-0.16042588009098702,-0.19991875538071446,-0.2591828236194319,0.13766149237251174,88
0.10027365684509278,0.008545196660500503,0.0029627799987792967,0.000514241990707341,0.1,3,15,10,"{'hgb__learning_rate': 0.1, 'hgb__max_depth': 3, 'hgb__max_leaf_nodes': 15, 'hgb__min_samples_leaf': 10}",-0.01154221709865039,-0.01685180820514561,-0.009949473499256341,-0.017829376771569462,-0.01625327780861318,-0.014485230676646999,0.0031351049442070312,72,-0.008763458296035996,-0.011462263985175728,-0.007161147322687241,-0.011434055232396344,-0.011858010621697494,-0.010135787091598559,0.0018516405201955417,63,-0.07959536996703398,-0.01638158724877714,-0.09845254212863952,-0.4424942086364301,-0.25438341030682854,-0.17826142365754186,0.15357281703909356,68
0.08787879943847657,0.009193704914799487,0.004569721221923828,0.0006930606141028678,0.1,3,15,20,"{'hgb__learning_rate': 0.1, 'hgb__max_depth': 3, 'hgb__max_leaf_nodes': 15, 'hgb__min_samples_leaf': 20}",-0.011396560024465818,-0.016698431645392836,-0.010250129726203849,-0.01610100907992044,-0.015054041713912752,-0.01390003443797914,0.002592151139188935,37,-0.008593903276534323,-0.011409097681730481,-0.007298345753660682,-0.010839524763747645,-0.011110622780389962,-0.009850298851212618,0.001617889523959393,40,-0.05251937780915594,0.0020353918414944827,-0.1658423380094569,-0.17638084106534957,-0.07610491429480959,-0.09376241586745551,0.06813415424012291,37
0.08409113883972168,0.004103556658164446,0.003318929672241211,0.0009046355529218662,0.1,3,15,50,"{'hgb__learning_rate': 0.1, 'hgb__max_depth': 3, 'hgb__max_leaf_nodes': 15, 'hgb__min_samples_leaf': 50}",-0.011981516802858095,-0.017053810460316305,-0.010531840271363677,-0.015699954436414625,-0.01509564630606859,-0.014072553655404257,0.0024286675522739287,56,-0.009245134782824297,-0.011631411391801046,-0.0075616798314770755,-0.010929153788373605,-0.011125257249730883,-0.010098527408841382,0.0015005147289301466,57,-0.16333859939430262,-0.040894316290525534,-0.23080606261878933,-0.11850656379275004,-0.08206115823430626,-0.12712134006613476,0.06572966689436684,56
0.09465456008911133,0.009044375195810996,0.0056708335876464845,0.00364652052087963,0.1,3,31,10,"{'hgb__learning_rate': 0.1, 'hgb__max_depth': 3, 'hgb__max_leaf_nodes': 31, 'hgb__min_samples_leaf': 10}",-0.01154221709865039,-0.01685180820514561,-0.009949473499256341,-0.017829376771569462,-0.01625327780861318,-0.014485230676646999,0.0031351049442070312,72,-0.008763458296035996,-0.011462263985175728,-0.007161147322687241,-0.011434055232396344,-0.011858010621697494,-0.010135787091598559,0.0018516405201955417,63,-0.07959536996703398,-0.01638158724877714,-0.09845254212863952,-0.4424942086364301,-0.25438341030682854,-0.17826142365754186,0.15357281703909356,68
0.08545904159545899,0.006970967712639829,0.0034049034118652345,0.0011404236933572835,0.1,3,31,20,"{'hgb__learning_rate': 0.1, 'hgb__max_depth': 3, 'hgb__max_leaf_nodes': 31, 'hgb__min_samples_leaf': 20}",-0.011396560024465818,-0.016698431645392836,-0.010250129726203849,-0.01610100907992044,-0.015054041713912752,-0.01390003443797914,0.002592151139188935,37,-0.008593903276534323,-0.011409097681730481,-0.007298345753660682,-0.010839524763747645,-0.011110622780389962,-0.009850298851212618,0.001617889523959393,40,-0.05251937780915594,0.0020353918414944827,-0.1658423380094569,-0.17638084106534957,-0.07610491429480959,-0.09376241586745551,0.06813415424012291,37
0.09178133010864258,0.007427219014688646,0.004040908813476562,0.0007763652771734706,0.1,3,31,50,"{'hgb__learning_rate': 0.1, 'hgb__max_depth': 3, 'hgb__max_leaf_nodes': 31, 'hgb__min_samples_leaf': 50}",-0.011981516802858095,-0.017053810460316305,-0.010531840271363677,-0.015699954436414625,-0.01509564630606859,-0.014072553655404257,0.0024286675522739287,56,-0.009245134782824297,-0.011631411391801046,-0.0075616798314770755,-0.010929153788373605,-0.011125257249730883,-0.010098527408841382,0.0015005147289301466,57,-0.16333859939430262,-0.040894316290525534,-0.23080606261878933,-0.11850656379275004,-0.08206115823430626,-0.12712134006613476,0.06572966689436684,56
0.10232663154602051,0.012514086289084311,0.004195880889892578,0.0023185172947876188,0.1,3,63,10,"{'hgb__learning_rate': 0.1, 'hgb__max_depth': 3, 'hgb__max_leaf_nodes': 63, 'hgb__min_samples_leaf': 10}",-0.01154221709865039,-0.01685180820514561,-0.009949473499256341,-0.017829376771569462,-0.01625327780861318,-0.014485230676646999,0.0031351049442070312,72,-0.008763458296035996,-0.011462263985175728,-0.007161147322687241,-0.011434055232396344,-0.011858010621697494,-0.010135787091598559,0.0018516405201955417,63,-0.07959536996703398,-0.01638158724877714,-0.09845254212863952,-0.4424942086364301,-0.25438341030682854,-0.17826142365754186,0.15357281703909356,68
0.09945087432861328,0.01726985094629061,0.004377985000610351,0.0013071418447245138,0.1,3,63,20,"{'hgb__learning_rate': 0.1, 'hgb__max_depth': 3, 'hgb__max_leaf_nodes': 63, 'hgb__min_samples_leaf': 20}",-0.011396560024465818,-0.016698431645392836,-0.010250129726203849,-0.01610100907992044,-0.015054041713912752,-0.01390003443797914,0.002592151139188935,37,-0.008593903276534323,-0.011409097681730481,-0.007298345753660682,-0.010839524763747645,-0.011110622780389962,-0.009850298851212618,0.001617889523959393,40,-0.05251937780915594,0.0020353918414944827,-0.1658423380094569,-0.17638084106534957,-0.07610491429480959,-0.09376241586745551,0.06813415424012291,37
0.10748252868652344,0.01956789375119417,0.003868579864501953,0.000433171745354314,0.1,3,63,50,"{'hgb__learning_rate': 0.1, 'hgb__max_depth': 3, 'hgb__max_leaf_nodes': 63, 'hgb__min_samples_leaf': 50}",-0.011981516802858095,-0.017053810460316305,-0.010531840271363677,-0.015699954436414625,-0.01509564630606859,-0.014072553655404257,0.0024286675522739287,56,-0.009245134782824297,-0.011631411391801046,-0.0075616798314770755,-0.010929153788373605,-0.011125257249730883,-0.010098527408841382,0.0015005147289301466,57,-0.16333859939430262,-0.040894316290525534,-0.23080606261878933,-0.11850656379275004,-0.08206115823430626,-0.12712134006613476,0.06572966689436684,56
0.20830163955688477,0.055486599724215775,0.006230545043945312,0.003095219786466393,0.1,5,15,10,"{'hgb__learning_rate': 0.1, 'hgb__max_depth': 5, 'hgb__max_leaf_nodes': 15, 'hgb__min_samples_leaf': 10}",-0.011763671259029565,-0.01707316638650157,-0.010479298841116468,-0.02590711919824747,-0.01728468709241288,-0.01650158855546159,0.005442789448788784,105,-0.008911700299179896,-0.011586652340813899,-0.00744632006661185,-0.01386444952683675,-0.012622616257528453,-0.01088634769819417,0.0023709562653433944,101,-0.12141999356651079,-0.04325846912347786,-0.21855616136304556,-2.0456500418119323,-0.41863747538241824,-0.569504428249477,0.7486849625896403,106
0.16819543838500978,0.025465616188196726,0.00432276725769043,0.0012630790782803309,0.1,5,15,20,"{'hgb__learning_rate': 0.1, 'hgb__max_depth': 5, 'hgb__max_leaf_nodes': 15, 'hgb__min_samples_leaf': 20}",-0.01165734770225986,-0.016942371297271313,-0.010788236264554068,-0.017105197358282396,-0.016151941851507125,-0.014529018894774953,0.0027325736711915436,77,-0.008899088412387247,-0.011541506566378534,-0.007611779895239196,-0.01158512384959673,-0.012183674085779047,-0.010364234561876151,0.0017837914753608187,76,-0.10124014894934819,-0.027335188381520492,-0.2914630857337386,-0.3276938139902559,-0.23879050907889665,-0.19730454922675195,0.11463527193176816,76
0.15373477935791016,0.016726196422381788,0.003945827484130859,0.0006391726153150144,0.1,5,15,50,"{'hgb__learning_rate': 0.1, 'hgb__max_depth': 5, 'hgb__max_leaf_nodes': 15, 'hgb__min_samples_leaf': 50}",-0.012275968831052444,-0.017205113299970293,-0.010885022827215983,-0.01610717355772748,-0.015424239931394938,-0.014379503689472228,0.002395689548212173,68,-0.009552192091182982,-0.011793621546819634,-0.007749499237886255,-0.011477404785321674,-0.011456831536275356,-0.010405909839497181,0.0015468440705167369,79,-0.22122051141884747,-0.05944605282351412,-0.31473973100763764,-0.17728179848592251,-0.12968127202974222,-0.1804738731531328,0.08593651154039529,71
0.1944427967071533,0.023432006625902193,0.004570436477661133,0.0009489719018105973,0.1,5,31,10,"{'hgb__learning_rate': 0.1, 'hgb__max_depth': 5, 'hgb__max_leaf_nodes': 31, 'hgb__min_samples_leaf': 10}",-0.011811732903416496,-0.016991772786229358,-0.010538598868872,-0.023677495422917534,-0.017926894886868064,-0.01618929897366069,0.00470807362333531,101,-0.008949428204889804,-0.011600057387891636,-0.0074806707651144284,-0.01317258281590548,-0.013131274198541718,-0.010866802674468613,0.002285796578126711,98,-0.13060205741491826,-0.0333350427859318,-0.23238625975363325,-1.5439775570261558,-0.5260140372958253,-0.4932629908552929,0.5506699682198039,101
0.15603914260864257,0.022097403480697476,0.003395366668701172,0.00031964313600860573,0.1,5,31,20,"{'hgb__learning_rate': 0.1, 'hgb__max_depth': 5, 'hgb__max_leaf_nodes': 31, 'hgb__min_samples_leaf': 20}",-0.011602468054814855,-0.01703405307846936,-0.010697324885723919,-0.017818607931650417,-0.01725430332680882,-0.014881351455493474,0.003070819276989491,87,-0.00882449234114156,-0.011598555032389093,-0.0076039230232873185,-0.01194309331939153,-0.013038013421454518,-0.010601615427532804,0.002043223576093342,90,-0.0908958724894684,-0.038483895028592174,-0.2697887376063959,-0.44075221863909797,-0.41365437517769577,-0.25071501978825006,0.1634695001235828,86
0.14768590927124023,0.018521322437010563,0.004542732238769531,0.000818218795150714,0.1,5,31,50,"{'hgb__learning_rate': 0.1, 'hgb__max_depth': 5, 'hgb__max_leaf_nodes': 31, 'hgb__min_samples_leaf': 50}",-0.012275968831052444,-0.017198722679390484,-0.010835063647037594,-0.016260114889138304,-0.015556993850077252,-0.014425372779339215,0.0024432998802325465,69,-0.009552192091182982,-0.011802879339926835,-0.007729085845767769,-0.011564245867173917,-0.011587724316695748,-0.01044722549214945,0.0015859153425124841,81,-0.22122051141884747,-0.0586591634588256,-0.30269885866249413,-0.19974506644176993,-0.14921092125866808,-0.18630690424812105,0.08076718257284583,73
0.20085344314575196,0.020717718525160043,0.004504585266113281,0.0008615814448560744,0.1,5,63,10,"{'hgb__learning_rate': 0.1, 'hgb__max_depth': 5, 'hgb__max_leaf_nodes': 63, 'hgb__min_samples_leaf': 10}",-0.011811732903416496,-0.016991772786229358,-0.010538598868872,-0.023677495422917534,-0.017926894886868064,-0.01618929897366069,0.00470807362333531,101,-0.008949428204889804,-0.011600057387891636,-0.0074806707651144284,-0.01317258281590548,-0.013131274198541718,-0.010866802674468613,0.002285796578126711,98,-0.13060205741491826,-0.0333350427859318,-0.23238625975363325,-1.5439775570261558,-0.5260140372958253,-0.4932629908552929,0.5506699682198039,101
0.14778532981872558,0.024404134923139063,0.004830265045166015,0.0004442343437692395,0.1,5,63,20,"{'hgb__learning_rate': 0.1, 'hgb__max_depth': 5, 'hgb__max_leaf_nodes': 63, 'hgb__min_samples_leaf': 20}",-0.011602468054814855,-0.01703405307846936,-0.010697324885723919,-0.017818607931650417,-0.01725430332680882,-0.014881351455493474,0.003070819276989491,87,-0.00882449234114156,-0.011598555032389093,-0.0076039230232873185,-0.01194309331939153,-0.013038013421454518,-0.010601615427532804,0.002043223576093342,90,-0.0908958724894684,-0.038483895028592174,-0.2697887376063959,-0.44075221863909797,-0.41365437517769577,-0.25071501978825006,0.1634695001235828,86
0.12939062118530273,0.0069203991444655305,0.005098915100097657,0.0015484012972782177,0.1,5,63,50,"{'hgb__learning_rate': 0.1, 'hgb__max_depth': 5, 'hgb__max_leaf_nodes': 63, 'hgb__min_samples_leaf': 50}",-0.012275968831052444,-0.017198722679390484,-0.010835063647037594,-0.016260114889138304,-0.015556993850077252,-0.014425372779339215,0.0024432998802325465,69,-0.009552192091182982,-0.011802879339926835,-0.007729085845767769,-0.011564245867173917,-0.011587724316695748,-0.01044722549214945,0.0015859153425124841,81,-0.22122051141884747,-0.0586591634588256,-0.30269885866249413,-0.19974506644176993,-0.14921092125866808,-0.18630690424812105,0.08076718257284583,73
0.2392104148864746,0.031011933400623498,0.0038515567779541016,0.00045551247177815326,0.1,,15,10,"{'hgb__learning_rate': 0.1, 'hgb__max_depth': None, 'hgb__max_leaf_nodes': 15, 'hgb__min_samples_leaf': 10}",-0.011921792705983147,-0.01684790162056423,-0.010103060536724776,-0.025845044845685873,-0.016548651968337623,-0.01625329033545913,0.005459482648573986,103,-0.008999439753980518,-0.011429901825853484,-0.007305682091729266,-0.014094498041194127,-0.012102782011567987,-0.010786460744865077,0.002383236996598109,96,-0.15176975014246996,-0.01591040690309531,-0.13262725895212601,-2.0310725614080054,-0.300390025049591,-0.5263540004910576,0.7577762777512045,104
0.23170199394226074,0.01487567363754808,0.0047820091247558595,0.0010171184545714443,0.1,,15,20,"{'hgb__learning_rate': 0.1, 'hgb__max_depth': None, 'hgb__max_leaf_nodes': 15, 'hgb__min_samples_leaf': 20}",-0.012034693639425336,-0.01724369122460349,-0.011016533548555448,-0.01708774416036025,-0.016364752955890204,-0.014749483105766948,0.00266843136810599,82,-0.009148177774002064,-0.011716836308488555,-0.007697270443701218,-0.011456162828631425,-0.012201660020028506,-0.010444021474970352,0.00172960302384138,80,-0.17368786455761276,-0.06420243550315541,-0.3467005012340838,-0.32498578549343304,-0.27164910977973267,-0.23624513931360352,0.10472901693940473,82
0.21070513725280762,0.010567870765695523,0.0044288158416748045,0.0005671859718330614,0.1,,15,50,"{'hgb__learning_rate': 0.1, 'hgb__max_depth': None, 'hgb__max_leaf_nodes': 15, 'hgb__min_samples_leaf': 50}",-0.012842681207583907,-0.01745536813742219,-0.011186714168630901,-0.01584631511258697,-0.016059410765925708,-0.014678097878429936,0.002304105095497856,81,-0.010070248653533112,-0.012008217069761835,-0.007934019628729218,-0.011208867711686953,-0.01198860735060124,-0.010641992082862473,0.0015271736465782956,93,-0.3365768673792795,-0.09049027946976884,-0.38862884477409576,-0.13945801790431478,-0.22463762322691294,-0.23595832655087437,0.11316695498881779,81
0.4255718231201172,0.00949245220135303,0.005708551406860352,0.000747624411583415,0.1,,31,10,"{'hgb__learning_rate': 0.1, 'hgb__max_depth': None, 'hgb__max_leaf_nodes': 31, 'hgb__min_samples_leaf': 10}",-0.01258164863075451,-0.016999095439609913,-0.01050653926357253,-0.02722901267329598,-0.01901729854814641,-0.017266718911075868,0.005831523999625552,108,-0.009625607957927598,-0.011738844517005426,-0.007562738575841834,-0.015087037502858938,-0.013779878408394177,-0.011558821392405595,0.002724694609522604,107,-0.2827961289898073,-0.03422587211807948,-0.22489954906330034,-2.3643838619509583,-0.7172994600303215,-0.7247209744304934,0.849759021861991,108
0.4271860122680664,0.015732861064940918,0.006085252761840821,0.0011698340434349165,0.1,,31,20,"{'hgb__learning_rate': 0.1, 'hgb__max_depth': None, 'hgb__max_leaf_nodes': 31, 'hgb__min_samples_leaf': 20}",-0.013196856159126127,-0.017830636849446614,-0.011100083107514702,-0.016316066936611313,-0.017498295764741222,-0.015188387763487996,0.002617985814141245,93,-0.010146294868949732,-0.012124191669768707,-0.0077975045423822964,-0.010922159760338572,-0.013000884742082141,-0.01079820711670429,0.0017919036543567078,97,-0.41131352012565237,-0.1378826706218934,-0.3672047542001189,-0.20801606446059195,-0.45391792310934953,-0.3156669865035212,0.12174868077778743,94
0.400250768661499,0.09392526819227172,0.00706791877746582,0.0016721668395058929,0.1,,31,50,"{'hgb__learning_rate': 0.1, 'hgb__max_depth': None, 'hgb__max_leaf_nodes': 31, 'hgb__min_samples_leaf': 50}",-0.013586647579423603,-0.017884295784316107,-0.01120971926592748,-0.016119776625584635,-0.016048499467951383,-0.014969787744640643,0.002325151272622265,90,-0.010644238442904654,-0.012437779881070506,-0.008057439883256363,-0.011446045551972407,-0.011800002508561794,-0.010877101253553146,0.0015241966704672228,100,-0.49591582617765084,-0.14474158934227055,-0.3943460533593717,-0.17912484898659264,-0.22297406946551046,-0.28742047746627924,0.1350125453301738,91
0.8691887855529785,0.024417031955530376,0.008095932006835938,0.0004806253732470327,0.1,,63,10,"{'hgb__learning_rate': 0.1, 'hgb__max_depth': None, 'hgb__max_leaf_nodes': 63, 'hgb__min_samples_leaf': 10}",-0.013585838148079359,-0.017682351451531703,-0.011227986054402875,-0.024111618876189317,-0.01900019744473188,-0.017121598394987024,0.00447079929436454,107,-0.010441428934815384,-0.012377119486549371,-0.007992434510476787,-0.013764011369166848,-0.013991995247522907,-0.011713397909706259,0.002249489782643319,108,-0.49573759161570363,-0.11903536041429308,-0.3988940667939176,-1.6381196790930135,-0.7142123221508352,-0.6731998040135526,0.5189580131027456,107
0.7832767009735108,0.12021469416512685,0.00950155258178711,0.0012791041767424634,0.1,,63,20,"{'hgb__learning_rate': 0.1, 'hgb__max_depth': None, 'hgb__max_leaf_nodes': 63, 'hgb__min_samples_leaf': 20}",-0.013674138461606799,-0.018379723817907027,-0.011652904977246113,-0.016632554008174167,-0.019036169165612685,-0.015875098086109356,0.0028110637779014945,100,-0.010602008464298015,-0.012649523729448985,-0.00815402092025868,-0.01136562305246261,-0.013946926803154963,-0.011343620593924651,0.0019599288229744734,106,-0.5152436832621328,-0.20904296904141373,-0.5067788277889422,-0.25533500026951383,-0.7207092586804875,-0.4414219478084981,0.1878035751616468,100
0.555413818359375,0.17129901253872834,0.0070511817932128905,0.0016694066416226212,0.1,,63,50,"{'hgb__learning_rate': 0.1, 'hgb__max_depth': None, 'hgb__max_leaf_nodes': 63, 'hgb__min_samples_leaf': 50}",-0.013586647579423603,-0.017783135291726523,-0.011367966770222376,-0.01633722230268804,-0.016170897118066907,-0.01504917381242549,0.0022839503378039167,92,-0.010644238442904654,-0.012327502033475077,-0.00828470474388233,-0.011660906009345027,-0.011980652236809499,-0.010979600693283317,0.0014600035045476934,102,-0.49591582617765084,-0.1318280128447078,-0.4339918727411549,-0.21115071573438438,-0.24169980420371884,-0.30291724634032335,0.13846964048820187,92
