mean_fit_time,std_fit_time,mean_score_time,std_score_time,param_hgb__learning_rate,param_hgb__max_depth,param_hgb__max_leaf_nodes,param_hgb__min_samples_leaf,params,split0_test_rmse,split1_test_rmse,split2_test_rmse,split3_test_rmse,split4_test_rmse,mean_test_rmse,std_test_rmse,rank_test_rmse,split0_test_mae,split1_test_mae,split2_test_mae,split3_test_mae,split4_test_mae,mean_test_mae,std_test_mae,rank_test_mae,split0_test_r2,split1_test_r2,split2_test_r2,split3_test_r2,split4_test_r2,mean_test_r2,std_test_r2,rank_test_r2
0.02609739303588867,0.002593905225625353,0.0021963596343994142,0.0010260823288905676,0.03,3,15,10,"{'hgb__learning_rate': 0.03, 'hgb__max_depth': 3, 'hgb__max_leaf_nodes': 15, 'hgb__min_samples_leaf': 10}",-0.008441120963658517,-0.008919187730730567,-0.015019941272073524,-0.010323864065394728,-0.009986326198195703,-0.010538088046010608,0.0023433075157062782,30,-0.006523173053525854,-0.00615108284509912,-0.008799725198376592,-0.007875107163664333,-0.006542518524852807,-0.007178321357103741,0.0010003143884243007,19,-0.049558047224972146,-0.07701274439434447,-0.03689731492961501,-0.09092933219341881,-0.1047415307961519,-0.07182779390770047,0.025263200633899422,29
0.025776767730712892,0.0013144845631902432,0.0016769886016845704,2.2338383179512678e-05,0.03,3,15,20,"{'hgb__learning_rate': 0.03, 'hgb__max_depth': 3, 'hgb__max_leaf_nodes': 15, 'hgb__min_samples_leaf': 20}",-0.008379712542606799,-0.008890955392885752,-0.014944510217634812,-0.010000634643629694,-0.009762632954915466,-0.010395689150334505,0.0023484883085019806,7,-0.006440249789919995,-0.006139614623416615,-0.00876065463579779,-0.007778771101075195,-0.0064617418591407655,-0.007116206401870072,0.0009982158739844365,4,-0.03434270734465139,-0.07020529401757769,-0.026508744424909025,-0.023686996267729743,-0.05580352559246493,-0.04210945352946656,0.017999973693452232,4
0.02530679702758789,0.0035853887003509557,0.0016844749450683593,1.9738063492943057e-05,0.03,3,15,50,"{'hgb__learning_rate': 0.03, 'hgb__max_depth': 3, 'hgb__max_leaf_nodes': 15, 'hgb__min_samples_leaf': 50}",-0.008332928165620186,-0.00882886039865756,-0.014771550574846101,-0.010109285454141949,-0.00972394803828955,-0.01035331452631107,0.0022970582743443097,1,-0.006405601991288561,-0.00612814364526242,-0.008663981486320369,-0.007824863265218062,-0.0064635727049919805,-0.00709723261861628,0.0009801183215708497,1,-0.022825368549287406,-0.05530873278339099,-0.002885730904679029,-0.046051299869408036,-0.0474527560790019,-0.034904777637153474,0.019334681709453166,1
0.028104400634765624,0.005827627598383215,0.0016499996185302735,4.815361237322292e-05,0.03,3,31,10,"{'hgb__learning_rate': 0.03, 'hgb__max_depth': 3, 'hgb__max_leaf_nodes': 31, 'hgb__min_samples_leaf': 10}",-0.008441120963658517,-0.008919187730730567,-0.015019941272073524,-0.010323864065394728,-0.009986326198195703,-0.010538088046010608,0.0023433075157062782,30,-0.006523173053525854,-0.00615108284509912,-0.008799725198376592,-0.007875107163664333,-0.006542518524852807,-0.007178321357103741,0.0010003143884243007,19,-0.049558047224972146,-0.07701274439434447,-0.03689731492961501,-0.09092933219341881,-0.1047415307961519,-0.07182779390770047,0.025263200633899422,29
0.030648565292358397,0.009436526302511886,0.0016576290130615235,3.2174885382018346e-05,0.03,3,31,20,"{'hgb__learning_rate': 0.03, 'hgb__max_depth': 3, 'hgb__max_leaf_nodes': 31, 'hgb__min_samples_leaf': 20}",-0.008379712542606799,-0.008890955392885752,-0.014944510217634812,-0.010000634643629694,-0.009762632954915466,-0.010395689150334505,0.0023484883085019806,7,-0.006440249789919995,-0.006139614623416615,-0.00876065463579779,-0.007778771101075195,-0.0064617418591407655,-0.007116206401870072,0.0009982158739844365,4,-0.03434270734465139,-0.07020529401757769,-0.026508744424909025,-0.023686996267729743,-0.05580352559246493,-0.04210945352946656,0.017999973693452232,4
0.02337045669555664,0.0014917980650470716,0.0016488075256347657,2.3210070105034838e-05,0.03,3,31,50,"{'hgb__learning_rate': 0.03, 'hgb__max_depth': 3, 'hgb__max_leaf_nodes': 31, 'hgb__min_samples_leaf': 50}",-0.008332928165620186,-0.00882886039865756,-0.014771550574846101,-0.010109285454141949,-0.00972394803828955,-0.01035331452631107,0.0022970582743443097,1,-0.006405601991288561,-0.00612814364526242,-0.008663981486320369,-0.007824863265218062,-0.0064635727049919805,-0.00709723261861628,0.0009801183215708497,1,-0.022825368549287406,-0.05530873278339099,-0.002885730904679029,-0.046051299869408036,-0.0474527560790019,-0.034904777637153474,0.019334681709453166,1
0.02908163070678711,0.003227275804857274,0.001925039291381836,0.00048642755193820987,0.03,3,63,10,"{'hgb__learning_rate': 0.03, 'hgb__max_depth': 3, 'hgb__max_leaf_nodes': 63, 'hgb__min_samples_leaf': 10}",-0.008441120963658517,-0.008919187730730567,-0.015019941272073524,-0.010323864065394728,-0.009986326198195703,-0.010538088046010608,0.0023433075157062782,30,-0.006523173053525854,-0.00615108284509912,-0.008799725198376592,-0.007875107163664333,-0.006542518524852807,-0.007178321357103741,0.0010003143884243007,19,-0.049558047224972146,-0.07701274439434447,-0.03689731492961501,-0.09092933219341881,-0.1047415307961519,-0.07182779390770047,0.025263200633899422,29
0.028692913055419923,0.005106706991674695,0.0016558647155761718,3.884610619819078e-05,0.03,3,63,20,"{'hgb__learning_rate': 0.03, 'hgb__max_depth': 3, 'hgb__max_leaf_nodes': 63, 'hgb__min_samples_leaf': 20}",-0.008379712542606799,-0.008890955392885752,-0.014944510217634812,-0.010000634643629694,-0.009762632954915466,-0.010395689150334505,0.0023484883085019806,7,-0.006440249789919995,-0.006139614623416615,-0.00876065463579779,-0.007778771101075195,-0.0064617418591407655,-0.007116206401870072,0.0009982158739844365,4,-0.03434270734465139,-0.07020529401757769,-0.026508744424909025,-0.023686996267729743,-0.05580352559246493,-0.04210945352946656,0.017999973693452232,4
0.025014686584472656,0.0048341508479251725,0.0016483783721923829,5.3484339468023493e-05,0.03,3,63,50,"{'hgb__learning_rate': 0.03, 'hgb__max_depth': 3, 'hgb__max_leaf_nodes': 63, 'hgb__min_samples_leaf': 50}",-0.008332928165620186,-0.00882886039865756,-0.014771550574846101,-0.010109285454141949,-0.00972394803828955,-0.01035331452631107,0.0022970582743443097,1,-0.006405601991288561,-0.00612814364526242,-0.008663981486320369,-0.007824863265218062,-0.0064635727049919805,-0.00709723261861628,0.0009801183215708497,1,-0.022825368549287406,-0.05530873278339099,-0.002885730904679029,-0.046051299869408036,-0.0474527560790019,-0.034904777637153474,0.019334681709453166,1
0.046211862564086915,0.007648555415324827,0.0036188602447509766,0.0019929428770281655,0.03,5,15,10,"{'hgb__learning_rate': 0.03, 'hgb__max_depth': 5, 'hgb__max_leaf_nodes': 15, 'hgb__min_samples_leaf': 10}",-0.008653872856689561,-0.009103149817669801,-0.015007488061351113,-0.010179194969064422,-0.010041808642907712,-0.010597102869536522,0.0022778294420607004,44,-0.0066972780684057655,-0.006268916821532492,-0.008812254828116688,-0.007797588633404853,-0.006577530036308997,-0.00723071367755376,0.0009443384178401666,34,-0.1031313715833353,-0.12189861772863808,-0.03517862009717132,-0.060569001711587855,-0.11705116877339461,-0.08756575597882543,0.03395190745626453,44
0.03621234893798828,0.0020770330369242807,0.0021202564239501953,2.1673809389807724e-05,0.03,5,15,20,"{'hgb__learning_rate': 0.03, 'hgb__max_depth': 5, 'hgb__max_leaf_nodes': 15, 'hgb__min_samples_leaf': 20}",-0.008435209283672468,-0.008959127471122062,-0.015013687010793307,-0.010093948737374884,-0.009817251084983932,-0.01046384471758933,0.002350978816173866,18,-0.006490497082479746,-0.006205881500966027,-0.008798532607945386,-0.007857195551228558,-0.006517765118389634,-0.0071739743722018705,0.0009940760774191353,16,-0.048088460747862216,-0.08667997458136467,-0.03603397246542861,-0.042879795170227775,-0.06765019113909632,-0.05626647882079592,0.018493281064784338,18
0.03603277206420898,0.007171966179341173,0.002039813995361328,3.627242310633858e-05,0.03,5,15,50,"{'hgb__learning_rate': 0.03, 'hgb__max_depth': 5, 'hgb__max_leaf_nodes': 15, 'hgb__min_samples_leaf': 50}",-0.00836480857613593,-0.008871300706339432,-0.014757874403922866,-0.010143414343124433,-0.009804824089056622,-0.010388444423715856,0.0022754954577032015,6,-0.006438228234988082,-0.006165334441808132,-0.008680448304014248,-0.00785310894397381,-0.00652524533046031,-0.007132473051048917,0.0009697011841518517,9,-0.03066666240936855,-0.06547885039591117,-0.0010295564531384027,-0.05312614829498963,-0.06494896915163184,-0.043050037341007916,0.024508005509222764,9
0.04379701614379883,0.007179681356922731,0.0029729366302490234,0.0016286580883416119,0.03,5,31,10,"{'hgb__learning_rate': 0.03, 'hgb__max_depth': 5, 'hgb__max_leaf_nodes': 31, 'hgb__min_samples_leaf': 10}",-0.00861229746893869,-0.009092423094699346,-0.01499970200813422,-0.010179194969064422,-0.010041808642907712,-0.010585085236748877,0.002283360219156967,42,-0.006647285011093847,-0.006253329009607451,-0.008805600126842072,-0.007797588633404853,-0.006577530036308997,-0.007216266563451444,0.0009510930149430364,28,-0.09255739013320308,-0.1192561905269296,-0.03410477416181412,-0.060569001711587855,-0.11705116877339461,-0.08470770506138585,0.03299893532711625,39
0.05927996635437012,0.02651969245987462,0.004313802719116211,0.002649906768107545,0.03,5,31,20,"{'hgb__learning_rate': 0.03, 'hgb__max_depth': 5, 'hgb__max_leaf_nodes': 31, 'hgb__min_samples_leaf': 20}",-0.00842071029279595,-0.008961174041485467,-0.015010102405135093,-0.010093948737374884,-0.009817251084983932,-0.010460637312355064,0.0023518389113555433,16,-0.006489373271743681,-0.006214072705737013,-0.008806112696832673,-0.007857195551228558,-0.006517765118389634,-0.007176903868786312,0.000995120519461583,17,-0.044488510969378,-0.08717650084524986,-0.03553931317293335,-0.042879795170227775,-0.06765019113909632,-0.055546862259377064,0.019130961028573902,16
0.035806798934936525,0.006770684859223291,0.0020749568939208984,6.965805899842996e-05,0.03,5,31,50,"{'hgb__learning_rate': 0.03, 'hgb__max_depth': 5, 'hgb__max_leaf_nodes': 31, 'hgb__min_samples_leaf': 50}",-0.00836480857613593,-0.008871300706339432,-0.014756156236833122,-0.010143414343124433,-0.009804824089056622,-0.010388100790297908,0.002274835617368084,4,-0.006438228234988082,-0.006165334441808132,-0.008677001387296955,-0.00785310894397381,-0.00652524533046031,-0.007131783667705458,0.0009686010483331718,7,-0.03066666240936855,-0.06547885039591117,-0.0007964827906330463,-0.05312614829498963,-0.06494896915163184,-0.04300342260850685,0.024587976181978596,7
0.04744143486022949,0.011196309794233078,0.0032682418823242188,0.002214138859139786,0.03,5,63,10,"{'hgb__learning_rate': 0.03, 'hgb__max_depth': 5, 'hgb__max_leaf_nodes': 63, 'hgb__min_samples_leaf': 10}",-0.00861229746893869,-0.009092423094699346,-0.01499970200813422,-0.010179194969064422,-0.010041808642907712,-0.010585085236748877,0.002283360219156967,42,-0.006647285011093847,-0.006253329009607451,-0.008805600126842072,-0.007797588633404853,-0.006577530036308997,-0.007216266563451444,0.0009510930149430364,28,-0.09255739013320308,-0.1192561905269296,-0.03410477416181412,-0.060569001711587855,-0.11705116877339461,-0.08470770506138585,0.03299893532711625,39
0.03944783210754395,0.006011911436770852,0.00214080810546875,4.532672667992885e-05,0.03,5,63,20,"{'hgb__learning_rate': 0.03, 'hgb__max_depth': 5, 'hgb__max_leaf_nodes': 63, 'hgb__min_samples_leaf': 20}",-0.00842071029279595,-0.008961174041485467,-0.015010102405135093,-0.010093948737374884,-0.009817251084983932,-0.010460637312355064,0.0023518389113555433,16,-0.006489373271743681,-0.006214072705737013,-0.008806112696832673,-0.007857195551228558,-0.006517765118389634,-0.007176903868786312,0.000995120519461583,17,-0.044488510969378,-0.08717650084524986,-0.03553931317293335,-0.042879795170227775,-0.06765019113909632,-0.055546862259377064,0.019130961028573902,16
0.04090108871459961,0.0031575064941241097,0.00312190055847168,0.0008653146107657908,0.03,5,63,50,"{'hgb__learning_rate': 0.03, 'hgb__max_depth': 5, 'hgb__max_leaf_nodes': 63, 'hgb__min_samples_leaf': 50}",-0.00836480857613593,-0.008871300706339432,-0.014756156236833122,-0.010143414343124433,-0.009804824089056622,-0.010388100790297908,0.002274835617368084,4,-0.006438228234988082,-0.006165334441808132,-0.008677001387296955,-0.00785310894397381,-0.00652524533046031,-0.007131783667705458,0.0009686010483331718,7,-0.03066666240936855,-0.06547885039591117,-0.0007964827906330463,-0.05312614829498963,-0.06494896915163184,-0.04300342260850685,0.024587976181978596,7
0.07429180145263672,0.01300718340374772,0.0036545276641845705,0.001229494615795091,0.03,,15,10,"{'hgb__learning_rate': 0.03, 'hgb__max_depth': None, 'hgb__max_leaf_nodes': 15, 'hgb__min_samples_leaf': 10}",-0.008629431715019438,-0.009127924956097381,-0.015070382983120887,-0.01040798944773726,-0.010308845773809451,-0.010708914975156882,0.00228459163935136,62,-0.006680050747896746,-0.006259277274170702,-0.008826097087056435,-0.007962903191514941,-0.006773103636874095,-0.007300286387502584,0.0009501024360636146,48,-0.09690902085685327,-0.12801364776149238,-0.04387346731135966,-0.10878093627943386,-0.17725154668248688,-0.11096572377832521,0.04333169071588285,61
0.065913724899292,0.009097298606601313,0.0032294750213623046,0.00022462930563359648,0.03,,15,20,"{'hgb__learning_rate': 0.03, 'hgb__max_depth': None, 'hgb__max_leaf_nodes': 15, 'hgb__min_samples_leaf': 20}",-0.008471294798867778,-0.008987383670426384,-0.015024375753835233,-0.010146642857956252,-0.009978531093200873,-0.010521645634857305,0.0023352977257101734,28,-0.006541384410258307,-0.006242644184645681,-0.008834946902664386,-0.007851302550213792,-0.006665886834495492,-0.007227232976455532,0.0009725348052612304,30,-0.05707500958702383,-0.09354534556892657,-0.037509671651854815,-0.05379664727440181,-0.10301753038778316,-0.06898884089399804,0.024998615361959808,28
0.06989049911499023,0.024269728411209307,0.004637479782104492,0.001488721080078829,0.03,,15,50,"{'hgb__learning_rate': 0.03, 'hgb__max_depth': None, 'hgb__max_leaf_nodes': 15, 'hgb__min_samples_leaf': 50}",-0.008378365361392881,-0.008925975914068913,-0.014760909183760114,-0.010202956275894997,-0.009877308817956005,-0.01042910311061458,0.002262082220993875,13,-0.006454152173576591,-0.0062222812023685885,-0.008716266168810797,-0.007873330334398477,-0.006646341809937922,-0.007182474337818476,0.000955998065748251,22,-0.03401015773824079,-0.07865274621671947,-0.001441298223741283,-0.06552615565670195,-0.08075299982819639,-0.05207667153271998,0.030331001052212047,13
0.1401655673980713,0.019656685125461426,0.005113792419433594,0.0006474532686214201,0.03,,31,10,"{'hgb__learning_rate': 0.03, 'hgb__max_depth': None, 'hgb__max_leaf_nodes': 31, 'hgb__min_samples_leaf': 10}",-0.008792433165783271,-0.009299646010137748,-0.015102375851824213,-0.010449626961629916,-0.010458335052556644,-0.01082048340838636,0.002237374488606466,75,-0.0067971386744224,-0.00641561080189485,-0.008944628881919646,-0.007962168004025475,-0.006953792767186501,-0.007414667825889775,0.0009200435085219633,71,-0.13873945056980097,-0.17085487174663672,-0.04831024313712384,-0.11767011280222994,-0.2116419109466232,-0.13744331784048294,0.054697582683269984,76
0.10850625038146973,0.02429686729666592,0.005332040786743164,0.0010724907622089543,0.03,,31,20,"{'hgb__learning_rate': 0.03, 'hgb__max_depth': None, 'hgb__max_leaf_nodes': 31, 'hgb__min_samples_leaf': 20}",-0.00850112076839093,-0.009132020738613295,-0.015003925868447487,-0.010124846253790308,-0.010160036418913733,-0.01058439000963115,0.0022966471593061514,41,-0.006560897910543682,-0.006406096490792587,-0.00884070717594386,-0.007843585135737189,-0.006864934380330756,-0.007303244218669615,0.0009169327404837987,51,-0.06453167131416526,-0.12902617473524747,-0.03468725628141356,-0.04927406419414493,-0.1435093350222547,-0.08420570030944519,0.04378392155908493,38
0.08909487724304199,0.035573920694631056,0.00498051643371582,0.0021483384272184894,0.03,,31,50,"{'hgb__learning_rate': 0.03, 'hgb__max_depth': None, 'hgb__max_leaf_nodes': 31, 'hgb__min_samples_leaf': 50}",-0.008378365361392881,-0.008924484716319738,-0.014779630549837096,-0.010208048546828503,-0.009913891723241346,-0.010440884179523912,0.0022676024675364844,14,-0.006454152173576591,-0.006221732147757292,-0.008754547279278727,-0.007894965877515822,-0.006696160554198712,-0.007204311606465429,0.0009660903707966556,27,-0.03401015773824079,-0.07829237101430175,-0.003983179383956426,-0.06659002415978055,-0.0887734642570106,-0.054329839310658025,0.03117227608823956,14
0.21421165466308595,0.0426492410657544,0.00736842155456543,0.0006388562848393606,0.03,,63,10,"{'hgb__learning_rate': 0.03, 'hgb__max_depth': None, 'hgb__max_leaf_nodes': 63, 'hgb__min_samples_leaf': 10}",-0.008848177529177579,-0.00932404890127191,-0.015217312904090615,-0.01057099179607477,-0.010579976090803755,-0.010908101444283724,0.0022602266064663244,84,-0.006856424908499099,-0.006443614388859056,-0.009078826219629065,-0.008055174356884364,-0.007128182220030839,-0.007512444418780485,0.0009453596564126761,84,-0.15322452699619404,-0.17700773642008416,-0.06432735004297485,-0.14378273151164223,-0.2399910697703278,-0.15566668294824462,0.05666764321767686,84
0.19768595695495605,0.08504526065629513,0.007333803176879883,0.0027525714316815227,0.03,,63,20,"{'hgb__learning_rate': 0.03, 'hgb__max_depth': None, 'hgb__max_leaf_nodes': 63, 'hgb__min_samples_leaf': 20}",-0.00850112076839093,-0.00918092527290998,-0.015077775849832824,-0.01021772758064385,-0.010219623559681491,-0.010639434606291815,0.0023131185300098393,51,-0.006560897910543682,-0.006458671345908102,-0.008947697134980594,-0.007883133097898863,-0.006970764454317377,-0.007364232788729724,0.0009377443841606422,64,-0.06453167131416526,-0.14115105825000795,-0.04489787528828182,-0.06861361469102589,-0.15696170073599913,-0.095231184055896,0.04495261636115279,51
0.09757494926452637,0.04314426825067666,0.005144882202148438,0.001832171793503326,0.03,,63,50,"{'hgb__learning_rate': 0.03, 'hgb__max_depth': None, 'hgb__max_leaf_nodes': 63, 'hgb__min_samples_leaf': 50}",-0.008378365361392881,-0.008924484716319738,-0.014779630549837096,-0.010207448713884121,-0.009926580869256709,-0.010443302042138109,0.0022670307476665825,15,-0.006454152173576591,-0.006221732147757292,-0.008754547279278727,-0.007880017508982163,-0.006696171586743237,-0.007201324139267602,0.0009639680835202074,26,-0.03401015773824079,-0.07829237101430175,-0.003983179383956426,-0.06646468050867216,-0.091562368432345,-0.054862551415503225,0.031793003115127554,15
0.02843785285949707,0.0028935269561540023,0.0025940418243408205,0.0014384225122440455,0.05,3,15,10,"{'hgb__learning_rate': 0.05, 'hgb__max_depth': 3, 'hgb__max_leaf_nodes': 15, 'hgb__min_samples_leaf': 10}",-0.00862189630757103,-0.009027807478609014,-0.015155443944584538,-0.010380784627737519,-0.010252074641865441,-0.010687601400073509,0.002335272595752618,55,-0.006672041632945241,-0.006215082763598091,-0.008866853379834108,-0.007935916989654436,-0.006617867177141237,-0.007261552388634624,0.0009888084896629388,38,-0.09499416764209467,-0.10340465123761589,-0.05569048156292866,-0.1029921595396126,-0.16432092842180057,-0.10428047768081047,0.03479800522341394,55
0.029518699645996092,0.0031567639963949036,0.0017046928405761719,8.834391254820011e-05,0.05,3,15,20,"{'hgb__learning_rate': 0.05, 'hgb__max_depth': 3, 'hgb__max_leaf_nodes': 15, 'hgb__min_samples_leaf': 20}",-0.008496176482601129,-0.009012359182572212,-0.015003903830160687,-0.009945278630024696,-0.009926203161807859,-0.010476784257433317,0.002330141513222151,22,-0.006519882196934989,-0.006231634410041448,-0.008765616927523107,-0.007745722320570992,-0.006534730494732058,-0.007159517269960518,0.0009574602460948693,13,-0.06329375966315309,-0.09963161165856826,-0.034684216714575555,-0.012385633972551435,-0.09147930188626852,-0.06029490477902337,0.033106017078555296,19
0.025525379180908202,0.0035633112299217748,0.0026884555816650392,0.0020303824542314934,0.05,3,15,50,"{'hgb__learning_rate': 0.05, 'hgb__max_depth': 3, 'hgb__max_leaf_nodes': 15, 'hgb__min_samples_leaf': 50}",-0.008410285105834622,-0.008914587699628556,-0.01478786636006952,-0.010171330192836031,-0.009810064996792482,-0.010418826871032242,0.0022723259972698283,10,-0.00646848384714242,-0.006210100544834375,-0.008689423525744014,-0.007866869824005791,-0.006534944317355157,-0.007153964411816352,0.0009601892832727438,10,-0.04190387211609936,-0.07590210187979562,-0.005102411521464401,-0.058930774802343544,-0.06608775367392483,-0.049585382798725555,0.024859503773876142,10
0.032652759552001955,0.00438621183234582,0.0017481327056884765,0.00015740389536452617,0.05,3,31,10,"{'hgb__learning_rate': 0.05, 'hgb__max_depth': 3, 'hgb__max_leaf_nodes': 31, 'hgb__min_samples_leaf': 10}",-0.00862189630757103,-0.009027807478609014,-0.015155443944584538,-0.010380784627737519,-0.010252074641865441,-0.010687601400073509,0.002335272595752618,55,-0.006672041632945241,-0.006215082763598091,-0.008866853379834108,-0.007935916989654436,-0.006617867177141237,-0.007261552388634624,0.0009888084896629388,38,-0.09499416764209467,-0.10340465123761589,-0.05569048156292866,-0.1029921595396126,-0.16432092842180057,-0.10428047768081047,0.03479800522341394,55
0.025781011581420897,0.0031983215842522356,0.0016849994659423827,5.5100302913358165e-05,0.05,3,31,20,"{'hgb__learning_rate': 0.05, 'hgb__max_depth': 3, 'hgb__max_leaf_nodes': 31, 'hgb__min_samples_leaf': 20}",-0.008496176482601129,-0.009012359182572212,-0.015003903830160687,-0.009945278630024696,-0.009926203161807859,-0.010476784257433317,0.002330141513222151,22,-0.006519882196934989,-0.006231634410041448,-0.008765616927523107,-0.007745722320570992,-0.006534730494732058,-0.007159517269960518,0.0009574602460948693,13,-0.06329375966315309,-0.09963161165856826,-0.034684216714575555,-0.012385633972551435,-0.09147930188626852,-0.06029490477902337,0.033106017078555296,19
0.024252843856811524,0.0034114728334469933,0.001650524139404297,5.296379521546073e-05,0.05,3,31,50,"{'hgb__learning_rate': 0.05, 'hgb__max_depth': 3, 'hgb__max_leaf_nodes': 31, 'hgb__min_samples_leaf': 50}",-0.008410285105834622,-0.008914587699628556,-0.01478786636006952,-0.010171330192836031,-0.009810064996792482,-0.010418826871032242,0.0022723259972698283,10,-0.00646848384714242,-0.006210100544834375,-0.008689423525744014,-0.007866869824005791,-0.006534944317355157,-0.007153964411816352,0.0009601892832727438,10,-0.04190387211609936,-0.07590210187979562,-0.005102411521464401,-0.058930774802343544,-0.06608775367392483,-0.049585382798725555,0.024859503773876142,10
0.03391871452331543,0.011713037913052194,0.001874828338623047,0.0005064615969566861,0.05,3,63,10,"{'hgb__learning_rate': 0.05, 'hgb__max_depth': 3, 'hgb__max_leaf_nodes': 63, 'hgb__min_samples_leaf': 10}",-0.00862189630757103,-0.009027807478609014,-0.015155443944584538,-0.010380784627737519,-0.010252074641865441,-0.010687601400073509,0.002335272595752618,55,-0.006672041632945241,-0.006215082763598091,-0.008866853379834108,-0.007935916989654436,-0.006617867177141237,-0.007261552388634624,0.0009888084896629388,38,-0.09499416764209467,-0.10340465123761589,-0.05569048156292866,-0.1029921595396126,-0.16432092842180057,-0.10428047768081047,0.03479800522341394,55
0.02514495849609375,0.002116973282602734,0.002283668518066406,0.0009373509757675743,0.05,3,63,20,"{'hgb__learning_rate': 0.05, 'hgb__max_depth': 3, 'hgb__max_leaf_nodes': 63, 'hgb__min_samples_leaf': 20}",-0.008496176482601129,-0.009012359182572212,-0.015003903830160687,-0.009945278630024696,-0.009926203161807859,-0.010476784257433317,0.002330141513222151,22,-0.006519882196934989,-0.006231634410041448,-0.008765616927523107,-0.007745722320570992,-0.006534730494732058,-0.007159517269960518,0.0009574602460948693,13,-0.06329375966315309,-0.09963161165856826,-0.034684216714575555,-0.012385633972551435,-0.09147930188626852,-0.06029490477902337,0.033106017078555296,19
0.027430343627929687,0.005081550735004624,0.0024557113647460938,0.0009238484348861866,0.05,3,63,50,"{'hgb__learning_rate': 0.05, 'hgb__max_depth': 3, 'hgb__max_leaf_nodes': 63, 'hgb__min_samples_leaf': 50}",-0.008410285105834622,-0.008914587699628556,-0.01478786636006952,-0.010171330192836031,-0.009810064996792482,-0.010418826871032242,0.0022723259972698283,10,-0.00646848384714242,-0.006210100544834375,-0.008689423525744014,-0.007866869824005791,-0.006534944317355157,-0.007153964411816352,0.0009601892832727438,10,-0.04190387211609936,-0.07590210187979562,-0.005102411521464401,-0.058930774802343544,-0.06608775367392483,-0.049585382798725555,0.024859503773876142,10
0.046053314208984376,0.004536135178359472,0.002876472473144531,0.001312767973002194,0.05,5,15,10,"{'hgb__learning_rate': 0.05, 'hgb__max_depth': 5, 'hgb__max_leaf_nodes': 15, 'hgb__min_samples_leaf': 10}",-0.008832353191273767,-0.009296093533700053,-0.015130807108703709,-0.010377090554537232,-0.010324258374187803,-0.010792120552480513,0.0022491834474401545,68,-0.006808800502746951,-0.006413253707649348,-0.008872043755158376,-0.007882445533852226,-0.006712532600791472,-0.007337815220039674,0.0009139068105595578,58,-0.1491032950249922,-0.16996050654504935,-0.05226099007555218,-0.1022072846101314,-0.1807743603558225,-0.13086128732230953,0.047648490526373495,71
0.045068359375,0.006751933184235136,0.002176046371459961,5.566468808383093e-05,0.05,5,15,20,"{'hgb__learning_rate': 0.05, 'hgb__max_depth': 5, 'hgb__max_leaf_nodes': 15, 'hgb__min_samples_leaf': 20}",-0.008637446442524706,-0.009063973488703546,-0.015081893071124546,-0.01021601677802296,-0.010092513955877104,-0.010618368747250572,0.002310915729996241,50,-0.006693023375701536,-0.006289105543477487,-0.008823460692058693,-0.007955619574969154,-0.006677106739381501,-0.007287663185117675,0.0009516651471100679,45,-0.09894751186815287,-0.11226298730870865,-0.0454686044458219,-0.06825579855093111,-0.1283605716514209,-0.09065909476500708,0.030003051468396744,50
0.036066436767578126,0.005185432888580966,0.0026838302612304686,0.001086168222239048,0.05,5,15,50,"{'hgb__learning_rate': 0.05, 'hgb__max_depth': 5, 'hgb__max_leaf_nodes': 15, 'hgb__min_samples_leaf': 50}",-0.008458033560601073,-0.008944899366706316,-0.014745738620800709,-0.010236506199912681,-0.009939777743814555,-0.010464991098367068,0.0022356838416244325,21,-0.006529888678306415,-0.006237856991288587,-0.008679838383454135,-0.007915633878018837,-0.006631335244581997,-0.007198910635129995,0.0009381039933463792,23,-0.05376804136340119,-0.08323117468994723,0.0006161117971330565,-0.07254512063018614,-0.09446664883444944,-0.06067897474417019,0.03345403621482086,24
0.048333024978637694,0.004145800549604663,0.002443742752075195,0.0004963747338042317,0.05,5,31,10,"{'hgb__learning_rate': 0.05, 'hgb__max_depth': 5, 'hgb__max_leaf_nodes': 31, 'hgb__min_samples_leaf': 10}",-0.008909942726544832,-0.009300337039714206,-0.015108276571569589,-0.010377090554537232,-0.010324258374187803,-0.010803981053310732,0.00222655140332282,72,-0.006893320452715277,-0.00640407818100528,-0.008830344932925614,-0.007882445533852226,-0.006712532600791472,-0.007344544340257974,0.000892688022486441,59,-0.1693810179299613,-0.17102888383397685,-0.0491295835442378,-0.1022072846101314,-0.1807743603558225,-0.13450422605482598,0.05103584735479682,72
0.043849515914916995,0.003590553811696564,0.002187347412109375,4.223700702678376e-05,0.05,5,31,20,"{'hgb__learning_rate': 0.05, 'hgb__max_depth': 5, 'hgb__max_leaf_nodes': 31, 'hgb__min_samples_leaf': 20}",-0.008606829359085164,-0.009068315690132004,-0.015072006775625705,-0.01024750701476591,-0.010092513955877104,-0.010617434559097179,0.0023107533057644663,48,-0.006655862129015386,-0.006297109543556777,-0.00883405613466152,-0.007976686597031876,-0.006677106739381501,-0.007288164228729412,0.0009611692281875035,46,-0.09117046004202578,-0.11332892749332646,-0.0440984284462862,-0.07485161270466212,-0.1283605716514209,-0.09036200006754429,0.029505643462322293,48
0.03372225761413574,0.0043423763472345885,0.0028207778930664064,0.0013789393361091859,0.05,5,31,50,"{'hgb__learning_rate': 0.05, 'hgb__max_depth': 5, 'hgb__max_leaf_nodes': 31, 'hgb__min_samples_leaf': 50}",-0.008458033560601073,-0.008944899366706316,-0.01474464134530999,-0.010236506199912681,-0.009939777743814555,-0.010464771643268924,0.0022352636463306543,19,-0.006529888678306415,-0.006237856991288587,-0.008685830189006967,-0.007915633878018837,-0.006631335244581997,-0.007200108996240561,0.0009399969250226989,24,-0.05376804136340119,-0.08323117468994723,0.0007648406840182753,-0.07254512063018614,-0.09446664883444944,-0.060649228966793145,0.033508545451940486,22
0.04708876609802246,0.006509541548490766,0.0029924392700195314,0.001568751141787796,0.05,5,63,10,"{'hgb__learning_rate': 0.05, 'hgb__max_depth': 5, 'hgb__max_leaf_nodes': 63, 'hgb__min_samples_leaf': 10}",-0.008909942726544832,-0.009300337039714206,-0.015108276571569589,-0.010377090554537232,-0.010324258374187803,-0.010803981053310732,0.00222655140332282,72,-0.006893320452715277,-0.00640407818100528,-0.008830344932925614,-0.007882445533852226,-0.006712532600791472,-0.007344544340257974,0.000892688022486441,59,-0.1693810179299613,-0.17102888383397685,-0.0491295835442378,-0.1022072846101314,-0.1807743603558225,-0.13450422605482598,0.05103584735479682,72
0.04224085807800293,0.004782217546636274,0.0021847248077392577,2.9489438813255025e-05,0.05,5,63,20,"{'hgb__learning_rate': 0.05, 'hgb__max_depth': 5, 'hgb__max_leaf_nodes': 63, 'hgb__min_samples_leaf': 20}",-0.008606829359085164,-0.009068315690132004,-0.015072006775625705,-0.01024750701476591,-0.010092513955877104,-0.010617434559097179,0.0023107533057644663,48,-0.006655862129015386,-0.006297109543556777,-0.00883405613466152,-0.007976686597031876,-0.006677106739381501,-0.007288164228729412,0.0009611692281875035,46,-0.09117046004202578,-0.11332892749332646,-0.0440984284462862,-0.07485161270466212,-0.1283605716514209,-0.09036200006754429,0.029505643462322293,48
0.037987041473388675,0.00475841947168543,0.0021153926849365235,5.2740776453853104e-05,0.05,5,63,50,"{'hgb__learning_rate': 0.05, 'hgb__max_depth': 5, 'hgb__max_leaf_nodes': 63, 'hgb__min_samples_leaf': 50}",-0.008458033560601073,-0.008944899366706316,-0.01474464134530999,-0.010236506199912681,-0.009939777743814555,-0.010464771643268924,0.0022352636463306543,19,-0.006529888678306415,-0.006237856991288587,-0.008685830189006967,-0.007915633878018837,-0.006631335244581997,-0.007200108996240561,0.0009399969250226989,24,-0.05376804136340119,-0.08323117468994723,0.0007648406840182753,-0.07254512063018614,-0.09446664883444944,-0.060649228966793145,0.033508545451940486,22
0.07317371368408203,0.009065965166501466,0.0031167030334472655,0.00027570123279974334,0.05,,15,10,"{'hgb__learning_rate': 0.05, 'hgb__max_depth': None, 'hgb__max_leaf_nodes': 15, 'hgb__min_samples_leaf': 10}",-0.00883854076642547,-0.009323243043999518,-0.015227813225306178,-0.010626246528704069,-0.010655490746818928,-0.010934266862250833,0.0022625029781998436,86,-0.006794004164169611,-0.006462717424991195,-0.008932375817317744,-0.008080186749066555,-0.006910100560270343,-0.0074358769431630885,0.000926296380577907,74,-0.15071388585657997,-0.1768042927732969,-0.06579668104852243,-0.15577112056109943,-0.257755130379395,-0.16136822212377874,0.06133102029294866,86
0.07091560363769531,0.006710861481503782,0.00446162223815918,0.0022955941032659433,0.05,,15,20,"{'hgb__learning_rate': 0.05, 'hgb__max_depth': None, 'hgb__max_leaf_nodes': 15, 'hgb__min_samples_leaf': 20}",-0.008701531362253719,-0.009183312134516364,-0.015130334672611915,-0.010431383925879759,-0.010248828045691874,-0.010739078028190725,0.002288674706239474,65,-0.006735366978563805,-0.006358074744019163,-0.008923190886400256,-0.008045863486666935,-0.006851180070305905,-0.007382735233191213,0.0009554379484216782,65,-0.11531513249946501,-0.14174448944142926,-0.05219528065170831,-0.11377104584817932,-0.1635836178830301,-0.1173219132647624,0.03740246421095483,64
0.06181116104125976,0.013129896744323293,0.003357219696044922,0.0006033626794211053,0.05,,15,50,"{'hgb__learning_rate': 0.05, 'hgb__max_depth': None, 'hgb__max_leaf_nodes': 15, 'hgb__min_samples_leaf': 50}",-0.008460417865641931,-0.009049895792562828,-0.014792911263178474,-0.010324233558009181,-0.010014300275850412,-0.010528351751048567,0.002234035074208805,29,-0.006532424546798706,-0.006354046898948874,-0.008781232030603062,-0.007957541006242354,-0.006763416990151324,-0.007277732294548864,0.0009376406478014977,41,-0.054362235881605825,-0.1088106513753686,-0.005788312933638906,-0.09100742263357042,-0.11093948781532825,-0.0741816221279024,0.0397589505216002,32
0.1246107578277588,0.009002274735976088,0.005040407180786133,0.0002681600501651957,0.05,,31,10,"{'hgb__learning_rate': 0.05, 'hgb__max_depth': None, 'hgb__max_leaf_nodes': 31, 'hgb__min_samples_leaf': 10}",-0.009001600784811483,-0.00946808584031114,-0.015299350767964173,-0.010788299433033364,-0.010913911095102199,-0.011094249584244473,0.0022285686415663597,91,-0.006908180060649969,-0.006563678291654699,-0.009109735524609546,-0.008176187696038006,-0.007244414656147077,-0.00760043924581986,0.0009263164792965953,92,-0.19356400146329777,-0.21365320113654285,-0.07583404699968521,-0.1912915128528978,-0.31950186476502673,-0.19876892544349006,0.0774518838645094,91
0.11873302459716797,0.024422556103110477,0.006686782836914063,0.002188226519344687,0.05,,31,20,"{'hgb__learning_rate': 0.05, 'hgb__max_depth': None, 'hgb__max_leaf_nodes': 31, 'hgb__min_samples_leaf': 20}",-0.008727377934489543,-0.009272975804884712,-0.015133730568104095,-0.010444531946921744,-0.010536198483004789,-0.010822962947480978,0.0022628344194028567,76,-0.006771043350944402,-0.0065425282939872,-0.008960945297494294,-0.008070275112986488,-0.007246525994057011,-0.00751826360989388,0.0008910988727674253,85,-0.12195071999522766,-0.16414877513484916,-0.05266764907861177,-0.11658047440362429,-0.22975068076058713,-0.13701965987458,0.058472431292862906,75
0.0874488353729248,0.0333283078392555,0.006046009063720703,0.003016698945115446,0.05,,31,50,"{'hgb__learning_rate': 0.05, 'hgb__max_depth': None, 'hgb__max_leaf_nodes': 31, 'hgb__min_samples_leaf': 50}",-0.008460417865641931,-0.009062962169142588,-0.014859386212356865,-0.010295560879506544,-0.010135543636627964,-0.010562774152655179,0.00225318183829791,37,-0.006532424546798706,-0.006391647291856732,-0.008872557481653186,-0.00795094665304583,-0.006910627156528216,-0.007331640625976533,0.0009441981637490857,57,-0.054362235881605825,-0.11201479802081526,-0.014848051029942022,-0.0849559000217106,-0.13800266852154208,-0.08083673069512316,0.04315643313635947,37
0.22005801200866698,0.04549548558511192,0.010312700271606445,0.002033673543248044,0.05,,63,10,"{'hgb__learning_rate': 0.05, 'hgb__max_depth': None, 'hgb__max_leaf_nodes': 63, 'hgb__min_samples_leaf': 10}",-0.009011802015311604,-0.009649008758505174,-0.015281424618350551,-0.011036289261174819,-0.01117695613092378,-0.011231096156853186,0.0021851456948093627,100,-0.006998272281503737,-0.006717031167616917,-0.009127937193709534,-0.008343707704938997,-0.007626308701281342,-0.007762651409810105,0.0008829290080941156,101,-0.19627079129417546,-0.2604790550191991,-0.07331442848847591,-0.2466892466753523,-0.38387313224698283,-0.23212533074483713,0.10054838363980878,100
0.18364996910095216,0.0659982460739896,0.007974576950073243,0.003202673535347833,0.05,,63,20,"{'hgb__learning_rate': 0.05, 'hgb__max_depth': None, 'hgb__max_leaf_nodes': 63, 'hgb__min_samples_leaf': 20}",-0.008727377934489543,-0.0094122249360577,-0.015174177707902997,-0.010657344767587533,-0.010678669466129227,-0.0109299589624334,0.0022496994212141586,85,-0.006771043350944402,-0.006675553745605928,-0.009082437425551577,-0.008247769451824056,-0.007383158287588359,-0.007631992452302864,0.0009166131932160913,96,-0.12195071999522766,-0.19937454507655827,-0.05830198921369978,-0.16254586270225868,-0.26323303130698994,-0.16108122965894686,0.0692795536772715,85
0.09597125053405761,0.039615601494201354,0.005196714401245117,0.0022892201567676833,0.05,,63,50,"{'hgb__learning_rate': 0.05, 'hgb__max_depth': None, 'hgb__max_leaf_nodes': 63, 'hgb__min_samples_leaf': 50}",-0.008460417865641931,-0.009062962169142588,-0.014859386212356865,-0.010316282312106292,-0.010088783918764131,-0.010557566495602362,0.002254573241472871,36,-0.006532424546798706,-0.006391647291856732,-0.008872557481653186,-0.007985261157171141,-0.006860019994181164,-0.007328382094332187,0.0009535566364413032,56,-0.054362235881605825,-0.11201479802081526,-0.014848051029942022,-0.08932758310652389,-0.12752667653493854,-0.0796158689147651,0.04067448758500499,36
0.031219863891601564,0.005256181585150937,0.0016803741455078125,4.3654174897624174e-05,0.08,3,15,10,"{'hgb__learning_rate': 0.08, 'hgb__max_depth': 3, 'hgb__max_leaf_nodes': 15, 'hgb__min_samples_leaf': 10}",-0.008755498955172056,-0.009195929336128315,-0.015240939011410963,-0.010610806808089275,-0.010547963192905274,-0.010870227460741178,0.0023043273923144337,79,-0.006810124951502289,-0.006327016243432763,-0.008907965700912056,-0.008082581708531194,-0.00683130183435307,-0.0073917980877462736,0.0009552179128798793,66,-0.12919258115425958,-0.1448839921258107,-0.06763482395568365,-0.15241493658889915,-0.23249849104920361,-0.14532496497477135,0.052812304668685736,79
0.03517794609069824,0.009806880360745944,0.002484035491943359,0.0015926096494269962,0.08,3,15,20,"{'hgb__learning_rate': 0.08, 'hgb__max_depth': 3, 'hgb__max_leaf_nodes': 15, 'hgb__min_samples_leaf': 20}",-0.008618950802266014,-0.009149317053921479,-0.01507362057483139,-0.010119611643317155,-0.010068582854686255,-0.01060601658580446,0.002304574326876285,45,-0.006636976348964536,-0.0063254544182659925,-0.008782161755041146,-0.007869076249693692,-0.006634628008726192,-0.007249659356138312,0.0009316694353075435,35,-0.09424612798077003,-0.13330704236894375,-0.04432202911823202,-0.04818938181408128,-0.1230158385462794,-0.0886160839656613,0.03690150082449866,45
0.026274824142456056,0.00488094483313207,0.0016616344451904296,2.9417645234747593e-05,0.08,3,15,50,"{'hgb__learning_rate': 0.08, 'hgb__max_depth': 3, 'hgb__max_leaf_nodes': 15, 'hgb__min_samples_leaf': 50}",-0.00851321013366862,-0.0090184973892431,-0.014775606841234867,-0.010256683672522944,-0.00990613469021777,-0.01049402654537746,0.0022286631979745166,25,-0.006575664043665823,-0.006310690110915855,-0.008676713321150706,-0.00794183853461592,-0.00664351643207256,-0.0072296844884841725,0.000918361827014824,31,-0.06756154546423487,-0.10113001280939526,-0.0034365911808222904,-0.07677753708508805,-0.08707032933441528,-0.06719520317479115,0.033774866033891904,25
0.03297300338745117,0.00839910224172926,0.003258228302001953,0.0019795236268754807,0.08,3,31,10,"{'hgb__learning_rate': 0.08, 'hgb__max_depth': 3, 'hgb__max_leaf_nodes': 31, 'hgb__min_samples_leaf': 10}",-0.008755498955172056,-0.009195929336128315,-0.015240939011410963,-0.010610806808089275,-0.010547963192905274,-0.010870227460741178,0.0023043273923144337,79,-0.006810124951502289,-0.006327016243432763,-0.008907965700912056,-0.008082581708531194,-0.00683130183435307,-0.0073917980877462736,0.0009552179128798793,66,-0.12919258115425958,-0.1448839921258107,-0.06763482395568365,-0.15241493658889915,-0.23249849104920361,-0.14532496497477135,0.052812304668685736,79
0.03389363288879395,0.004752698382460114,0.0016848087310791016,1.614401899198459e-05,0.08,3,31,20,"{'hgb__learning_rate': 0.08, 'hgb__max_depth': 3, 'hgb__max_leaf_nodes': 31, 'hgb__min_samples_leaf': 20}",-0.008618950802266014,-0.009149317053921479,-0.01507362057483139,-0.010119611643317155,-0.010068582854686255,-0.01060601658580446,0.002304574326876285,45,-0.006636976348964536,-0.0063254544182659925,-0.008782161755041146,-0.007869076249693692,-0.006634628008726192,-0.007249659356138312,0.0009316694353075435,35,-0.09424612798077003,-0.13330704236894375,-0.04432202911823202,-0.04818938181408128,-0.1230158385462794,-0.0886160839656613,0.03690150082449866,45
0.02919158935546875,0.0029783860576540187,0.002546358108520508,0.001738245392821582,0.08,3,31,50,"{'hgb__learning_rate': 0.08, 'hgb__max_depth': 3, 'hgb__max_leaf_nodes': 31, 'hgb__min_samples_leaf': 50}",-0.00851321013366862,-0.0090184973892431,-0.014775606841234867,-0.010256683672522944,-0.00990613469021777,-0.01049402654537746,0.0022286631979745166,25,-0.006575664043665823,-0.006310690110915855,-0.008676713321150706,-0.00794183853461592,-0.00664351643207256,-0.0072296844884841725,0.000918361827014824,31,-0.06756154546423487,-0.10113001280939526,-0.0034365911808222904,-0.07677753708508805,-0.08707032933441528,-0.06719520317479115,0.033774866033891904,25
0.027577829360961915,0.003399006454953466,0.001648092269897461,4.1218593895230104e-05,0.08,3,63,10,"{'hgb__learning_rate': 0.08, 'hgb__max_depth': 3, 'hgb__max_leaf_nodes': 63, 'hgb__min_samples_leaf': 10}",-0.008755498955172056,-0.009195929336128315,-0.015240939011410963,-0.010610806808089275,-0.010547963192905274,-0.010870227460741178,0.0023043273923144337,79,-0.006810124951502289,-0.006327016243432763,-0.008907965700912056,-0.008082581708531194,-0.00683130183435307,-0.0073917980877462736,0.0009552179128798793,66,-0.12919258115425958,-0.1448839921258107,-0.06763482395568365,-0.15241493658889915,-0.23249849104920361,-0.14532496497477135,0.052812304668685736,79
0.030614471435546874,0.004015795633905594,0.0017343521118164062,0.00011955636045377947,0.08,3,63,20,"{'hgb__learning_rate': 0.08, 'hgb__max_depth': 3, 'hgb__max_leaf_nodes': 63, 'hgb__min_samples_leaf': 20}",-0.008618950802266014,-0.009149317053921479,-0.01507362057483139,-0.010119611643317155,-0.010068582854686255,-0.01060601658580446,0.002304574326876285,45,-0.006636976348964536,-0.0063254544182659925,-0.008782161755041146,-0.007869076249693692,-0.006634628008726192,-0.007249659356138312,0.0009316694353075435,35,-0.09424612798077003,-0.13330704236894375,-0.04432202911823202,-0.04818938181408128,-0.1230158385462794,-0.0886160839656613,0.03690150082449866,45
0.02641615867614746,0.005013232864743076,0.0016630172729492187,2.2377028466892187e-05,0.08,3,63,50,"{'hgb__learning_rate': 0.08, 'hgb__max_depth': 3, 'hgb__max_leaf_nodes': 63, 'hgb__min_samples_leaf': 50}",-0.00851321013366862,-0.0090184973892431,-0.014775606841234867,-0.010256683672522944,-0.00990613469021777,-0.01049402654537746,0.0022286631979745166,25,-0.006575664043665823,-0.006310690110915855,-0.008676713321150706,-0.00794183853461592,-0.00664351643207256,-0.0072296844884841725,0.000918361827014824,31,-0.06756154546423487,-0.10113001280939526,-0.0034365911808222904,-0.07677753708508805,-0.08707032933441528,-0.06719520317479115,0.033774866033891904,25
0.04796967506408691,0.004095803212825849,0.002875614166259766,0.0013864579760160694,0.08,5,15,10,"{'hgb__learning_rate': 0.08, 'hgb__max_depth': 5, 'hgb__max_leaf_nodes': 15, 'hgb__min_samples_leaf': 10}",-0.009029110968373246,-0.009592849912139581,-0.015323301739002175,-0.010730330148997212,-0.010771307532619389,-0.011089380060226322,0.0022199320245700157,90,-0.006953297414920741,-0.006617593100762104,-0.008943112396341968,-0.008112472972026247,-0.006981026011716901,-0.007521500379153593,0.0008720372527924741,87,-0.20087055505226536,-0.2458493546790661,-0.07920509714243207,-0.1785234618113558,-0.28524533509400674,-0.19793876075582523,0.06985856434067945,90
0.04236173629760742,0.0043918980907965465,0.0022047996520996095,2.7015087053175833e-05,0.08,5,15,20,"{'hgb__learning_rate': 0.08, 'hgb__max_depth': 5, 'hgb__max_leaf_nodes': 15, 'hgb__min_samples_leaf': 20}",-0.008707079969833182,-0.00925825562974964,-0.015253050185993914,-0.010427165977604005,-0.010352627554053624,-0.010799635863446873,0.0023206073586681335,71,-0.006772595333228718,-0.006446604394185892,-0.008922602391490557,-0.00806530205620117,-0.006881640984601792,-0.007417749031941626,0.0009306627309396866,72,-0.11673796689454385,-0.1604557055614637,-0.0693322848869613,-0.11287051742200149,-0.18727238116147693,-0.12933377118528946,0.04087867095075697,69
0.04041600227355957,0.0046238311060850384,0.002190828323364258,5.282615444502728e-05,0.08,5,15,50,"{'hgb__learning_rate': 0.08, 'hgb__max_depth': 5, 'hgb__max_leaf_nodes': 15, 'hgb__min_samples_leaf': 50}",-0.008585707713751483,-0.009045812498953488,-0.014768562688601824,-0.010412766699554717,-0.010077375000383543,-0.01057804492024901,0.002197979534164871,40,-0.0066426444229600486,-0.006357392791936971,-0.008732481800852778,-0.008007947273783431,-0.006775764552095992,-0.007303246168325844,0.000910888387497045,52,-0.08582144362997957,-0.10781029112174911,-0.0024800584726141217,-0.10979902750832338,-0.12497798754145606,-0.08617776165482445,0.043673379857814734,43
0.059006547927856444,0.00655320334599262,0.002224254608154297,3.995070224314943e-05,0.08,5,31,10,"{'hgb__learning_rate': 0.08, 'hgb__max_depth': 5, 'hgb__max_leaf_nodes': 31, 'hgb__min_samples_leaf': 10}",-0.009132498060069421,-0.009543455874630898,-0.015358890438171896,-0.010730330148997212,-0.010821873724685203,-0.011117409649310926,0.0022201142225804025,94,-0.007048900491842819,-0.00660751653769492,-0.009023315977613158,-0.008112472972026247,-0.006979657096701612,-0.007554372615175752,0.000889000229074172,89,-0.22852894249457156,-0.2330525110938919,-0.08422387277317611,-0.1785234618113558,-0.2973408974627527,-0.20433393712714962,0.07092680401854314,94
0.04738354682922363,0.0059258034562444184,0.0033024311065673827,0.0014385871122152424,0.08,5,31,20,"{'hgb__learning_rate': 0.08, 'hgb__max_depth': 5, 'hgb__max_leaf_nodes': 31, 'hgb__min_samples_leaf': 20}",-0.008731613076353797,-0.009207437052095497,-0.015273192794590551,-0.010427925521817328,-0.010352627554053624,-0.010798559199782159,0.00233077266715166,69,-0.006773551689250176,-0.006400757665326163,-0.008947356893821139,-0.008064972478356554,-0.006881640984601792,-0.007413655942271165,0.0009481759465754466,69,-0.12303988409719357,-0.147751183219198,-0.07215839026320636,-0.11303265258885054,-0.18727238116147693,-0.12865089826598508,0.03812640995592977,67
0.03681559562683105,0.00322094654721343,0.0031705856323242187,0.0019878999570354075,0.08,5,31,50,"{'hgb__learning_rate': 0.08, 'hgb__max_depth': 5, 'hgb__max_leaf_nodes': 31, 'hgb__min_samples_leaf': 50}",-0.008585707713751483,-0.009045812498953488,-0.014768549471257065,-0.010412766699554717,-0.010065871261896701,-0.01057574152908269,0.002198503324890561,38,-0.0066426444229600486,-0.006357392791936971,-0.008735594638808438,-0.008007947273783431,-0.006764423197148664,-0.00730160046492751,0.0009131895440819902,49,-0.08582144362997957,-0.10781029112174911,-0.0024782641045506537,-0.10979902750832338,-0.12241103613374182,-0.0856640124996689,0.0432277546788047,41
0.04791035652160645,0.0033296714357607085,0.0021852970123291014,1.8153285178360802e-05,0.08,5,63,10,"{'hgb__learning_rate': 0.08, 'hgb__max_depth': 5, 'hgb__max_leaf_nodes': 63, 'hgb__min_samples_leaf': 10}",-0.009132498060069421,-0.009543455874630898,-0.015358890438171896,-0.010730330148997212,-0.010821873724685203,-0.011117409649310926,0.0022201142225804025,94,-0.007048900491842819,-0.00660751653769492,-0.009023315977613158,-0.008112472972026247,-0.006979657096701612,-0.007554372615175752,0.000889000229074172,89,-0.22852894249457156,-0.2330525110938919,-0.08422387277317611,-0.1785234618113558,-0.2973408974627527,-0.20433393712714962,0.07092680401854314,94
0.04287981986999512,0.004487496161572894,0.002185535430908203,5.01154265324103e-05,0.08,5,63,20,"{'hgb__learning_rate': 0.08, 'hgb__max_depth': 5, 'hgb__max_leaf_nodes': 63, 'hgb__min_samples_leaf': 20}",-0.008731613076353797,-0.009207437052095497,-0.015273192794590551,-0.010427925521817328,-0.010352627554053624,-0.010798559199782159,0.00233077266715166,69,-0.006773551689250176,-0.006400757665326163,-0.008947356893821139,-0.008064972478356554,-0.006881640984601792,-0.007413655942271165,0.0009481759465754466,69,-0.12303988409719357,-0.147751183219198,-0.07215839026320636,-0.11303265258885054,-0.18727238116147693,-0.12865089826598508,0.03812640995592977,67
0.03625402450561523,0.0063693748663279605,0.002191019058227539,0.00015290580354295185,0.08,5,63,50,"{'hgb__learning_rate': 0.08, 'hgb__max_depth': 5, 'hgb__max_leaf_nodes': 63, 'hgb__min_samples_leaf': 50}",-0.008585707713751483,-0.009045812498953488,-0.014768549471257065,-0.010412766699554717,-0.010065871261896701,-0.01057574152908269,0.002198503324890561,38,-0.0066426444229600486,-0.006357392791936971,-0.008735594638808438,-0.008007947273783431,-0.006764423197148664,-0.00730160046492751,0.0009131895440819902,49,-0.08582144362997957,-0.10781029112174911,-0.0024782641045506537,-0.10979902750832338,-0.12241103613374182,-0.0856640124996689,0.0432277546788047,41
0.06841816902160644,0.005458512381839896,0.003087425231933594,0.00022500513119709314,0.08,,15,10,"{'hgb__learning_rate': 0.08, 'hgb__max_depth': None, 'hgb__max_leaf_nodes': 15, 'hgb__min_samples_leaf': 10}",-0.009033352178897636,-0.009526678342873266,-0.015391064525307223,-0.011108415520819722,-0.011359278169071693,-0.011283757747393909,0.002238663460858406,103,-0.006960009667007011,-0.00658733077586996,-0.008996793055527325,-0.008313863265247247,-0.007367795132689386,-0.007645158379268185,0.0008876306539969799,97,-0.20199898088428836,-0.22872087412575293,-0.08877113498982081,-0.2630376509887735,-0.4293897204628243,-0.24238367229029198,0.11028350362471853,103
0.070245361328125,0.00506579386254974,0.0033296585083007813,0.00014784632716581279,0.08,,15,20,"{'hgb__learning_rate': 0.08, 'hgb__max_depth': None, 'hgb__max_leaf_nodes': 15, 'hgb__min_samples_leaf': 20}",-0.008851140222149625,-0.009341234392685598,-0.01519556192346508,-0.010597688888986472,-0.010535025491435096,-0.010904130183744375,0.00224961961023716,83,-0.006903827512033782,-0.006550899211351467,-0.008923937392222803,-0.008172132256625289,-0.0070444269752498725,-0.007519044669496643,0.0008878408295957531,86,-0.15399693966528583,-0.18135050586290524,-0.061286915928801644,-0.1495672848331604,-0.22947688051130988,-0.1551357053602926,0.054870256898355146,83
0.06550145149230957,0.014615184225662076,0.00338897705078125,0.0005658790837210687,0.08,,15,50,"{'hgb__learning_rate': 0.08, 'hgb__max_depth': None, 'hgb__max_leaf_nodes': 15, 'hgb__min_samples_leaf': 50}",-0.008675198697677253,-0.00920090286922369,-0.014839528672155971,-0.0105171530766385,-0.010261768052584583,-0.010698910273655998,0.0021775345897868895,61,-0.0067309426643134196,-0.006502529387871759,-0.008830818772322767,-0.00804913712915634,-0.00699430861180628,-0.007421547313094114,0.0008813599331370923,73,-0.10857499002519377,-0.14612272679255023,-0.012137451786125908,-0.13216168707397635,-0.16652371702289148,-0.11310411454014754,0.05389221411656296,62
0.12788352966308594,0.006798694597438674,0.00588531494140625,0.0013523328319207447,0.08,,31,10,"{'hgb__learning_rate': 0.08, 'hgb__max_depth': None, 'hgb__max_leaf_nodes': 31, 'hgb__min_samples_leaf': 10}",-0.009103505898770492,-0.009824818561190682,-0.015416409604200572,-0.011062371578490984,-0.011613905618795268,-0.0114042022522896,0.0021930019653893266,105,-0.00700630291561726,-0.006819731607092427,-0.009134318970555354,-0.008337087807719185,-0.00775739379728288,-0.0078109670196534215,0.0008556828294625687,102,-0.22074111209414515,-0.3068306447134548,-0.09235993304241275,-0.25258886878680253,-0.4941898079513629,-0.2733420733176356,0.13103228459087196,105
0.11735358238220214,0.02066936334743499,0.006006860733032226,0.001586369221201232,0.08,,31,20,"{'hgb__learning_rate': 0.08, 'hgb__max_depth': None, 'hgb__max_leaf_nodes': 31, 'hgb__min_samples_leaf': 20}",-0.008831915712987668,-0.009611354069324427,-0.015320674872165638,-0.010759243233956859,-0.011011146483159437,-0.011106866874318807,0.00224936185473499,92,-0.006851045780512905,-0.006768070581150839,-0.009109228484705752,-0.008264701355795172,-0.007664247773781565,-0.007731458795189247,0.0008820836915565586,100,-0.1489894645928802,-0.25066036015809634,-0.0788351135537051,-0.18488312755212788,-0.34311829648097714,-0.20129727246755733,0.09005823511746085,92
0.08847594261169434,0.036172835406971894,0.006125068664550782,0.001084337098157223,0.08,,31,50,"{'hgb__learning_rate': 0.08, 'hgb__max_depth': None, 'hgb__max_leaf_nodes': 31, 'hgb__min_samples_leaf': 50}",-0.008675198697677253,-0.00921209567187318,-0.014878831126395178,-0.010524234527952415,-0.010324932378922597,-0.010723058480564124,0.002188388445426942,64,-0.0067309426643134196,-0.006518622468575016,-0.008931334330656371,-0.008096346297346586,-0.007087122561803056,-0.00747287366453889,0.0009083706848889356,79,-0.10857499002519377,-0.14891291563332,-0.0175058384372917,-0.13368682357133777,-0.18092853578589274,-0.1179218206906072,0.05540679049369716,65
0.2157278537750244,0.035798970119777555,0.00989995002746582,0.002887729718156563,0.08,,63,10,"{'hgb__learning_rate': 0.08, 'hgb__max_depth': None, 'hgb__max_leaf_nodes': 63, 'hgb__min_samples_leaf': 10}",-0.009114157131945189,-0.009821496826805354,-0.015480445229388122,-0.011104413432732031,-0.01173872306423677,-0.011451847137021492,0.0022160977983910132,106,-0.0070849549792709335,-0.006927836405480397,-0.009306742806760531,-0.008497275949085576,-0.007897572089968618,-0.007942876446113212,0.0008872292004486459,107,-0.2235993526164748,-0.3059471249959549,-0.10145351964234006,-0.26212773231132513,-0.5264792283004414,-0.28392139157330726,0.13908822620589092,106
0.1796187400817871,0.05654308714289112,0.009185266494750977,0.0019667633392642385,0.08,,63,20,"{'hgb__learning_rate': 0.08, 'hgb__max_depth': None, 'hgb__max_leaf_nodes': 63, 'hgb__min_samples_leaf': 20}",-0.008831915712987668,-0.009732522606628767,-0.015256302494177662,-0.01091222976097323,-0.011129594693629789,-0.011172513053679422,0.002204490597451788,96,-0.006851045780512905,-0.006876616838399105,-0.009195231277501442,-0.008448972330589935,-0.007811699760669119,-0.007836713197534501,0.0009071255224536172,103,-0.1489894645928802,-0.28239281073790123,-0.06978834696935832,-0.2188185828713407,-0.3721698822904518,-0.21843181749238644,0.10454058782847471,97
0.10592975616455078,0.04592711611737343,0.004686546325683594,0.0015956468620202666,0.08,,63,50,"{'hgb__learning_rate': 0.08, 'hgb__max_depth': None, 'hgb__max_leaf_nodes': 63, 'hgb__min_samples_leaf': 50}",-0.008675198697677253,-0.00921209567187318,-0.014878831126395178,-0.01055176448300983,-0.010384336650762103,-0.01074044532594351,0.002185852107672047,66,-0.0067309426643134196,-0.006518622468575016,-0.008931334330656371,-0.008129213445273942,-0.00716957255116798,-0.007495937091997346,0.0009064522418111843,83,-0.10857499002519377,-0.14891291563332,-0.0175058384372917,-0.13962571978549976,-0.19455652030951542,-0.12183519683816413,0.058989057558795695,66
0.03154201507568359,0.003562725629273724,0.0016590118408203124,3.185743308493942e-05,0.1,3,15,10,"{'hgb__learning_rate': 0.1, 'hgb__max_depth': 3, 'hgb__max_leaf_nodes': 15, 'hgb__min_samples_leaf': 10}",-0.008911520980892481,-0.00924466125535728,-0.015476976092135842,-0.01069023362492826,-0.010792396913672416,-0.011023157773397258,0.0023504317257681123,87,-0.006891664553806686,-0.006377412818578779,-0.009061382102987499,-0.008117854001604504,-0.006931728164029103,-0.007476008328201314,0.0009767278548085006,80,-0.16979532904056138,-0.15705029360418088,-0.10095990783334119,-0.16973223091918865,-0.2902830825176175,-0.17756416878297793,0.06183248257292283,87
0.028702831268310545,0.0034477690645996436,0.001676797866821289,2.369981414373151e-05,0.1,3,15,20,"{'hgb__learning_rate': 0.1, 'hgb__max_depth': 3, 'hgb__max_leaf_nodes': 15, 'hgb__min_samples_leaf': 20}",-0.008733871694723337,-0.009240073720198645,-0.015126524736336213,-0.010144210427969839,-0.010233833856963213,-0.01069570288723825,0.0022854884419774217,58,-0.006712675173580286,-0.0064459254473682856,-0.008848035051761072,-0.007883857402349322,-0.006744436485543239,-0.00732698591212044,0.0009073814415417256,53,-0.12362095578512333,-0.15590223814975745,-0.05166544541244411,-0.05329145962661186,-0.1601814279575109,-0.10893230538628954,0.04779916435834457,58
0.028629636764526366,0.003574423234266654,0.0016827583312988281,3.4180278219499835e-05,0.1,3,15,50,"{'hgb__learning_rate': 0.1, 'hgb__max_depth': 3, 'hgb__max_leaf_nodes': 15, 'hgb__min_samples_leaf': 50}",-0.008599299949545013,-0.009072677151773347,-0.014759629868110528,-0.010303826747050198,-0.009992113221932657,-0.01054550938768235,0.0021945585073468044,33,-0.0066395976876170125,-0.006358193353341815,-0.008688627938772425,-0.007979438796827977,-0.006728520187878105,-0.007278875592887467,0.0008986004203925494,42,-0.08926214392842735,-0.1144001096789975,-0.0012677175871422808,-0.08669872917280763,-0.1060222856479256,-0.07953019720306007,0.04046938571203853,33
0.0317497730255127,0.0023677583541953907,0.0017203330993652345,7.72909643283789e-05,0.1,3,31,10,"{'hgb__learning_rate': 0.1, 'hgb__max_depth': 3, 'hgb__max_leaf_nodes': 31, 'hgb__min_samples_leaf': 10}",-0.008911520980892481,-0.00924466125535728,-0.015476976092135842,-0.01069023362492826,-0.010792396913672416,-0.011023157773397258,0.0023504317257681123,87,-0.006891664553806686,-0.006377412818578779,-0.009061382102987499,-0.008117854001604504,-0.006931728164029103,-0.007476008328201314,0.0009767278548085006,80,-0.16979532904056138,-0.15705029360418088,-0.10095990783334119,-0.16973223091918865,-0.2902830825176175,-0.17756416878297793,0.06183248257292283,87
0.029948902130126954,0.005605424160515325,0.0018624305725097657,0.0004239692579699081,0.1,3,31,20,"{'hgb__learning_rate': 0.1, 'hgb__max_depth': 3, 'hgb__max_leaf_nodes': 31, 'hgb__min_samples_leaf': 20}",-0.008733871694723337,-0.009240073720198645,-0.015126524736336213,-0.010144210427969839,-0.010233833856963213,-0.01069570288723825,0.0022854884419774217,58,-0.006712675173580286,-0.0064459254473682856,-0.008848035051761072,-0.007883857402349322,-0.006744436485543239,-0.00732698591212044,0.0009073814415417256,53,-0.12362095578512333,-0.15590223814975745,-0.05166544541244411,-0.05329145962661186,-0.1601814279575109,-0.10893230538628954,0.04779916435834457,58
0.02735137939453125,0.004970197878269594,0.001686859130859375,4.468434877954204e-05,0.1,3,31,50,"{'hgb__learning_rate': 0.1, 'hgb__max_depth': 3, 'hgb__max_leaf_nodes': 31, 'hgb__min_samples_leaf': 50}",-0.008599299949545013,-0.009072677151773347,-0.014759629868110528,-0.010303826747050198,-0.009992113221932657,-0.01054550938768235,0.0021945585073468044,33,-0.0066395976876170125,-0.006358193353341815,-0.008688627938772425,-0.007979438796827977,-0.006728520187878105,-0.007278875592887467,0.0008986004203925494,42,-0.08926214392842735,-0.1144001096789975,-0.0012677175871422808,-0.08669872917280763,-0.1060222856479256,-0.07953019720306007,0.04046938571203853,33
0.028581762313842775,0.0032089869578891964,0.0016643524169921875,9.583596530454481e-06,0.1,3,63,10,"{'hgb__learning_rate': 0.1, 'hgb__max_depth': 3, 'hgb__max_leaf_nodes': 63, 'hgb__min_samples_leaf': 10}",-0.008911520980892481,-0.00924466125535728,-0.015476976092135842,-0.01069023362492826,-0.010792396913672416,-0.011023157773397258,0.0023504317257681123,87,-0.006891664553806686,-0.006377412818578779,-0.009061382102987499,-0.008117854001604504,-0.006931728164029103,-0.007476008328201314,0.0009767278548085006,80,-0.16979532904056138,-0.15705029360418088,-0.10095990783334119,-0.16973223091918865,-0.2902830825176175,-0.17756416878297793,0.06183248257292283,87
0.028973484039306642,0.003737031701443954,0.001661539077758789,4.7828692343266224e-05,0.1,3,63,20,"{'hgb__learning_rate': 0.1, 'hgb__max_depth': 3, 'hgb__max_leaf_nodes': 63, 'hgb__min_samples_leaf': 20}",-0.008733871694723337,-0.009240073720198645,-0.015126524736336213,-0.010144210427969839,-0.010233833856963213,-0.01069570288723825,0.0022854884419774217,58,-0.006712675173580286,-0.0064459254473682856,-0.008848035051761072,-0.007883857402349322,-0.006744436485543239,-0.00732698591212044,0.0009073814415417256,53,-0.12362095578512333,-0.15590223814975745,-0.05166544541244411,-0.05329145962661186,-0.1601814279575109,-0.10893230538628954,0.04779916435834457,58
0.026684141159057616,0.0031392889741187957,0.0018397331237792968,0.00033268288478678697,0.1,3,63,50,"{'hgb__learning_rate': 0.1, 'hgb__max_depth': 3, 'hgb__max_leaf_nodes': 63, 'hgb__min_samples_leaf': 50}",-0.008599299949545013,-0.009072677151773347,-0.014759629868110528,-0.010303826747050198,-0.009992113221932657,-0.01054550938768235,0.0021945585073468044,33,-0.0066395976876170125,-0.006358193353341815,-0.008688627938772425,-0.007979438796827977,-0.006728520187878105,-0.007278875592887467,0.0008986004203925494,42,-0.08926214392842735,-0.1144001096789975,-0.0012677175871422808,-0.08669872917280763,-0.1060222856479256,-0.07953019720306007,0.04046938571203853,33
0.05196952819824219,0.009716268920565532,0.0027587413787841797,0.0007392740192888331,0.1,5,15,10,"{'hgb__learning_rate': 0.1, 'hgb__max_depth': 5, 'hgb__max_leaf_nodes': 15, 'hgb__min_samples_leaf': 10}",-0.009045749510177756,-0.00959929385260228,-0.015349031217374229,-0.010884864385989412,-0.011005285091182706,-0.011176844811465275,0.002215944896567388,97,-0.006938588485087489,-0.00661546997560002,-0.009078520148381761,-0.00819822282173823,-0.007175480002075945,-0.007601256286576688,0.0009089407320591139,93,-0.20530048063741346,-0.247523700797605,-0.08283234365857073,-0.212713211759205,-0.34168875460995873,-0.21801169829255057,0.0832226885942497,96
0.04289250373840332,0.002144233645150682,0.0025761604309082033,0.0007733262853483349,0.1,5,15,20,"{'hgb__learning_rate': 0.1, 'hgb__max_depth': 5, 'hgb__max_leaf_nodes': 15, 'hgb__min_samples_leaf': 20}",-0.008814008268515982,-0.009343654182611218,-0.015239657429352757,-0.010479933379298765,-0.010477918038360923,-0.010871034259627928,0.0022784474753152315,82,-0.0068026567216249445,-0.006534673314090199,-0.008941170403623756,-0.00806099447367026,-0.0070223791155455155,-0.007472374805710934,0.000898235619719419,78,-0.1443348445830297,-0.18196262845540034,-0.06745528067337125,-0.12416253529103205,-0.21618370098812711,-0.1468197979981921,0.050724003642456654,82
0.0394284725189209,0.0031151048507953097,0.0021561145782470702,3.776797132420669e-05,0.1,5,15,50,"{'hgb__learning_rate': 0.1, 'hgb__max_depth': 5, 'hgb__max_leaf_nodes': 15, 'hgb__min_samples_leaf': 50}",-0.008721094622092251,-0.009136493527784473,-0.014869170753088422,-0.010429695876066862,-0.010054148658565765,-0.010642120687519553,0.00220072905885125,52,-0.006765081885674753,-0.00639428251742931,-0.00885167748843671,-0.007985368676699878,-0.006767440516248347,-0.0073527702168978,0.0009223438537949595,61,-0.12033579527480054,-0.13013242118208113,-0.016184996072169833,-0.11341060491415944,-0.11979826324555676,-0.09997241613775354,0.04223333755821786,52
0.05231738090515137,0.007142010843092461,0.0028113365173339845,0.0012373941031942589,0.1,5,31,10,"{'hgb__learning_rate': 0.1, 'hgb__max_depth': 5, 'hgb__max_leaf_nodes': 31, 'hgb__min_samples_leaf': 10}",-0.009072964560458875,-0.009617917330371054,-0.015538703474593279,-0.010884864385989412,-0.011030366667084835,-0.011228963283699493,0.0022792764088145345,98,-0.007020000426431203,-0.00670421853039253,-0.009037004185491167,-0.00819822282173823,-0.007092763704301765,-0.007610441933670979,0.0008738900399912347,94,-0.2125639268962829,-0.2523690086970747,-0.10975941689850632,-0.212713211759205,-0.3478112702821714,-0.22704336690664806,0.07667699404240177,98
0.04330668449401855,0.006594531084249471,0.0023622512817382812,0.00032838508364952366,0.1,5,31,20,"{'hgb__learning_rate': 0.1, 'hgb__max_depth': 5, 'hgb__max_leaf_nodes': 31, 'hgb__min_samples_leaf': 20}",-0.008832958675793458,-0.009352001284396384,-0.01525788443310203,-0.010445786352752536,-0.010410627418757422,-0.010859851632960365,0.0022846379448612465,77,-0.006829146584339495,-0.006501135561668427,-0.008931430637913578,-0.00803690392750056,-0.006935875462980539,-0.007446898434880519,0.0009043419245138143,75,-0.14926084943658946,-0.1840753712912393,-0.07001021299064702,-0.11684869689069566,-0.2006128656604358,-0.14416159925392144,0.04701123216815339,77
0.03898277282714844,0.006897787315278971,0.0021578311920166016,5.396010302106477e-05,0.1,5,31,50,"{'hgb__learning_rate': 0.1, 'hgb__max_depth': 5, 'hgb__max_leaf_nodes': 31, 'hgb__min_samples_leaf': 50}",-0.008721094622092251,-0.009136493527784473,-0.014863013338028851,-0.010429695876066862,-0.01008774061415904,-0.010647607595626295,0.0021966110302355985,53,-0.006765081885674753,-0.00639428251742931,-0.008833054196622605,-0.007985368676699878,-0.006803745749219943,-0.007356306605129298,0.0009117963646080558,62,-0.12033579527480054,-0.13013242118208113,-0.015343553417990874,-0.11341060491415944,-0.12729348828178022,-0.10130317261416244,0.043369364431786024,53
0.04876842498779297,0.008196380438926206,0.0032314300537109376,0.002054472020978695,0.1,5,63,10,"{'hgb__learning_rate': 0.1, 'hgb__max_depth': 5, 'hgb__max_leaf_nodes': 63, 'hgb__min_samples_leaf': 10}",-0.009072964560458875,-0.009617917330371054,-0.015538703474593279,-0.010884864385989412,-0.011030366667084835,-0.011228963283699493,0.0022792764088145345,98,-0.007020000426431203,-0.00670421853039253,-0.009037004185491167,-0.00819822282173823,-0.007092763704301765,-0.007610441933670979,0.0008738900399912347,94,-0.2125639268962829,-0.2523690086970747,-0.10975941689850632,-0.212713211759205,-0.3478112702821714,-0.22704336690664806,0.07667699404240177,98
0.05002727508544922,0.01047808460667036,0.002197885513305664,3.037553752613471e-05,0.1,5,63,20,"{'hgb__learning_rate': 0.1, 'hgb__max_depth': 5, 'hgb__max_leaf_nodes': 63, 'hgb__min_samples_leaf': 20}",-0.008832958675793458,-0.009352001284396384,-0.01525788443310203,-0.010445786352752536,-0.010410627418757422,-0.010859851632960365,0.0022846379448612465,77,-0.006829146584339495,-0.006501135561668427,-0.008931430637913578,-0.00803690392750056,-0.006935875462980539,-0.007446898434880519,0.0009043419245138143,75,-0.14926084943658946,-0.1840753712912393,-0.07001021299064702,-0.11684869689069566,-0.2006128656604358,-0.14416159925392144,0.04701123216815339,77
0.03832964897155762,0.002588210870325093,0.0031074047088623046,0.0013199835944612494,0.1,5,63,50,"{'hgb__learning_rate': 0.1, 'hgb__max_depth': 5, 'hgb__max_leaf_nodes': 63, 'hgb__min_samples_leaf': 50}",-0.008721094622092251,-0.009136493527784473,-0.014863013338028851,-0.010429695876066862,-0.01008774061415904,-0.010647607595626295,0.0021966110302355985,53,-0.006765081885674753,-0.00639428251742931,-0.008833054196622605,-0.007985368676699878,-0.006803745749219943,-0.007356306605129298,0.0009117963646080558,62,-0.12033579527480054,-0.13013242118208113,-0.015343553417990874,-0.11341060491415944,-0.12729348828178022,-0.10130317261416244,0.043369364431786024,53
0.06627326011657715,0.0062986415938484155,0.0030148506164550783,0.00016452923247254055,0.1,,15,10,"{'hgb__learning_rate': 0.1, 'hgb__max_depth': None, 'hgb__max_leaf_nodes': 15, 'hgb__min_samples_leaf': 10}",-0.009076751875157819,-0.009542931992335758,-0.015217457912243212,-0.011089347509513769,-0.011236413269964413,-0.011232580511842994,0.002163436502855414,101,-0.007029491482596055,-0.0066443707247684815,-0.008976708872292013,-0.008337707835865106,-0.007311731466554522,-0.007660002076415236,0.0008652566037608031,98,-0.21357645585405294,-0.23291713945120018,-0.06434763442289215,-0.25870526966055185,-0.3986356469046448,-0.2336364292586684,0.10669095983320231,101
0.06414422988891602,0.00869380949675504,0.0033123970031738283,0.00021492508055283624,0.1,,15,20,"{'hgb__learning_rate': 0.1, 'hgb__max_depth': None, 'hgb__max_leaf_nodes': 15, 'hgb__min_samples_leaf': 20}",-0.009042697609350874,-0.00953368231851238,-0.015276316846607536,-0.010873599966701005,-0.01082942337979552,-0.011111144024193465,0.0022023312350903175,93,-0.007048875598007521,-0.0066884304204974905,-0.008981111424324437,-0.008314728536234793,-0.007343791263483253,-0.007675387448509499,0.0008473758825170092,99,-0.20448731706240286,-0.2305282395647381,-0.07259704394693522,-0.2102045095496341,-0.2991516546462061,-0.20339375295398326,0.07356795154830054,93
0.06857380867004395,0.024437588078661907,0.004018640518188477,0.000628223981919879,0.1,,15,50,"{'hgb__learning_rate': 0.1, 'hgb__max_depth': None, 'hgb__max_leaf_nodes': 15, 'hgb__min_samples_leaf': 50}",-0.008649940003049276,-0.009280147229828664,-0.014889265971156217,-0.010473129448616033,-0.010306026079435388,-0.010719701746417115,0.0021896767871199233,63,-0.006726429048257752,-0.006615519499619236,-0.008882640701728462,-0.008002115562148266,-0.007040152749639715,-0.007453371512278687,0.0008654619038512198,77,-0.10212893753521302,-0.16595010278055566,-0.018933536422901964,-0.12270331970576298,-0.17660762675984376,-0.11726470464085548,0.05624862490843556,63
0.1256417751312256,0.012557814438773674,0.00501561164855957,0.0001783894268308843,0.1,,31,10,"{'hgb__learning_rate': 0.1, 'hgb__max_depth': None, 'hgb__max_leaf_nodes': 31, 'hgb__min_samples_leaf': 10}",-0.009287799845101757,-0.009869918248742286,-0.01538582008786117,-0.011280308271544017,-0.011722458438097496,-0.011509260978269344,0.0021329752544265884,107,-0.0070882442986981604,-0.006900602504107166,-0.009131423195381471,-0.008503922982394399,-0.007868112538155194,-0.007898461103747279,0.0008414123480666405,105,-0.2706674658000554,-0.3188558900888896,-0.0880292734670125,-0.3024288285518848,-0.5222521221951109,-0.30044671602059064,0.1382377939008775,107
0.11772794723510742,0.02075203407890644,0.005462646484375,0.0003896474189072007,0.1,,31,20,"{'hgb__learning_rate': 0.1, 'hgb__max_depth': None, 'hgb__max_leaf_nodes': 31, 'hgb__min_samples_leaf': 20}",-0.008946390207047388,-0.009779286435032142,-0.015348707781619142,-0.011084726330170939,-0.011227317326477656,-0.011277285616069454,0.002204229085774362,102,-0.006935498034533852,-0.006954640864442547,-0.009130765357113674,-0.008493867444873095,-0.007769755625558003,-0.007856905465304235,0.0008601287979589814,104,-0.17896764873055715,-0.29474596393979247,-0.08278670911633212,-0.2576564269201209,-0.39637215565241335,-0.2421057808718432,0.10599992095205876,102
0.09223122596740722,0.03505858380800039,0.005114459991455078,0.00232911424317403,0.1,,31,50,"{'hgb__learning_rate': 0.1, 'hgb__max_depth': None, 'hgb__max_leaf_nodes': 31, 'hgb__min_samples_leaf': 50}",-0.008649940003049276,-0.009290119469159905,-0.01493514755461241,-0.010663237054277425,-0.010496740731193943,-0.010807036962458591,0.002196012987190695,74,-0.006726429048257752,-0.00659293172892439,-0.008970531819150545,-0.008272987215841063,-0.0072284498104091734,-0.007558265924516585,0.0009206435627784928,91,-0.10212893753521302,-0.1684572570991929,-0.025222941846361868,-0.16383172654709743,-0.2205571678898044,-0.13603960618353392,0.0669280073287099,74
0.20872712135314941,0.0372828220110987,0.007618951797485352,0.001026064002904094,0.1,,63,10,"{'hgb__learning_rate': 0.1, 'hgb__max_depth': None, 'hgb__max_leaf_nodes': 63, 'hgb__min_samples_leaf': 10}",-0.009243554520369292,-0.01007918326897103,-0.015412195581217173,-0.011441227562106557,-0.011714061279579795,-0.01157804444244877,0.0021182238978586974,108,-0.007148466349351995,-0.007060260257431662,-0.009256857444749715,-0.008635558549339034,-0.007802356897089872,-0.007980699899592455,0.0008519443614178428,108,-0.2585898624392813,-0.3753743361186286,-0.09176282893794752,-0.33985348796758585,-0.5200720310207414,-0.31713050929683695,0.14093369862951852,108
0.180322265625,0.057920166129426014,0.007205486297607422,0.0019198007500123098,0.1,,63,20,"{'hgb__learning_rate': 0.1, 'hgb__max_depth': None, 'hgb__max_leaf_nodes': 63, 'hgb__min_samples_leaf': 20}",-0.008946390207047388,-0.009753720397489181,-0.015373315283944122,-0.011247255794073078,-0.011190425530327192,-0.01130222144257619,0.0022152706792021412,104,-0.006935498034533852,-0.006953757140227247,-0.009252982590074586,-0.008704510198813398,-0.007855050426729496,-0.007940359678075716,0.0009270721747700136,106,-0.17896764873055715,-0.28798509127237426,-0.08626140361285439,-0.2948075064769775,-0.38721056531204234,-0.24704644308096113,0.10400925382891014,104
0.09252004623413086,0.04139631904970281,0.005811023712158203,0.0008691534098720584,0.1,,63,50,"{'hgb__learning_rate': 0.1, 'hgb__max_depth': None, 'hgb__max_leaf_nodes': 63, 'hgb__min_samples_leaf': 50}",-0.008649940003049276,-0.009290119469159905,-0.01493514755461241,-0.010575548109230833,-0.010452159189902157,-0.010780582865190918,0.0021987009465197,67,-0.006726429048257752,-0.00659293172892439,-0.008970531819150545,-0.00813565655326575,-0.007248831638806961,-0.007534876157681079,0.0008994122263352691,88,-0.10212893753521302,-0.1684572570991929,-0.025222941846361868,-0.1447689313923437,-0.21021133436299744,-0.1301578804472218,0.06306479766942347,70
