date,y,proba_cv
2012-12-27,0,
2012-12-28,1,
2012-12-31,1,
2013-01-02,1,
2013-01-03,1,
2013-01-04,0,
2013-01-07,0,
2013-01-08,1,
2013-01-09,1,
2013-01-10,1,
2013-01-11,0,
2013-01-14,1,
2013-01-15,1,
2013-01-16,1,
2013-01-17,1,
2013-01-18,1,
2013-01-21,0,
2013-01-22,1,
2013-01-23,1,
2013-01-24,1,
2013-01-25,0,
2013-01-28,1,
2013-01-29,0,
2013-01-30,0,
2013-01-31,1,
2013-02-01,0,
2013-02-04,1,
2013-02-05,0,
2013-02-06,1,
2013-02-07,1,
2013-02-08,1,
2013-02-11,0,
2013-02-12,0,
2013-02-13,1,
2013-02-14,1,
2013-02-15,1,
2013-02-19,0,
2013-02-20,0,
2013-02-21,1,
2013-02-22,0,
2013-02-25,1,
2013-02-26,1,
2013-02-27,1,
2013-02-28,0,
2013-03-01,1,
2013-03-04,1,
2013-03-05,1,
2013-03-06,0,
2013-03-07,1,
2013-03-08,0,
2013-03-11,0,
2013-03-12,1,
2013-03-13,1,
2013-03-14,0,
2013-03-15,0,
2013-03-18,1,
2013-03-19,1,
2013-03-20,0,
2013-03-21,1,
2013-03-22,0,
2013-03-25,1,
2013-03-26,0,
2013-03-27,1,
2013-03-28,0,
2013-04-01,1,
2013-04-02,0,
2013-04-03,1,
2013-04-04,1,
2013-04-05,1,
2013-04-08,1,
2013-04-09,1,
2013-04-10,0,
2013-04-11,0,
2013-04-12,0,
2013-04-15,1,
2013-04-16,0,
2013-04-17,0,
2013-04-18,1,
2013-04-19,1,
2013-04-22,1,
2013-04-23,1,
2013-04-24,0,
2013-04-25,0,
2013-04-26,1,
2013-04-29,0,
2013-04-30,0,
2013-05-01,1,
2013-05-02,1,
2013-05-03,0,
2013-05-06,1,
2013-05-07,1,
2013-05-08,0,
2013-05-09,1,
2013-05-10,0,
2013-05-13,1,
2013-05-14,1,
2013-05-15,0,
2013-05-16,1,
2013-05-17,1,
2013-05-21,1,
2013-05-22,0,
2013-05-23,1,
2013-05-24,1,
2013-05-27,1,
2013-05-28,0,
2013-05-29,1,
2013-05-30,0,
2013-05-31,0,
2013-06-03,1,
2013-06-04,0,
2013-06-05,0,
2013-06-06,1,
2013-06-07,0,
2013-06-10,0,
2013-06-11,0,
2013-06-12,1,
2013-06-13,0,
2013-06-14,1,
2013-06-17,1,
2013-06-18,0,
2013-06-19,0,
2013-06-20,1,
2013-06-21,0,
2013-06-24,1,
2013-06-25,1,
2013-06-26,1,
2013-06-27,1,
2013-06-28,1,
2013-07-02,1,
2013-07-03,1,
2013-07-04,0,
2013-07-05,1,
2013-07-08,1,
2013-07-09,0,
2013-07-10,1,
2013-07-11,1,
2013-07-12,1,
2013-07-15,0,
2013-07-16,1,
2013-07-17,1,
2013-07-18,0,
2013-07-19,1,
2013-07-22,0,
2013-07-23,0,
2013-07-24,0,
2013-07-25,1,
2013-07-26,0,
2013-07-29,1,
2013-07-30,0,
2013-07-31,1,
2013-08-01,1,
2013-08-02,0,
2013-08-06,1,
2013-08-07,0,
2013-08-08,0,
2013-08-09,0,
2013-08-12,1,
2013-08-13,0,
2013-08-14,0,
2013-08-15,1,
2013-08-16,0,
2013-08-19,1,
2013-08-20,1,
2013-08-21,1,
2013-08-22,1,
2013-08-23,0,
2013-08-26,0,
2013-08-27,1,
2013-08-28,1,
2013-08-29,0,
2013-08-30,1,
2013-09-03,1,
2013-09-04,1,
2013-09-05,0,
2013-09-06,1,
2013-09-09,1,
2013-09-10,0,
2013-09-11,0,
2013-09-12,1,
2013-09-13,1,
2013-09-16,1,
2013-09-17,1,
2013-09-18,1,
2013-09-19,0,
2013-09-20,0,
2013-09-23,0,
2013-09-24,0,
2013-09-25,1,
2013-09-26,0,
2013-09-27,0,
2013-09-30,1,
2013-10-01,1,
2013-10-02,0,
2013-10-03,1,
2013-10-04,0,
2013-10-07,0,
2013-10-08,1,
2013-10-09,1,
2013-10-10,1,
2013-10-11,1,
2013-10-15,1,
2013-10-16,1,
2013-10-17,1,
2013-10-18,0,
2013-10-21,1,
2013-10-22,1,
2013-10-23,1,
2013-10-24,1,
2013-10-25,1,
2013-10-28,1,
2013-10-29,0,
2013-10-30,0,
2013-10-31,0,
2013-11-01,1,
2013-11-04,1,
2013-11-05,0,
2013-11-06,0,
2013-11-07,1,
2013-11-08,1,
2013-11-11,0,
2013-11-12,1,
2013-11-13,1,
2013-11-14,1,
2013-11-15,0,
2013-11-18,1,
2013-11-19,0,
2013-11-20,1,
2013-11-21,1,
2013-11-22,1,
2013-11-25,0,
2013-11-26,1,
2013-11-27,1,
2013-11-28,0,
2013-11-29,0,
2013-12-02,0,
2013-12-03,1,
2013-12-04,0,
2013-12-05,1,
2013-12-06,1,
2013-12-09,0,
2013-12-10,0,
2013-12-11,1,
2013-12-12,0,
2013-12-13,1,
2013-12-16,0,
2013-12-17,1,
2013-12-18,0,
2013-12-19,1,
2013-12-20,0,
2013-12-23,1,
2013-12-24,1,
2013-12-27,0,
2013-12-30,1,
2013-12-31,0,
2014-01-02,0,
2014-01-03,0,
2014-01-06,1,
2014-01-07,1,
2014-01-08,1,
2014-01-09,1,
2014-01-10,0,
2014-01-13,1,
2014-01-14,1,
2014-01-15,0,
2014-01-16,1,
2014-01-17,0,
2014-01-20,1,
2014-01-21,1,
2014-01-22,0,
2014-01-23,0,
2014-01-24,1,
2014-01-27,1,
2014-01-28,0,
2014-01-29,1,
2014-01-30,0,
2014-01-31,0,
2014-02-03,1,
2014-02-04,1,
2014-02-05,1,
2014-02-06,1,
2014-02-07,1,
2014-02-10,1,
2014-02-11,0,
2014-02-12,1,
2014-02-13,1,
2014-02-14,0,
2014-02-18,1,
2014-02-19,1,
2014-02-20,1,
2014-02-21,0,
2014-02-24,0,
2014-02-25,1,
2014-02-26,1,
2014-02-27,0,
2014-02-28,0,
2014-03-03,1,
2014-03-04,0,
2014-03-05,0,
2014-03-06,1,
2014-03-07,1,
2014-03-10,0,
2014-03-11,0,
2014-03-12,0,
2014-03-13,1,
2014-03-14,1,
2014-03-17,1,
2014-03-18,1,
2014-03-19,1,
2014-03-20,0,
2014-03-21,0,
2014-03-24,1,
2014-03-25,0,
2014-03-26,0,
2014-03-27,1,
2014-03-28,1,
2014-03-31,1,
2014-04-01,1,
2014-04-02,0,
2014-04-03,0,
2014-04-04,0,
2014-04-07,0,
2014-04-08,1,
2014-04-09,0,
2014-04-10,0,
2014-04-11,1,
2014-04-14,1,
2014-04-15,1,
2014-04-16,1,
2014-04-17,1,
2014-04-21,1,
2014-04-22,0,
2014-04-23,1,
2014-04-24,0,
2014-04-25,0,
2014-04-28,1,
2014-04-29,1,
2014-04-30,0,
2014-05-01,1,
2014-05-02,0,
2014-05-05,0,
2014-05-06,1,
2014-05-07,0,
2014-05-08,1,
2014-05-09,1,
2014-05-12,1,
2014-05-13,0,
2014-05-14,0,
2014-05-15,1,
2014-05-16,1,
2014-05-20,1,
2014-05-21,1,
2014-05-22,1,
2014-05-23,0,
2014-05-26,1,
2014-05-27,1,
2014-05-28,1,
2014-05-29,1,
2014-05-30,1,
2014-06-02,1,
2014-06-03,1,
2014-06-04,1,
2014-06-05,1,
2014-06-06,0,
2014-06-09,0,
2014-06-10,0,
2014-06-11,0,
2014-06-12,1,
2014-06-13,1,
2014-06-16,1,
2014-06-17,1,
2014-06-18,0,
2014-06-19,0,
2014-06-20,0,
2014-06-23,0,
2014-06-24,1,
2014-06-25,0,
2014-06-26,0,
2014-06-27,1,
2014-06-30,1,
2014-07-02,1,
2014-07-03,1,
2014-07-04,0,
2014-07-07,0,
2014-07-08,1,
2014-07-09,0,
2014-07-10,1,
2014-07-11,1,
2014-07-14,1,
2014-07-15,1,
2014-07-16,0,
2014-07-17,1,
2014-07-18,0,
2014-07-21,1,
2014-07-22,1,
2014-07-23,1,
2014-07-24,0,
2014-07-25,0,
2014-07-28,1,
2014-07-29,1,
2014-07-30,0,
2014-07-31,0,
2014-08-01,1,
2014-08-05,0,
2014-08-06,0,
2014-08-07,1,
2014-08-08,0,
2014-08-11,0,
2014-08-12,1,
2014-08-13,1,
2014-08-14,0,
2014-08-15,1,
2014-08-18,1,
2014-08-19,1,
2014-08-20,1,
2014-08-21,0,
2014-08-22,1,
2014-08-25,0,
2014-08-26,0,
2014-08-27,0,
2014-08-28,1,
2014-08-29,1,
2014-09-02,0,
2014-09-03,0,
2014-09-04,1,
2014-09-05,1,
2014-09-08,0,
2014-09-09,0,
2014-09-10,1,
2014-09-11,0,
2014-09-12,0,
2014-09-15,1,
2014-09-16,1,
2014-09-17,0,
2014-09-18,0,
2014-09-19,0,
2014-09-22,0,
2014-09-23,1,
2014-09-24,0,
2014-09-25,1,
2014-09-26,0,
2014-09-29,1,
2014-09-30,0,
2014-10-01,0,
2014-10-02,1,
2014-10-03,0,
2014-10-06,0,
2014-10-07,1,
2014-10-08,0,
2014-10-09,0,
2014-10-10,0,
2014-10-14,0,
2014-10-15,0,
2014-10-16,1,
2014-10-17,1,
2014-10-20,1,
2014-10-21,0,
2014-10-22,1,
2014-10-23,1,
2014-10-24,0,
2014-10-27,1,
2014-10-28,1,
2014-10-29,1,
2014-10-30,1,
2014-10-31,1,
2014-11-03,1,
2014-11-04,1,
2014-11-05,1,
2014-11-06,0,
2014-11-07,1,
2014-11-10,0,
2014-11-11,0,
2014-11-12,1,
2014-11-13,0,
2014-11-14,1,
2014-11-17,1,
2014-11-18,1,
2014-11-19,0,
2014-11-20,0,
2014-11-21,1,
2014-11-24,0,
2014-11-25,1,
2014-11-26,1,
2014-11-27,1,
2014-11-28,0,
2014-12-01,1,
2014-12-02,1,
2014-12-03,0,
2014-12-04,1,
2014-12-05,0,
2014-12-08,0,
2014-12-09,0,
2014-12-10,1,
2014-12-11,0,
2014-12-12,1,
2014-12-15,0,
2014-12-16,1,
2014-12-17,1,
2014-12-18,1,
2014-12-19,1,
2014-12-22,1,
2014-12-23,0,
2014-12-24,1,
2014-12-29,0,
2014-12-30,0,
2014-12-31,1,
2015-01-02,0,
2015-01-05,0,
2015-01-06,1,
2015-01-07,1,
2015-01-08,0,
2015-01-09,0,
2015-01-12,0,
2015-01-13,0,
2015-01-14,0,
2015-01-15,1,
2015-01-16,0,
2015-01-19,1,
2015-01-20,1,
2015-01-21,1,
2015-01-22,0,
2015-01-23,1,
2015-01-26,0,
2015-01-27,0,
2015-01-28,1,
2015-01-29,0,
2015-01-30,1,
2015-02-02,1,
2015-02-03,1,
2015-02-04,1,
2015-02-05,1,
2015-02-06,0,
2015-02-09,1,
2015-02-10,1,
2015-02-11,0,
2015-02-12,1,0.36377330815031
2015-02-13,0,0.37074397267674875
2015-02-17,1,0.2948566243677934
2015-02-18,1,0.3831655032457531
2015-02-19,1,0.3830440464123524
2015-02-20,1,0.33656607858831916
2015-02-23,0,0.29315767115675045
2015-02-24,0,0.2750457889142827
2015-02-25,1,0.2827365300244248
2015-02-26,0,0.2720111519323866
2015-02-27,1,0.34233691093906776
2015-03-02,0,0.3004816650476882
2015-03-03,0,0.3529954081234137
2015-03-04,1,0.340681399388944
2015-03-05,0,0.36421141025868164
2015-03-06,1,0.37831881406321227
2015-03-09,0,0.4157892381180414
2015-03-10,1,0.4013868189410014
2015-03-11,1,0.3384045279893234
2015-03-12,1,0.3972850136942577
2015-03-13,1,0.38575543037971327
2015-03-16,0,0.37463078680555834
2015-03-17,0,0.35567650225457753
2015-03-18,1,0.3752578488820301
2015-03-19,0,0.37551242240457455
2015-03-20,0,0.42167438906817817
2015-03-23,0,0.5304923048384805
2015-03-24,0,0.5310533160282814
2015-03-25,0,0.5160709563581647
2015-03-26,1,0.6180317437805517
2015-03-27,1,0.6168947371647344
2015-03-30,0,0.5708068160882224
2015-03-31,0,0.59276112520668
2015-04-01,1,0.42150012550105603
2015-04-02,0,0.4134247039282672
2015-04-06,1,0.5002684641879216
2015-04-07,1,0.6621233931858546
2015-04-08,1,0.6287483867354159
2015-04-09,1,0.5980234194099626
2015-04-10,0,0.6482764085254695
2015-04-13,0,0.6193334588846969
2015-04-14,0,0.5469622895487048
2015-04-15,0,0.6167732076622163
2015-04-16,0,0.6709885288021984
2015-04-17,1,0.7019450482112839
2015-04-20,1,0.7186645791740445
2015-04-21,1,0.740194999765834
2015-04-22,0,0.6855531240806481
2015-04-23,1,0.6162620929015417
2015-04-24,0,0.5445576377872142
2015-04-27,0,0.644526473712081
2015-04-28,0,0.6206496245254659
2015-04-29,0,0.6652538737115248
2015-04-30,1,0.7107011738344013
2015-05-01,0,0.6836709109788467
2015-05-04,0,0.7294935921659067
2015-05-05,0,0.7328767582153473
2015-05-06,1,0.6820301820857442
2015-05-07,1,0.6395355438148127
2015-05-08,0,0.7295147442475645
2015-05-11,0,0.7710520880445749
2015-05-12,0,0.7090931552398976
2015-05-13,1,0.6336796370117966
2015-05-14,1,0.7195899628529012
2015-05-15,1,0.7718858312705403
2015-05-19,0,0.7106305563414984
2015-05-20,1,0.7099559086984139
2015-05-21,1,0.647918466267337
2015-05-22,1,0.6170977563079089
2015-05-25,0,0.6287826780815703
2015-05-26,1,0.6442735150438802
2015-05-27,0,0.6314885671397825
2015-05-28,0,0.673263807454311
2015-05-29,1,0.6430051703597035
2015-06-01,0,0.6051912741900948
2015-06-02,1,0.5729821700939624
2015-06-03,0,0.554690610933614
2015-06-04,0,0.5575815339497764
2015-06-05,0,0.5103164842690918
2015-06-08,0,0.5927947564467261
2015-06-09,1,0.5336745043525658
2015-06-10,1,0.5812549431258552
2015-06-11,0,0.5828088885700332
2015-06-12,0,0.5639707026817756
2015-06-15,1,0.525400877906284
2015-06-16,0,0.5180322181514212
2015-06-17,1,0.5637946550265011
2015-06-18,0,0.5239213139954801
2015-06-19,1,0.5822443043359089
2015-06-22,1,0.5531316573667107
2015-06-23,0,0.5971519057894429
2015-06-24,0,0.5469233918140366
2015-06-25,0,0.6138283590067412
2015-06-26,0,0.5985215144839631
2015-06-29,1,0.6597013754210078
2015-06-30,1,0.6207973431581302
2015-07-02,1,0.6536766124321824
2015-07-03,0,0.5912127778622417
2015-07-06,1,0.5323680668888799
2015-07-07,0,0.38851918215284464
2015-07-08,0,0.5249444982652274
2015-07-09,1,0.557539653510883
2015-07-10,1,0.550642897276578
2015-07-13,1,0.5522722617061133
2015-07-14,1,0.6660833553321509
2015-07-15,1,0.487998943678379
2015-07-16,1,0.42469360877555057
2015-07-17,1,0.4426156153942995
2015-07-20,0,0.4540024638979636
2015-07-21,1,0.41468878256671415
2015-07-22,0,0.46391454366661733
2015-07-23,0,0.5219054295120464
2015-07-24,0,0.5684751757314487
2015-07-27,1,0.545688523212851
2015-07-28,1,0.4767721873197996
2015-07-29,1,0.48169907118672683
2015-07-30,1,0.4290160522779976
2015-07-31,1,0.33904164206361026
2015-08-04,1,0.23762652991959757
2015-08-05,0,0.28997967837776945
2015-08-06,0,0.34317708582665224
2015-08-07,1,0.38762486602958235
2015-08-10,0,0.39170048950535213
2015-08-11,0,0.4739116459259675
2015-08-12,1,0.5205119327820174
2015-08-13,1,0.4269857568431876
2015-08-14,1,0.35873642693230545
2015-08-17,0,0.4232945073439439
2015-08-18,0,0.43454900392472084
2015-08-19,0,0.3358366092574644
2015-08-20,0,0.46978060472758576
2015-08-21,0,0.5087049766199748
2015-08-24,0,0.5625591277659197
2015-08-25,1,0.5950935068268048
2015-08-26,1,0.7451694701437026
2015-08-27,0,0.7753148198118883
2015-08-28,0,0.717211522946273
2015-08-31,0,0.5158847058384648
2015-09-01,1,0.43800153187945046
2015-09-02,0,0.629664570292691
2015-09-03,0,0.8045523252423187
2015-09-04,1,0.8341071559548983
2015-09-08,0,0.8696768963661928
2015-09-09,1,0.8476089243180213
2015-09-10,1,0.8720796811042406
2015-09-11,0,0.8548844579949326
2015-09-14,1,0.820920657851274
2015-09-15,1,0.8650520725983174
2015-09-16,0,0.8606009065115156
2015-09-17,0,0.8307086648910887
2015-09-18,1,0.8344687858992541
2015-09-21,0,0.8117064555375154
2015-09-22,1,0.8309964756825875
2015-09-23,0,0.849956055906781
2015-09-24,0,0.8416621378003292
2015-09-25,0,0.7718963156498274
2015-09-28,1,0.7882621805596617
2015-09-29,1,0.7295667130951777
2015-09-30,0,0.7488074036350599
2015-10-01,1,0.7472377611316211
2015-10-02,1,0.7477275572116193
2015-10-05,0,0.6188529478501452
2015-10-06,1,0.7030838848797103
2015-10-07,1,0.696124507891685
2015-10-08,0,0.6844032997188042
2015-10-09,0,0.6924028144148481
2015-10-13,0,0.712917258557108
2015-10-14,1,0.7203036764830926
2015-10-15,1,0.7284812561430787
2015-10-16,1,0.7564168396202007
2015-10-19,0,0.6956147035719793
2015-10-20,1,0.6814645609262998
2015-10-21,1,0.5576521232838452
2015-10-22,1,0.5390029005639314
2015-10-23,0,0.5617165107063331
2015-10-26,1,0.6042914902639176
2015-10-27,1,0.4458729996297487
2015-10-28,0,0.3869542636211185
2015-10-29,0,0.49108892336647036
2015-10-30,1,0.5780878638509475
2015-11-02,0,0.468544353685469
2015-11-03,1,0.5019810846224816
2015-11-04,1,0.4653082048482969
2015-11-05,1,0.4293086630054368
2015-11-06,0,0.29840283414306934
2015-11-09,1,0.39746991009847893
2015-11-10,0,0.3383379053876516
2015-11-11,0,0.35438622043133855
2015-11-12,0,0.40107139814049175
2015-11-13,1,0.49483548263922394
2015-11-16,0,0.4100191691345152
2015-11-17,1,0.4824709565895933
2015-11-18,0,0.4431850313181862
2015-11-19,1,0.4033437034624953
2015-11-20,1,0.27822490635637037
2015-11-23,0,0.35430399068453056
2015-11-24,0,0.3370491315971753
2015-11-25,1,0.39622110895997353
2015-11-26,1,0.40858582053239373
2015-11-27,0,0.45945495825535587
2015-11-30,1,0.4572724377514152
2015-12-01,0,0.40491165247167704
2015-12-02,0,0.4363578594985044
2015-12-03,1,0.48839223011087474
2015-12-04,1,0.45527852708050814
2015-12-07,0,0.43942995135050417
2015-12-08,0,0.5105915126501533
2015-12-09,1,0.3910023259200822
2015-12-10,0,0.33456417581457654
2015-12-11,1,0.4602991099720534
2015-12-14,1,0.47474782049450903
2015-12-15,1,0.4975501554873908
2015-12-16,0,0.4549937640287083
2015-12-17,0,0.5662449661627574
2015-12-18,1,0.4575582535688161
2015-12-21,1,0.38593363094158184
2015-12-22,1,0.45791078952885356
2015-12-23,0,0.6048935166650871
2015-12-24,1,0.600353500336208
2015-12-29,0,0.472843221225107
2015-12-30,0,0.5183410815449925
2015-12-31,0,0.5539763513801058
2016-01-04,1,0.5283715240941708
2016-01-05,0,0.5058956944128155
2016-01-06,0,0.6054416817683596
2016-01-07,0,0.5819169247449492
2016-01-08,1,0.573493944807596
2016-01-11,1,0.5164303430876988
2016-01-12,0,0.6585644163858426
2016-01-13,1,0.6755856192391758
2016-01-14,0,0.5340930178609601
2016-01-15,0,0.5825404140852884
2016-01-18,1,0.630157387486536
2016-01-19,0,0.6150236722033462
2016-01-20,0,0.6142233648339211
2016-01-21,1,0.7474502792881851
2016-01-22,0,0.7377508745003186
2016-01-25,0,0.7665381513930712
2016-01-26,0,0.7911309286710029
2016-01-27,1,0.7780124153672239
2016-01-28,1,0.7177571126772689
2016-01-29,0,0.7903636276537394
2016-02-01,0,0.7970803615527828
2016-02-02,0,0.7723314278921241
2016-02-03,1,0.7291400381064748
2016-02-04,0,0.7588658925179117
2016-02-05,0,0.8528652291879733
2016-02-08,0,0.8481459672725957
2016-02-09,1,0.8304369779225029
2016-02-10,0,0.8191643144942227
2016-02-11,1,0.8406314146452832
2016-02-12,1,0.7886045198646209
2016-02-16,1,0.7727117310217748
2016-02-17,0,0.7752237013612214
2016-02-18,1,0.7810832038089641
2016-02-19,1,0.7382962217779846
2016-02-22,0,0.7312924036733995
2016-02-23,0,0.8520016475997939
2016-02-24,0,0.8416479514739579
2016-02-25,0,0.8295651395973483
2016-02-26,0,0.8396772295676681
2016-02-29,1,0.8359446814893805
2016-03-01,1,0.7746749117229544
2016-03-02,1,0.768731729746615
2016-03-03,0,0.7462642588318656
2016-03-04,0,0.6816880065471472
2016-03-07,1,0.5486574816000542
2016-03-08,0,0.6609853961560548
2016-03-09,1,0.7101222963995508
2016-03-10,1,0.6491198177356401
2016-03-11,1,0.6639890195302308
2016-03-14,1,0.6670769969273085
2016-03-15,0,0.6079510040864742
2016-03-16,0,0.5660627115047
2016-03-17,1,0.58655311372615
2016-03-18,0,0.6132343311205246
2016-03-21,0,0.6191278646515757
2016-03-22,1,0.6668390420556386
2016-03-23,1,0.5902770273280121
2016-03-24,0,0.5740407765687047
2016-03-28,0,0.5967392595583707
2016-03-29,0,0.5735390534137613
2016-03-30,1,0.4925640752189287
2016-03-31,1,0.5695495387758441
2016-04-01,1,0.5829410790371655
2016-04-04,0,0.5540666812418618
2016-04-05,1,0.5609419022796418
2016-04-06,0,0.5048050274116856
2016-04-07,0,0.5427562661296
2016-04-08,0,0.6080271472705986
2016-04-11,0,0.6052865826797115
2016-04-12,1,0.6281782417091517
2016-04-13,1,0.6465257265987431
2016-04-14,0,0.6486988288512991
2016-04-15,1,0.5949129985881355
2016-04-18,0,0.49352191363599635
2016-04-19,0,0.5027731142472566
2016-04-20,1,0.5621107046141132
2016-04-21,0,0.5909137298782889
2016-04-22,0,0.6354984892262567
2016-04-25,0,0.6700085810906791
2016-04-26,1,0.6827234479162192
2016-04-27,0,0.6382337197138652
2016-04-28,0,0.7248663596760401
2016-04-29,1,0.684527395436885
2016-05-02,1,0.6897200269582459
2016-05-03,1,0.708569465121562
2016-05-04,0,0.6936377313313807
2016-05-05,1,0.5563361844860694
2016-05-06,1,0.5638398179576506
2016-05-09,1,0.5621171430730137
2016-05-10,0,0.5685927622774093
2016-05-11,0,0.6069654416343607
2016-05-12,0,0.6302182367882067
2016-05-13,1,0.6037264256519386
2016-05-16,0,0.6557513424149027
2016-05-17,1,0.7389949475325287
2016-05-18,1,0.5874749531939664
2016-05-19,1,0.6048985474620795
2016-05-20,1,0.5630933510753943
2016-05-24,0,0.550050423912493
2016-05-25,0,0.45891928235369733
2016-05-26,1,0.5099634895408757
2016-05-27,1,0.42722632031446717
2016-05-30,1,0.4719038912038486
2016-05-31,0,0.4895183585305012
2016-06-01,1,0.4873084530826632
2016-06-02,0,0.42267316536502225
2016-06-03,0,0.5142064063116373
2016-06-06,0,0.49990977735781095
2016-06-07,0,0.5235420016837125
2016-06-08,1,0.5551659856900353
2016-06-09,0,0.592980021400999
2016-06-10,0,0.5426848091078158
2016-06-13,1,0.53899551485368
2016-06-14,1,0.521038056344251
2016-06-15,1,0.529562002391486
2016-06-16,0,0.5087965291011123
2016-06-17,1,0.5748627354045133
2016-06-20,0,0.5233328008847937
2016-06-21,0,0.5458476590074872
2016-06-22,1,0.5723450389723213
2016-06-23,0,0.6182467864198039
2016-06-24,0,0.6050273844452557
2016-06-27,1,0.6402853098136797
2016-06-28,1,0.6163323286132982
2016-06-29,1,0.629142504220535
2016-06-30,1,0.6790985075722672
2016-07-04,0,0.5331540269865084
2016-07-05,1,0.5079490038271807
2016-07-06,1,0.48932566412624223
2016-07-07,1,0.580882728998646
2016-07-08,1,0.5328243833382832
2016-07-11,0,0.5995468349203487
2016-07-12,0,0.5604612027758287
2016-07-13,0,0.5507697159102105
2016-07-14,1,0.47831611028490945
2016-07-15,1,0.5540966777078604
2016-07-18,1,0.5382592460013985
2016-07-19,1,0.5352220528168927
2016-07-20,0,0.46802353149286485
2016-07-21,1,0.4654467023433515
2016-07-22,1,0.37900472030728266
2016-07-25,0,0.3366063057732741
2016-07-26,0,0.2893059314271053
2016-07-27,0,0.32329480630624036
2016-07-28,0,0.29611053746981114
2016-07-29,0,0.37148883949889716
2016-08-02,1,0.3861858819896847
2016-08-03,0,0.3707737850620556
2016-08-04,1,0.39216487444507586
2016-08-05,0,0.3549490476422689
2016-08-08,0,0.32393353941012387
2016-08-09,0,0.28088477275620827
2016-08-10,0,0.301088354866293
2016-08-11,0,0.2725144792456844
2016-08-12,0,0.41402044078953393
2016-08-15,0,0.41396619129257245
2016-08-16,1,0.49795830505211774
2016-08-17,0,0.4446200621132723
2016-08-18,1,0.5439381305824094
2016-08-19,1,0.482779155419302
2016-08-22,0,0.46427977769510315
2016-08-23,0,0.3999278226319498
2016-08-24,0,0.44619205968856757
2016-08-25,1,0.43597645445929734
2016-08-26,1,0.3859397336745494
2016-08-29,1,0.4549021589736246
2016-08-30,0,0.4779605118448989
2016-08-31,0,0.4712233306974614
2016-09-01,0,0.47598822328802204
2016-09-02,0,0.4766640309406457
2016-09-06,1,0.5117135288596473
2016-09-07,0,0.49278530358652894
2016-09-08,0,0.5748309400917883
2016-09-09,1,0.6175574800073821
2016-09-12,0,0.5230193211550013
2016-09-13,1,0.5778198180210078
2016-09-14,1,0.5781964413303374
2016-09-15,1,0.554797677306921
2016-09-16,0,0.5120907190782408
2016-09-19,1,0.5903305465317785
2016-09-20,1,0.553275902829267
2016-09-21,1,0.49300894445418114
2016-09-22,1,0.5542392003724
2016-09-23,0,0.5173061974689396
2016-09-26,1,0.5698148357577284
2016-09-27,0,0.5580083480650678
2016-09-28,0,0.5909405955094817
2016-09-29,1,0.5873617526216333
2016-09-30,0,0.5778959996617624
2016-10-03,1,0.6098734722401945
2016-10-04,1,0.5992126944127536
2016-10-05,1,0.5685912899920746
2016-10-06,1,0.521788577066276
2016-10-07,0,0.49486627788320137
2016-10-11,1,0.5269063012830975
2016-10-12,0,0.4828398412665779
2016-10-13,0,0.5344790874765474
2016-10-14,0,0.5986257760521626
2016-10-17,1,0.6627671667961691
2016-10-18,1,0.5919539805539655
2016-10-19,1,0.6212486860914069
2016-10-20,1,0.5600918372030355
2016-10-21,1,0.4922095825235928
2016-10-24,0,0.3958533572388738
2016-10-25,1,0.47337892840854795
2016-10-26,0,0.45040174885803175
2016-10-27,0,0.5107837687360615
2016-10-28,1,0.5666050120443032
2016-10-31,0,0.623855971037048
2016-11-01,0,0.5998332148251434
2016-11-02,0,0.6141912870661613
2016-11-03,1,0.6644447258477666
2016-11-04,1,0.6007297782661776
2016-11-07,0,0.5247396192855203
2016-11-08,1,0.5882690887214664
2016-11-09,1,0.40186986135932423
2016-11-10,1,0.4090939261164459
2016-11-11,1,0.4004851112396897
2016-11-14,0,0.42001663087603164
2016-11-15,0,0.3876195785978146
2016-11-16,1,0.4740951516156338
2016-11-17,0,0.504507426943502
2016-11-18,1,0.5351964014480722
2016-11-21,1,0.44046802949001795
2016-11-22,1,0.4170433362330087
2016-11-23,1,0.35460317527433155
2016-11-24,1,0.34455006626422763
2016-11-25,0,0.2704513778516779
2016-11-28,1,0.36775265950855557
2016-11-29,0,0.3395847291740291
2016-11-30,0,0.3882820212274423
2016-12-01,0,0.4708895781489009
2016-12-02,1,0.5215268420046808
2016-12-05,1,0.38240052776528416
2016-12-06,1,0.454273879042396
2016-12-07,0,0.3997005311485339
2016-12-08,1,0.3398663115940658
2016-12-09,0,0.294298569100131
2016-12-12,1,0.3369853287866384
2016-12-13,1,0.34082421895970577
2016-12-14,1,0.379985128731884
2016-12-15,0,0.36888317038739277
2016-12-16,1,0.4080385393511908
2016-12-19,1,0.34071518713725063
2016-12-20,1,0.3479405932534885
2016-12-21,1,0.30881747704485096
2016-12-22,1,0.34331605735534015
2016-12-23,0,0.26765714825345294
2016-12-28,0,0.3364381571799649
2016-12-29,0,0.32826335148362185
2016-12-30,1,0.4023847151883544
2017-01-03,0,0.37253941337954144
2017-01-04,0,0.4371613364804445
2017-01-05,1,0.41674594511699325
2017-01-06,0,0.35645259018184833
2017-01-09,1,0.3663069944221871
2017-01-10,0,0.4163196688834645
2017-01-11,0,0.3451670958041861
2017-01-12,1,0.43944019872999424
2017-01-13,1,0.48652398752146947
2017-01-16,0,0.4714463062656386
2017-01-17,1,0.543919534278244
2017-01-18,1,0.4894530103920103
2017-01-19,1,0.5172677233433811
2017-01-20,0,0.48360735300300667
2017-01-23,0,0.5801566271158778
2017-01-24,1,0.46066162047022446
2017-01-25,1,0.576031802487672
2017-01-26,1,0.5842586406448861
2017-01-27,0,0.6055533635406802
2017-01-30,0,0.5681584431984082
2017-01-31,1,0.6235034742477246
2017-02-01,0,0.5931886355223646
2017-02-02,1,0.6558226975385038
2017-02-03,1,0.6177859079092777
2017-02-06,1,0.6169892841463495
2017-02-07,0,0.4987351414246417
2017-02-08,1,0.5530109265533658
2017-02-09,0,0.48496495441433474
2017-02-10,1,0.46013432082646516
2017-02-13,1,0.44797558118958775
2017-02-14,1,0.49966619255120576
2017-02-15,0,0.41006705924277204
2017-02-16,1,0.43039375077382036
2017-02-17,1,0.3863208623820473
2017-02-21,0,0.3466587569200117
2017-02-22,0,0.35097760166712927
2017-02-23,1,0.3654307805492212
2017-02-24,1,0.3039747421800676
2017-02-27,1,0.2884522378560421
2017-02-28,1,0.29252270503702626
2017-03-01,0,0.25808175508190534
2017-03-02,0,0.23559795988177432
2017-03-03,0,0.16143365118685388
2017-03-06,0,0.18619286516444888
2017-03-07,1,0.2072551378379332
2017-03-08,1,0.23661385628283033
2017-03-09,0,0.21696986847996141
2017-03-10,0,0.19421460721783937
2017-03-13,0,0.2011460068403514
2017-03-14,0,0.1651142697792814
2017-03-15,1,0.18062565970307684
2017-03-16,0,0.20205186211316703
2017-03-17,0,0.22895418029778297
2017-03-20,0,0.2502756810602406
2017-03-21,0,0.33090490251894905
2017-03-22,1,0.33167483504438605
2017-03-23,0,0.36299960532597425
2017-03-24,0,0.3994258278723499
2017-03-27,1,0.5098721335572269
2017-03-28,0,0.43655199221410523
2017-03-29,1,0.46151843811459725
2017-03-30,0,0.43401369890700386
2017-03-31,1,0.46798678705370056
2017-04-03,1,0.429477863014193
2017-04-04,0,0.43640018213043885
2017-04-05,1,0.4435347942288783
2017-04-06,0,0.44571011754533235
2017-04-07,0,0.46196254797000713
2017-04-10,0,0.5332122264812592
2017-04-11,0,0.5378126988333656
2017-04-12,0,0.5905003094828167
2017-04-13,1,0.6192884188720464
2017-04-17,1,0.5800267534851176
2017-04-18,1,0.5528315788468781
2017-04-19,1,0.5103177483012893
2017-04-20,0,0.4496929080161165
2017-04-21,1,0.4363131772679526
2017-04-24,1,0.39724204743749636
2017-04-25,1,0.36836830561519435
2017-04-26,1,0.3612331773001817
2017-04-27,1,0.35672355266533123
2017-04-28,1,0.3630588504973739
2017-05-01,1,0.3585906576408175
2017-05-02,0,0.3607736117110582
2017-05-03,1,0.35915401233776323
2017-05-04,0,0.35099171853873595
2017-05-05,1,0.3945252827486195
2017-05-08,1,0.37270930644346106
2017-05-09,0,0.34794176876766025
2017-05-10,1,0.3733921059176854
2017-05-11,0,0.3547873661694635
2017-05-12,0,0.35559996652101067
2017-05-15,0,0.3568530525343815
2017-05-16,0,0.39738795368164126
2017-05-17,1,0.5181910182454893
2017-05-18,0,0.4925842429581741
2017-05-19,1,0.5205859547648117
2017-05-23,0,0.47595705836270896
2017-05-24,1,0.4926891680251895
2017-05-25,0,0.4364514239639836
2017-05-26,1,0.43493514505842745
2017-05-29,0,0.40234366752744194
2017-05-30,1,0.43186661820028466
2017-05-31,1,0.4125686839514727
2017-06-01,1,0.4115700140812653
2017-06-02,0,0.4107796424879107
2017-06-05,0,0.4194744526000128
2017-06-06,1,0.46053523449219064
2017-06-07,0,0.4488673760689147
2017-06-08,0,0.44811054885889356
2017-06-09,0,0.4685860906202
2017-06-12,0,0.5180181857002136
2017-06-13,0,0.5499070728622831
2017-06-14,1,0.5710779750497178
2017-06-15,0,0.5679012619871503
2017-06-16,1,0.5777842851673077
2017-06-19,0,0.5265830700590041
2017-06-20,1,0.5411775310950453
2017-06-21,0,0.4971766692516169
2017-06-22,0,0.5195892789119504
2017-06-23,0,0.5253242579654834
2017-06-26,0,0.5489541427829476
2017-06-27,0,0.6028604755538849
2017-06-28,0,0.6297562696453747
2017-06-29,0,0.653019999628849
2017-06-30,1,0.685211689739028
2017-07-04,0,0.6616559745792672
2017-07-05,0,0.6581801507451284
2017-07-06,0,0.6560502478586663
2017-07-07,1,0.6644725376921772
2017-07-10,1,0.6574047365306493
2017-07-11,0,0.648067497851083
2017-07-12,1,0.6630997602099318
2017-07-13,0,0.670585472787269
2017-07-14,1,0.6896974597148233
2017-07-17,0,0.6851132126406083
2017-07-18,1,0.6822550559552133
2017-07-19,0,0.6702965860945755
2017-07-20,0,0.6631100290640698
2017-07-21,0,0.7016713302562804
2017-07-24,1,0.7112485063270604
2017-07-25,0,0.6930202538923755
2017-07-26,1,0.7048362775123569
2017-07-27,0,0.660140612799707
2017-07-28,1,0.6923919883679326
2017-07-31,1,0.6806758650874173
2017-08-01,1,0.6436147110613571
2017-08-02,0,0.6134382675235154
2017-08-03,1,0.6199129445148762
2017-08-04,1,0.5735924774689917
2017-08-08,1,0.5660204270841508
2017-08-09,0,0.546454632008482
2017-08-10,0,0.6158905301291595
2017-08-11,1,0.6168228982374037
2017-08-14,1,0.5900131727537683
2017-08-15,0,0.5840173637843332
2017-08-16,0,0.6109464163685303
2017-08-17,0,0.6198957217054593
2017-08-18,1,0.6419353965577844
2017-08-21,1,0.6561778485193283
2017-08-22,0,0.6268803441526578
2017-08-23,0,0.6178239119054524
2017-08-24,0,0.6278987929484914
2017-08-25,1,0.6261521479007313
2017-08-28,1,0.6024001181492497
2017-08-29,1,0.5691314977492251
2017-08-30,0,0.5210745686982974
2017-08-31,0,0.521326413708681
2017-09-01,0,0.5661712586718185
2017-09-05,0,0.5925584137180422
2017-09-06,0,0.5873838002753219
2017-09-07,1,0.6290496481626761
2017-09-08,1,0.6594246788680361
2017-09-11,1,0.6432612136492638
2017-09-12,1,0.6219234586509744
2017-09-13,0,0.6012569770671269
2017-09-14,1,0.5628099523527872
2017-09-15,1,0.5398957305496956
2017-09-18,0,0.4949836986977201
2017-09-19,1,0.4936706483893595
2017-09-20,0,0.49517408024604187
2017-09-21,1,0.5411907052081575
2017-09-22,1,0.5593522883714097
2017-09-25,0,0.562315194266414
2017-09-26,1,0.5645660894184827
2017-09-27,0,0.49402180709011434
2017-09-28,1,0.5138113449154941
2017-09-29,1,0.49399436077689357
2017-10-02,1,0.44487991130573834
2017-10-03,1,0.42627740496697064
2017-10-04,1,0.4194381276510943
2017-10-05,0,0.393028174583205
2017-10-06,0,0.4125677659478996
2017-10-10,0,0.4296427275552539
2017-10-11,0,0.4495269157149435
2017-10-12,1,0.43628524796922996
2017-10-13,1,0.4455253981019564
2017-10-16,1,0.4203950221704006
2017-10-17,0,0.3940532690842264
2017-10-18,1,0.4225290433693761
2017-10-19,1,0.408368041912814
2017-10-20,0,0.3477791685734596
2017-10-23,1,0.3436285730888734
2017-10-24,1,0.32577751090887785
2017-10-25,1,0.2963884607173834
2017-10-26,1,0.297993255389008
2017-10-27,0,0.2930298439898731
2017-10-30,1,0.30573581155812196
2017-10-31,0,0.30166773708168687
2017-11-01,0,0.3102291737463062
2017-11-02,0,0.3536787673102885
2017-11-03,0,0.3455601962565839
2017-11-06,1,0.3532510193029809
2017-11-07,0,0.3491066968877651
2017-11-08,0,0.37056099883952665
2017-11-09,0,0.4083524089995553
2017-11-10,1,0.3979387343454641
2017-11-13,0,0.38603427170936755
2017-11-14,0,0.38004780771973246
2017-11-15,1,0.4024680556182178
2017-11-16,0,0.362417976328239
2017-11-17,1,0.376369575794252
2017-11-20,1,0.35280069680370246
2017-11-21,0,0.33567295344966225
2017-11-22,1,0.38338838117914253
2017-11-23,1,0.39512233419237275
2017-11-24,1,0.38813350042988354
2017-11-27,1,0.3679379688545607
2017-11-28,1,0.3523714821464051
2017-11-29,1,0.336567049425646
2017-11-30,0,0.3013644571148376
2017-12-01,0,0.3913707583406044
2017-12-04,0,0.4090813298620083
2017-12-05,1,0.43746773843605263
2017-12-06,1,0.44153751471607866
2017-12-07,1,0.44871471673546626
2017-12-08,1,0.4240627381938852
2017-12-11,1,0.40791850765837717
2017-12-12,0,0.3741948008702413
2017-12-13,0,0.3768051993400321
2017-12-14,1,0.3865084753471685
2017-12-15,1,0.3900509754314607
2017-12-18,0,0.3852978700769878
2017-12-19,0,0.404124445173685
2017-12-20,0,0.40469867167479656
2017-12-21,0,0.40510252882412207
2017-12-22,0,0.4333649564585643
2017-12-27,0,0.4646456320217542
2017-12-28,0,0.47890317463717585
2017-12-29,1,0.5113135810473302
2018-01-02,1,0.5247655627175316
2018-01-03,1,0.48356894854782706
2018-01-04,0,0.4476664372178605
2018-01-05,1,0.4308042658479102
2018-01-08,1,0.406855421737146
2018-01-09,1,0.3885930140135179
2018-01-10,1,0.3647051476106229
2018-01-11,1,0.36418969780567495
2018-01-12,1,0.3544716998303125
2018-01-15,0,0.35827933015136143
2018-01-16,1,0.44092745827052376
2018-01-17,0,0.4333249353403882
2018-01-18,1,0.45202225888211106
2018-01-19,1,0.44782880144505327
2018-01-22,1,0.4378875367817952
2018-01-23,0,0.4139210988840716
2018-01-24,1,0.4363369304167122
2018-01-25,1,0.42455547290048556
2018-01-26,0,0.42697001553560693
2018-01-29,0,0.4191806012730761
2018-01-30,0,0.47685140467882425
2018-01-31,0,0.4696425204469849
2018-02-01,0,0.5135368661836127
2018-02-02,0,0.5190977273429493
2018-02-05,1,0.5149579293557993
2018-02-06,1,0.5073282228243016
2018-02-07,0,0.5505586927643844
2018-02-08,1,0.5131607701757945
2018-02-09,1,0.5073414891368123
2018-02-12,1,0.49001880372925366
2018-02-13,1,0.5147574838107802
2018-02-14,1,0.5029422664587295
2018-02-15,1,0.45715215928706243
2018-02-16,1,0.45885867956322557
2018-02-20,0,0.5033455829513431
2018-02-21,1,0.4852708537742074
2018-02-22,1,0.4869887446656484
2018-02-23,1,0.539221490901375
2018-02-26,0,0.5499926013633235
2018-02-27,0,0.5341757243946568
2018-02-28,0,0.537739734144192
2018-03-01,1,0.5582795095301154
2018-03-02,1,0.5665275600981016
2018-03-05,0,0.570019820059942
2018-03-06,1,0.558687164242356
2018-03-07,1,0.5479800087290329
2018-03-08,1,0.5234821197241284
2018-03-09,1,0.5096196423031829
2018-03-12,1,0.478329500535462
2018-03-13,0,0.4442306779251509
2018-03-14,1,0.4450941121187722
2018-03-15,1,0.4669788270863008
2018-03-16,0,0.4667121702881453
2018-03-19,1,0.4642475936115897
2018-03-20,0,0.4826450916172749
2018-03-21,0,0.4878740126957822
2018-03-22,0,0.5041388565072227
2018-03-23,1,0.49184279087326127
2018-03-26,0,0.5232643427428146
2018-03-27,1,0.5100435625183629
2018-03-28,1,0.5258129634784641
2018-03-29,0,0.5083843564286888
2018-04-02,1,0.40299740833903985
2018-04-03,1,0.45634668249724464
2018-04-04,1,0.43979695537739355
2018-04-05,0,0.44889195559188694
2018-04-06,0,0.44523473541191344
2018-04-09,1,0.5046023816874635
2018-04-10,0,0.5051660495545491
2018-04-11,1,0.5504871444788187
2018-04-12,0,0.5855852036341924
2018-04-13,1,0.5517879481956917
2018-04-16,1,0.5860680057427005
2018-04-17,1,0.5998718895165187
2018-04-18,0,0.5719183164565698
2018-04-19,0,0.5516585154505709
2018-04-20,1,0.5660172126535197
2018-04-23,0,0.5813357653471773
2018-04-24,1,0.5892898617334765
2018-04-25,1,0.6237672169483798
2018-04-26,0,0.6176701326039773
2018-04-27,0,0.6190770852981283
2018-04-30,1,0.6220635477486898
2018-05-01,0,0.5969721103226114
2018-05-02,0,0.584297969642543
2018-05-03,1,0.5973333246257625
2018-05-04,1,0.5906945367012165
2018-05-07,1,0.5533679833743553
2018-05-08,1,0.5451515956627127
2018-05-09,1,0.5374854754972352
2018-05-10,1,0.4990204211419736
2018-05-11,1,0.4752615208413006
2018-05-14,0,0.4768248623238045
2018-05-15,0,0.45816376144357246
2018-05-16,0,0.4872961202180615
2018-05-17,1,0.5070653116602057
2018-05-18,0,0.47921489132483414
2018-05-22,1,0.46928268358226255
2018-05-23,1,0.44731017742773166
2018-05-24,1,0.4233049473247877
2018-05-25,1,0.397199033197374
2018-05-28,0,0.3862404970779678
2018-05-29,1,0.43306056128549647
2018-05-30,1,0.44213122624335766
2018-05-31,1,0.4377112163459105
2018-06-01,1,0.42594016376113514
2018-06-04,1,0.4043397516600768
2018-06-05,1,0.38994333338930204
2018-06-06,1,0.3676088989118424
2018-06-07,0,0.34241144556475794
2018-06-08,1,0.3313565698766651
2018-06-11,1,0.31171674551761475
2018-06-12,0,0.30601279967343903
2018-06-13,1,0.3542658435609327
2018-06-14,1,0.3416796473645307
2018-06-15,0,0.32680560569360523
2018-06-18,1,0.328837759080344
2018-06-19,1,0.31499243761878215
2018-06-20,0,0.2951540171855027
2018-06-21,0,0.3362037135811657
2018-06-22,0,0.3444013477600447
2018-06-25,1,0.40034605429602227
2018-06-26,0,0.40834172486822196
2018-06-27,0,0.42421535444713676
2018-06-28,0,0.47434124522114934
2018-06-29,0,0.4967817392290714
2018-07-03,1,0.5095906948073987
2018-07-04,1,0.49007252086847075
2018-07-05,1,0.45303227534154006
2018-07-06,1,0.4320418853568215
2018-07-09,1,0.38641180514495715
2018-07-10,0,0.3725892121632731
2018-07-11,1,0.3525793192014599
2018-07-12,1,0.3418347474893949
2018-07-13,0,0.3493463976921613
2018-07-16,1,0.3797786051462895
2018-07-17,1,0.3854781132431734
2018-07-18,1,0.38195087259866384
2018-07-19,0,0.3782934010101914
2018-07-20,1,0.4641057851238008
2018-07-23,1,0.43491050570679174
2018-07-24,0,0.42129037496226274
2018-07-25,1,0.4214772849926932
2018-07-26,0,0.40926408841710776
2018-07-27,0,0.44671169342457273
2018-07-30,1,0.5021051071798398
2018-07-31,0,0.4914629769158356
2018-08-01,1,0.48514017195325176
2018-08-02,1,0.4415078454497751
2018-08-03,1,0.4627257063608411
2018-08-07,0,0.3968922948745419
2018-08-08,1,0.40893283008653536
2018-08-09,1,0.392254298066388
2018-08-10,0,0.37721535084314484
2018-08-13,1,0.4020661398916609
2018-08-14,0,0.4366077656807007
2018-08-15,1,0.44626995551778115
2018-08-16,0,0.42923189066348016
2018-08-17,1,0.45336027760617537
2018-08-20,1,0.4505784266413782
2018-08-21,0,0.4161255135305075
2018-08-22,1,0.4386031310972004
2018-08-23,1,0.4259473890247317
2018-08-24,1,0.4078640160489585
2018-08-27,0,0.3967999376890027
2018-08-28,1,0.40828932890244646
2018-08-29,1,0.38646381815721703
2018-08-30,1,0.371984037736531
2018-08-31,1,0.348533360902556
2018-09-04,0,0.32411962142665884
2018-09-05,0,0.3467019199843093
2018-09-06,1,0.3726186766814522
2018-09-07,1,0.3840523679457494
2018-09-10,0,0.3827760806292892
2018-09-11,0,0.3801814196347654
2018-09-12,1,0.4595357435589891
2018-09-13,1,0.44188789065406864
2018-09-14,0,0.4276188193942078
2018-09-17,1,0.4654462952973638
2018-09-18,0,0.44020104800576654
2018-09-19,1,0.44866717549804214
2018-09-20,0,0.43186342380720905
2018-09-21,0,0.4269309589483204
2018-09-24,0,0.4274456238160839
2018-09-25,0,0.4340896626986548
2018-09-26,1,0.4541677187967962
2018-09-27,0,0.4422138640921658
2018-09-28,0,0.4975060960645667
2018-10-01,1,0.5313667447746041
2018-10-02,1,0.5417091563289501
2018-10-03,0,0.5404818574273248
2018-10-04,0,0.5497175013568862
2018-10-05,0,0.5687239889742289
2018-10-09,0,0.5759526556911695
2018-10-10,0,0.6172196968499943
2018-10-11,1,0.6199165282425091
2018-10-12,0,0.5994099032323612
2018-10-15,1,0.6237570865085394
2018-10-16,1,0.621648207431316
2018-10-17,0,0.5936989815678592
2018-10-18,1,0.5569366999296426
2018-10-19,0,0.5643493285875715
2018-10-22,0,0.552627207329341
2018-10-23,0,0.5466861742427227
2018-10-24,1,0.5426811138553438
2018-10-25,0,0.6203023306234966
2018-10-26,0,0.5944959811165905
2018-10-29,1,0.6558293461015903
2018-10-30,1,0.6590743749449797
2018-10-31,1,0.6268657970842515
2018-11-01,0,0.6329886258284775
2018-11-02,1,0.5798151677487429
2018-11-05,1,0.572901175345808
2018-11-06,1,0.5784870739992723
2018-11-07,1,0.6361209060740114
2018-11-08,0,0.6009522386386482
2018-11-09,0,0.6097892044487151
2018-11-12,0,0.6394515501076093
2018-11-13,0,0.6488379510266741
2018-11-14,1,0.655742007335689
2018-11-15,0,0.6565255117613338
2018-11-16,0,0.673825762159401
2018-11-19,0,0.6596072454233254
2018-11-20,0,0.654042357087112
2018-11-21,0,0.6178224277121059
2018-11-22,1,0.6134998571600593
2018-11-23,1,0.6058649149503231
2018-11-26,1,0.5756354680557155
2018-11-27,1,0.5678068103716813
2018-11-28,0,0.5523203200512365
2018-11-29,1,0.5043430590703265
2018-11-30,1,0.4888056918726567
2018-12-03,0,0.4809142156582231
2018-12-04,1,0.5215772409688871
2018-12-05,0,0.5767205178297891
2018-12-06,0,0.5844351581868371
2018-12-07,1,0.6022788157074818
2018-12-10,0,0.6297249941898917
2018-12-11,1,0.639494551174365
2018-12-12,0,0.6248978027334311
2018-12-13,0,0.6110493238046893
2018-12-14,0,0.5366343168616524
2018-12-17,1,0.5037240861420721
2018-12-18,0,0.5621002315680357
2018-12-19,0,0.5071917141079499
2018-12-20,0,0.46570398418589193
2018-12-21,0,0.5240789448618896
2018-12-24,1,0.4567450982537062
2018-12-27,1,0.6048339648693363
2018-12-28,1,0.5718992143637547
2018-12-31,1,0.5349157995077488
2019-01-02,0,0.5218175329516093
2019-01-03,1,0.43845253619462776
2019-01-04,0,0.5514643481571714
2019-01-07,1,0.5666677407181363
2019-01-08,0,0.622022673528924
2019-01-09,1,0.656165456686301
2019-01-10,1,0.7045711921042925
2019-01-11,0,0.65964567091299
2019-01-14,1,0.6378355907493873
2019-01-15,1,0.6359620855764144
2019-01-16,1,0.6159493138504577
2019-01-17,1,0.658804882122347
2019-01-18,1,0.6240445240551052
2019-01-21,0,0.6013661956304788
2019-01-22,1,0.5881771426329447
2019-01-23,1,0.5859975643475077
2019-01-24,0,0.583232038549057
2019-01-25,0,0.591431267365653
2019-01-28,1,0.6042936901730699
2019-01-29,1,0.5915098031006651
2019-01-30,1,0.5773976313227289
2019-01-31,0,0.5657768026488801
2019-02-01,1,0.5284563428917118
2019-02-04,1,0.48168303838256504
2019-02-05,1,0.4730590586577127
2019-02-06,0,0.4494076953357189
2019-02-07,0,0.44365335882084617
2019-02-08,1,0.43717342421910116
2019-02-11,1,0.44923349619622144
2019-02-12,1,0.44264484761125056
2019-02-13,1,0.4210719002472816
2019-02-14,1,0.4010241941552937
2019-02-15,0,0.3907326499839367
2019-02-19,0,0.37156238921580265
2019-02-20,1,0.36122525631780844
2019-02-21,1,0.34441893010116825
2019-02-22,1,0.3444860784162513
2019-02-25,0,0.3361080588656601
2019-02-26,0,0.3512559321757881
2019-02-27,0,0.34018386390119715
2019-02-28,1,0.36047867508126974
2019-03-01,0,0.31981722545640306
2019-03-04,1,0.324471817219819
2019-03-05,0,0.315563269192022
2019-03-06,0,0.30662788434406996
2019-03-07,0,0.3299847257030581
2019-03-08,1,0.3856708078203828
2019-03-11,1,0.3592183676963515
2019-03-12,1,0.36037518768360943
2019-03-13,1,0.3587767890349338
2019-03-14,1,0.3424389167632636
2019-03-15,1,0.30297103145992804
2019-03-18,0,0.30018118691748
2019-03-19,0,0.2867976943663972
2019-03-20,1,0.31338960061718146
2019-03-21,0,0.303360161897088
2019-03-22,0,0.39343568035093623
2019-03-25,1,0.40693491308435764
2019-03-26,0,0.4062687977196092
2019-03-27,1,0.4139231027821783
2019-03-28,1,0.42407625569966306
2019-03-29,1,0.3935530045847976
2019-04-01,1,0.35137123727915903
2019-04-02,1,0.3484319145318502
2019-04-03,1,0.3343137936424997
2019-04-04,1,0.30435724041629536
2019-04-05,0,0.30128741217726535
2019-04-08,0,0.32760535691231335
2019-04-09,1,0.37249059056073885
2019-04-10,1,0.3805367673290347
2019-04-11,1,0.35819000466672973
2019-04-12,1,0.3525483356709778
2019-04-15,0,0.3213887142662759
2019-04-16,0,0.3155140643746896
2019-04-17,1,0.33027908092988045
2019-04-18,0,0.32050567528759266
2019-04-22,1,0.3226240396460391
2019-04-23,1,0.2980186990018975
2019-04-24,0,0.2905033587040441
2019-04-25,1,0.28475827936955056
2019-04-26,1,0.2665988737702769
2019-04-29,0,0.25682315863080535
2019-04-30,0,0.27022072737718933
2019-05-01,0,0.3061707231429723
2019-05-02,1,0.3228380049492584
2019-05-03,0,0.3242233416421368
2019-05-06,0,0.35947053284339764
2019-05-07,0,0.41904635568976545
2019-05-08,0,0.47527484846169094
2019-05-09,1,0.5018517797824895
2019-05-10,0,0.4875679648321219
2019-05-13,1,0.5266017495642017
2019-05-14,1,0.5174180190582459
2019-05-15,1,0.4989149596587417
2019-05-16,0,0.506985895685706
2019-05-17,0,0.48374103901282456
2019-05-21,0,0.5093285710962436
2019-05-22,0,0.5113594333068725
2019-05-23,0,0.5019619085185695
2019-05-24,1,0.5073951414579593
2019-05-27,0,0.5194811633775291
2019-05-28,0,0.528571975446769
2019-05-29,1,0.5188684342206807
2019-05-30,0,0.5307530936245882
2019-05-31,0,0.543594788830444
2019-06-03,1,0.5365776704909481
2019-06-04,1,0.5281095058512175
2019-06-05,1,0.5312463503760037
2019-06-06,1,0.5325846955636081
2019-06-07,1,0.5357848625803885
2019-06-10,1,0.530630339977323
2019-06-11,1,0.522218836887339
2019-06-12,1,0.5154918527982879
2019-06-13,1,0.5098020977911173
2019-06-14,1,0.5053772291768771
2019-06-17,1,0.5150404703777873
2019-06-18,0,0.4884703319188337
2019-06-19,1,0.4943804567192884
2019-06-20,0,0.48445427922156176
2019-06-21,0,0.48112008502607667
2019-06-24,0,0.48960938328154063
2019-06-25,0,0.5124061559126011
2019-06-26,0,0.523843798825039
2019-06-27,1,0.5126964170768512
2019-06-28,1,0.5141172434691956
2019-07-02,1,0.48673492263840273
2019-07-03,1,0.5167982246210249
2019-07-04,0,0.5148547785015039
2019-07-05,0,0.506115590196218
2019-07-08,1,0.509389435179737
2019-07-09,1,0.4823431829545439
2019-07-10,1,0.47049548021123444
2019-07-11,1,0.48534493911069915
2019-07-12,1,0.4888686518454921
2019-07-15,0,0.4920543563184457
2019-07-16,0,0.47806026823998254
2019-07-17,1,0.49654006887515995
2019-07-18,0,0.4903665926958687
2019-07-19,1,0.48357833769540126
2019-07-22,1,0.46534814213622283
2019-07-23,1,0.46692027371933426
2019-07-24,0,0.4730448004996871
2019-07-25,1,0.4874915151296728
2019-07-26,0,0.46873114043466124
2019-07-29,0,0.4834610639963695
2019-07-30,0,0.47326508559105157
2019-07-31,0,0.46490561622959237
2019-08-01,0,0.476800599820781
2019-08-02,0,0.5262092782872194
2019-08-06,1,0.535213118367828
2019-08-07,1,0.5292848814439245
2019-08-08,0,0.5232535374608854
2019-08-09,0,0.5438739032999406
2019-08-12,1,0.5354781415838943
2019-08-13,0,0.5251193979763871
2019-08-14,1,0.5359591851563603
2019-08-15,1,0.5126809232499342
2019-08-16,1,0.5214063073248277
2019-08-19,0,0.5301967853658828
2019-08-20,1,0.5464814787637581
2019-08-21,0,0.5597190810304851
2019-08-22,0,0.5463729022503218
2019-08-23,1,0.5541514274113123
2019-08-26,1,0.5365067398208311
2019-08-27,1,0.5430778270428192
2019-08-28,1,0.5413199821678775
2019-08-29,1,0.5423120394620614
2019-08-30,0,0.5637976958153604
2019-09-03,1,0.5412285895189739
2019-09-04,1,0.5366197653869899
2019-09-05,0,0.4977914853514022
2019-09-06,0,0.5129851769057174
2019-09-09,0,0.4876701729390525
2019-09-10,1,0.5000808435788299
2019-09-11,1,0.49795708216168644
2019-09-12,1,0.48076839273805266
2019-09-13,0,0.4805291337410987
2019-09-16,1,0.4994148672244491
2019-09-17,1,0.493577509168584
2019-09-18,0,0.4789608536148197
2019-09-19,0,0.47266279130591365
2019-09-20,0,0.4634929105155657
2019-09-23,0,0.481742285807806
2019-09-24,1,0.4848005319445515
2019-09-25,0,0.5003524044517813
2019-09-26,0,0.49319642024846927
2019-09-27,1,0.4934380879422814
2019-09-30,0,0.4957429453165172
2019-10-01,0,0.5160035300635892
2019-10-02,1,0.5042550691570031
2019-10-03,1,0.4948138886813935
2019-10-04,0,0.5108702763884169
2019-10-07,0,0.5160082336453706
2019-10-08,1,0.5296216912850579
2019-10-09,1,0.5335423853810966
2019-10-10,1,0.5234277115632535
2019-10-11,1,0.5048878251605488
2019-10-15,0,0.507293911856335
2019-10-16,0,0.5302778024701125
2019-10-17,0,0.5220338848468812
2019-10-18,1,0.5322416109166478
2019-10-21,0,0.5074167541493205
2019-10-22,1,0.5013454419279851
2019-10-23,1,0.506386182489657
2019-10-24,1,0.5071201684238815
2019-10-25,1,0.5038422884809365
2019-10-28,1,0.4901871181203484
2019-10-29,1,0.4760457338696503
2019-10-30,0,0.4558021903918529
2019-10-31,1,0.480046689380698
2019-11-01,1,0.4726690736971918
2019-11-04,0,0.45209727127472976
2019-11-05,1,0.46636451275308866
2019-11-06,1,0.4628357111093484
2019-11-07,1,0.44942235922303786
2019-11-08,0,0.45718172713371624
2019-11-11,1,0.4596372419868366
2019-11-12,1,0.4511305439188143
2019-11-13,1,0.42430080965333916
2019-11-14,1,0.4361991159241926
2019-11-15,0,0.43339341803115117
2019-11-18,1,0.41617487342240994
2019-11-19,0,0.4279292885069641
2019-11-20,0,0.4187767729934389
2019-11-21,1,0.45000509403875394
2019-11-22,1,0.4374443816828836
2019-11-25,1,0.42788663992209075
2019-11-26,1,0.4188976072858933
2019-11-27,1,0.42713588199483715
2019-11-28,0,0.4305338250716108
2019-11-29,0,0.43266097151057
2019-12-02,0,0.4451088684739456
2019-12-03,0,0.4476011034077018
2019-12-04,1,0.4696645748221436
2019-12-05,1,0.4759909904053061
2019-12-06,0,0.46709855173617265
2019-12-09,0,0.49282861783296794
2019-12-10,0,0.4907075317322838
2019-12-11,1,0.4858592378887304
2019-12-12,1,0.4416388887117858
2019-12-13,1,0.4279576705850489
2019-12-16,1,0.43181190631408467
2019-12-17,0,0.44987710286577387
2019-12-18,1,0.4725989492157408
2019-12-19,1,0.46459196794557706
2019-12-20,0,0.43674177170887124
2019-12-23,1,0.43366084748304956
2019-12-24,0,0.44731266811880876
2019-12-27,0,0.4383741911583097
2019-12-30,0,0.4824710252867139
2019-12-31,1,0.4657373275054963
2020-01-02,0,0.4606349762617655
2020-01-03,1,0.47698344151706207
2020-01-06,1,0.47142972246747994
2020-01-07,1,0.4802354750952247
2020-01-08,1,0.4496670560412241
2020-01-09,0,0.45697660073391044
2020-01-10,1,0.4713961413157254
2020-01-13,0,0.45030356933130505
2020-01-14,1,0.44918712920897813
2020-01-15,1,0.45239567355491095
2020-01-16,1,0.43574683095849787
2020-01-17,0,0.430383346208673
2020-01-20,0,0.42505155019022167
2020-01-21,1,0.4346387210510373
2020-01-22,0,0.43869119947294427
2020-01-23,0,0.42974976487097166
2020-01-24,0,0.4539622187276663
2020-01-27,1,0.461410214318549
2020-01-28,1,0.48073499454876023
2020-01-29,1,0.4894078657085348
2020-01-30,0,0.4712743668258709
2020-01-31,1,0.480502159270019
2020-02-03,1,0.4956200672505227
2020-02-04,1,0.484392546453362
2020-02-05,1,0.4713648424015991
2020-02-06,0,0.4680207719376916
2020-02-07,1,0.4771649934276635
2020-02-10,1,0.47213097324318637
2020-02-11,1,0.46515144746277753
2020-02-12,0,0.4449456813009093
2020-02-13,1,0.4454972562787744
2020-02-14,0,0.4453893988719789
2020-02-18,1,0.44134280900437856
2020-02-19,0,0.4330303008011361
2020-02-20,0,0.3954147258620799
2020-02-21,0,0.44601788442259854
2020-02-24,0,0.48758123569381107
2020-02-25,0,0.48766341217088344
2020-02-26,0,0.4877544210908691
2020-02-27,0,0.483698260202897
2020-02-28,1,0.510082082306933
2020-03-02,0,0.5265558863673347
2020-03-03,1,0.5603710431252554
2020-03-04,0,0.5545691941670992
2020-03-05,0,0.5638363090810581
2020-03-06,0,0.5449638483043109
2020-03-09,1,0.4945829696536955
2020-03-10,0,0.5406905126504248
2020-03-11,0,0.5475655043644851
2020-03-12,1,0.5524079093989662
2020-03-13,0,0.6415218394490901
2020-03-16,1,0.6900751569133068
2020-03-17,0,0.6671679233827128
2020-03-18,1,0.6624437667251873
2020-03-19,0,0.6931298841260265
2020-03-20,0,0.5909539909967015
2020-03-23,1,0.6621582812826511
2020-03-24,0,0.6217577063647253
2020-03-25,1,0.6902792949538398
2020-03-26,0,0.7328505954559202
2020-03-27,1,0.6995658774029269
2020-03-30,0,0.7123608167128638
2020-03-31,0,0.6017371066744639
2020-04-01,1,0.5939728042723312
2020-04-02,0,0.5526280975764131
2020-04-03,1,0.6289216748294804
2020-04-06,0,0.6923438096707059
2020-04-07,1,0.6642003774910019
2020-04-08,1,0.7039416907312634
2020-04-09,0,0.666006924753352
2020-04-13,1,0.6755121830325366
2020-04-14,0,0.614875069945178
2020-04-15,1,0.6418248861006065
2020-04-16,1,0.6191574932191897
2020-04-17,0,0.619044976118649
2020-04-20,0,0.684993092454079
2020-04-21,1,0.5988009994982332
2020-04-22,0,0.6248947270544811
2020-04-23,1,0.5951422508469344
2020-04-24,1,0.569151712046838
2020-04-27,0,0.5851664083095746
2020-04-28,1,0.5725379874540087
2020-04-29,0,0.5429498502444177
2020-04-30,0,0.5647663562875987
2020-05-01,1,0.5012014604201991
2020-05-04,1,0.4882439658746198
2020-05-05,0,0.5267355137909544
2020-05-06,1,0.4927213761421784
2020-05-07,1,0.5147752808518574
2020-05-08,1,0.5195647774645491
2020-05-11,0,0.4974571070868152
2020-05-12,0,0.5153079980801594
2020-05-13,1,0.46787805310402103
2020-05-14,1,0.4531057764534579
2020-05-15,1,0.47265725564196787
2020-05-19,1,0.4483341824634737
2020-05-20,0,0.4965815640497155
2020-05-21,1,0.5218369167864433
2020-05-22,1,0.5112917589890515
2020-05-25,0,0.4889532087919011
2020-05-26,1,0.47596487230788564
2020-05-27,0,0.4468886968608084
2020-05-28,1,0.4702995314041764
2020-05-29,0,0.46712659819727126
2020-06-01,1,0.48658152095045903
2020-06-02,1,0.5017127130083963
2020-06-03,0,0.45986586789604894
2020-06-04,1,0.4843733742148641
2020-06-05,1,0.454832991220153
2020-06-08,0,0.47615451152393873
2020-06-09,0,0.4833386440772528
2020-06-10,0,0.4596275146632316
2020-06-11,1,0.5039715102814006
2020-06-12,1,0.4753886984665702
2020-06-15,1,0.5025970732704063
2020-06-16,0,0.5066258987025327
2020-06-17,1,0.539548544670287
2020-06-18,0,0.5714415789780123
2020-06-19,1,0.528197774572457
2020-06-22,1,0.4916926047098531
2020-06-23,0,0.47045692032797226
2020-06-24,1,0.47662525039177617
2020-06-25,0,0.45348263363648467
2020-06-26,1,0.500496715049841
2020-06-29,1,0.49904816804211083
2020-06-30,1,0.4820087582249396
2020-07-02,0,0.49024226038159885
2020-07-03,1,0.5053920569422994
2020-07-06,0,0.48318775021758326
2020-07-07,0,0.503765885428392
2020-07-08,1,0.4652745991638025
2020-07-09,1,0.46176796320438335
2020-07-10,0,0.4724171454326066
2020-07-13,1,0.46567477616171177
2020-07-14,1,0.48167359851407443
2020-07-15,1,0.4992728120297995
2020-07-16,1,0.48867157639096653
2020-07-17,1,0.48202289413483035
2020-07-20,0,0.4592324632818409
2020-07-21,1,0.4631514253300855
2020-07-22,0,0.45830555543835144
2020-07-23,0,0.48135249367904903
2020-07-24,1,0.48296044361427803
2020-07-27,0,0.48702896458243367
2020-07-28,1,0.47230641752766084
2020-07-29,1,0.4814413555394318
2020-07-30,1,0.49056208938873114
2020-07-31,1,0.48808771947683915
2020-08-04,1,0.4534106181518692
2020-08-05,1,0.4586283024519205
2020-08-06,1,0.4491016167971629
2020-08-07,1,0.4333334904545453
2020-08-10,0,0.4310440851639394
2020-08-11,1,0.4386120724418505
2020-08-12,0,0.4521977557664917
2020-08-13,1,0.48356549161912055
2020-08-14,0,0.4729818461224605
2020-08-17,1,0.4788314640041246
2020-08-18,0,0.48166779958714195
2020-08-19,1,0.4653518386157691
2020-08-20,1,0.46732808096451006
2020-08-21,1,0.4486521364464877
2020-08-24,1,0.4335101062004749
2020-08-25,1,0.4465676421013102
2020-08-26,1,0.43294900772067135
2020-08-27,1,0.4280199121451556
2020-08-28,0,0.4183027256117267
2020-08-31,1,0.4274076606110542
2020-09-01,1,0.4246503079203042
2020-09-02,0,0.41574930250217
2020-09-03,0,0.4828174285867719
2020-09-04,0,0.4886454062270507
2020-09-08,1,0.5018282730955408
2020-09-09,0,0.5031325013598041
2020-09-10,0,0.5060951378277176
2020-09-11,1,0.5290309807063327
2020-09-14,1,0.5255987421167545
2020-09-15,0,0.5461208427947042
2020-09-16,0,0.5199406390665376
2020-09-17,0,0.49204220866119375
2020-09-18,0,0.4782877995077983
2020-09-21,1,0.4679306074147195
2020-09-22,0,0.4764099068391313
2020-09-23,1,0.5014285220459805
2020-09-24,1,0.507922512611543
2020-09-25,1,0.5248130164265583
2020-09-28,0,0.5253036483000688
2020-09-29,1,0.51946561394481
2020-09-30,1,0.512200179849551
2020-10-01,0,0.5031319778630383
2020-10-02,1,0.5064729645946183
2020-10-05,0,0.49524552458906057
2020-10-06,1,0.5198068981942107
2020-10-07,1,0.5257734657140694
2020-10-08,1,0.5518030310893314
2020-10-09,1,0.5392569938069747
2020-10-13,0,0.4983659373001487
2020-10-14,1,0.5362472479690169
2020-10-15,0,0.507534947175665
2020-10-16,0,0.5103069677671678
2020-10-19,0,0.5228372696483475
2020-10-20,0,0.4926204693877947
2020-10-21,1,0.513990347117124
2020-10-22,1,0.503751044568025
2020-10-23,0,0.5079267453139222
2020-10-26,0,0.520717697153436
2020-10-27,0,0.507572885218335
2020-10-28,1,0.500290549531835
2020-10-29,0,0.4883354042375944
2020-10-30,1,0.48197635697149244
2020-11-02,1,0.5166564524342788
2020-11-03,1,0.5238339201552892
2020-11-04,1,0.5440873786450511
2020-11-05,0,0.5325957299497704
2020-11-06,1,0.5358183993533893
2020-11-09,1,0.49740045832861624
2020-11-10,1,0.507282706876659
2020-11-11,0,0.4886360210023342
2020-11-12,1,0.4809638353103178
2020-11-13,1,0.48653169294408194
2020-11-16,0,0.4986174776129933
2020-11-17,0,0.516789595378502
2020-11-18,1,0.5103843044240396
2020-11-19,0,0.5004217631882344
2020-11-20,1,0.49176474622979344
2020-11-23,1,0.470270659278993
2020-11-24,0,0.475650764294605
2020-11-25,1,0.49505278033176375
2020-11-26,1,0.49516617687826536
2020-11-27,0,0.4790827371184916
2020-11-30,1,0.45303975724471035
2020-12-01,1,0.437073384956265
2020-12-02,0,0.4450637331533324
2020-12-03,1,0.4526442293761975
2020-12-04,0,0.4529592204776859
2020-12-07,1,0.4615032800210322
2020-12-08,0,0.4345709437124739
2020-12-09,0,0.43061660172908145
2020-12-10,0,0.45992605111067136
2020-12-11,0,0.4637273162927825
2020-12-14,1,0.4789060213156579
2020-12-15,1,0.4636580241483808
2020-12-16,1,0.4452852596377611
2020-12-17,1,0.4743203166721592
2020-12-18,1,0.4676793429938431
2020-12-21,1,0.4675947299995005
2020-12-22,0,0.45086324543080786
2020-12-23,1,0.459545734186357
2020-12-24,1,0.46085699232027155
2020-12-29,0,0.4310827887351027
2020-12-30,1,0.4781053705655449
2020-12-31,0,0.46520530136041394
2021-01-04,0,0.4650428985861211
2021-01-05,1,0.4847836608673504
2021-01-06,1,0.4703490620266548
2021-01-07,1,0.47323907999515014
2021-01-08,0,0.4637926467443283
2021-01-11,0,0.4796908263238943
2021-01-12,1,0.489107271816414
2021-01-13,0,0.46541761709215984
2021-01-14,1,0.4815090160161902
2021-01-15,1,0.46973026091512315
2021-01-18,1,0.4814480543255159
2021-01-19,1,0.48638248941447176
2021-01-20,0,0.4819079673700975
2021-01-21,1,0.48145040918484383
2021-01-22,1,0.45544857217568935
2021-01-25,0,0.42017002991488467
2021-01-26,0,0.4548596565893749
2021-01-27,1,0.46921838365196616
2021-01-28,0,0.47473548916433994
2021-01-29,1,0.5036465485173864
2021-02-01,1,0.5027435251703845
2021-02-02,0,0.5156001697735519
2021-02-03,1,0.5346744150836775
2021-02-04,0,0.4995386361323785
2021-02-05,1,0.524016746592552
2021-02-08,0,0.4900119571581622
2021-02-09,0,0.46929990796325183
2021-02-10,1,0.48225409423464405
2021-02-11,1,0.4681121914484679
2021-02-12,0,0.4674618106635012
2021-02-16,1,0.4218520279356751
2021-02-17,0,0.44988757265518164
2021-02-18,0,0.4692066710664082
2021-02-19,0,0.44805469827311295
2021-02-22,0,0.4440890735493961
2021-02-23,1,0.43873282087833776
2021-02-24,0,0.4463783445970886
2021-02-25,1,0.4776459868552097
2021-02-26,1,0.47064901910395407
2021-03-01,0,0.4839298462428495
2021-03-02,0,0.5059612709814999
2021-03-03,0,0.495530643736868
2021-03-04,1,0.4969933256973128
2021-03-05,0,0.4935326429795283
2021-03-08,1,0.5072281320858609
2021-03-09,1,0.521161771842333
2021-03-10,1,0.5279762539419119
2021-03-11,0,0.5431853519313612
2021-03-12,1,0.5372206653968785
2021-03-15,0,0.5065613973075925
2021-03-16,1,0.5014114877270501
2021-03-17,0,0.4998126987882845
2021-03-18,0,0.5190524523239133
2021-03-19,1,0.4964768107075733
2021-03-22,0,0.4999339831593642
2021-03-23,0,0.5009656136515752
2021-03-24,1,0.4979992982596787
2021-03-25,1,0.4925496902422956
2021-03-26,0,0.49705895069514766
2021-03-29,1,0.4792442231112715
2021-03-30,0,0.4843096978811802
2021-03-31,1,0.48665293782905117
2021-04-01,1,0.47024885949025175
2021-04-05,1,0.45791019200961813
2021-04-06,1,0.4769527249084498
2021-04-07,0,0.46850696113447043
2021-04-08,1,0.46850870221899765
2021-04-09,1,0.4556164126661045
2021-04-12,1,0.43416224212349963
2021-04-13,0,0.4386021042888152
2021-04-14,1,0.44763763772813897
2021-04-15,1,0.44619727854501534
2021-04-16,0,0.4406163175304736
2021-04-19,0,0.4190247308379529
2021-04-20,0,0.41922320461048307
2021-04-21,0,0.4163209722378669
2021-04-22,1,0.4315684336212024
2021-04-23,0,0.4368954160278645
2021-04-26,0,0.4362556345342568
2021-04-27,0,0.4425599738374016
2021-04-28,1,0.44776766580854876
2021-04-29,0,0.4387841808725469
2021-04-30,1,0.4317848872812079
2021-05-03,0,0.4363999170144647
2021-05-04,0,0.4259123831197792
2021-05-05,0,0.4646121460209977
2021-05-06,1,0.462026836441031
2021-05-07,0,0.4521071030547317
2021-05-10,0,0.47977092436323276
2021-05-11,0,0.4729803600292176
2021-05-12,1,0.4884175257285442
2021-05-13,1,0.49342893820697037
2021-05-14,0,0.5054592886378232
2021-05-17,0,0.5297583281184475
2021-05-18,1,0.5411209549064244
2021-05-19,1,0.5337822259063033
2021-05-20,0,0.5401270425950815
2021-05-21,1,0.5199897748641055
2021-05-25,1,0.5197625737754443
2021-05-26,0,0.5318561337789733
2021-05-27,1,0.5408683643742473
2021-05-28,0,0.5225145518113345
2021-05-31,0,0.513041840174867
2021-06-01,0,0.4979657912797286
2021-06-02,1,0.49782868370954114
2021-06-03,1,0.5056049964230837
2021-06-04,0,0.49726213745571146
2021-06-07,1,0.5029477291471189
2021-06-08,0,0.48979464926427413
2021-06-09,1,0.4899481355437244
2021-06-10,1,0.48542510478011963
2021-06-11,1,0.4718376642488025
2021-06-14,1,0.47534898754160376
2021-06-15,1,0.4692244900167499
2021-06-16,1,0.45814514683544016
2021-06-17,0,0.4425749725487486
2021-06-18,1,0.5049364998083656
2021-06-21,1,0.48641448098330775
2021-06-22,0,0.5071788158298643
2021-06-23,1,0.5145352305463555
2021-06-24,1,0.4830725897581405
2021-06-25,1,0.49990448236286206
2021-06-28,1,0.44332986110218625
2021-06-29,1,0.4806652593195272
2021-06-30,1,0.4651403253170223
2021-07-02,1,0.4486624781580447
2021-07-05,1,0.4415307479527109
2021-07-06,1,0.4091325820483538
2021-07-07,0,0.42105189913614804
2021-07-08,1,0.46823235629884413
2021-07-09,1,0.44681544233628884
2021-07-12,1,0.43435129242484255
2021-07-13,1,0.44998540970949624
2021-07-14,1,0.4083171050546704
2021-07-15,0,0.40557948603004756
2021-07-16,0,0.41383187647749964
2021-07-19,1,0.4087097488078317
2021-07-20,0,0.3993958169871567
2021-07-21,1,0.46328892402870453
2021-07-22,1,0.4549601141249314
2021-07-23,1,0.4216613275289115
2021-07-26,0,0.45571321384685515
2021-07-27,0,0.4512432267963748
2021-07-28,0,0.47440181645257323
2021-07-29,0,0.46628715813578936
2021-07-30,1,0.47379364834082877
2021-08-03,0,0.4289960531772744
2021-08-04,1,0.47894694030414775
2021-08-05,1,0.4624590625195575
2021-08-06,1,0.4468470622186615
2021-08-09,0,0.458005661256528
2021-08-10,1,0.46836069171807954
2021-08-11,1,0.454752693886428
2021-08-12,1,0.4406247667072248
2021-08-13,1,0.4494758233677872
2021-08-16,0,0.43000944064979735
2021-08-17,0,0.46541438441038985
2021-08-18,1,0.5029158252444449
2021-08-19,1,0.36865459183083216
2021-08-20,0,0.42416810855917175
2021-08-23,0,0.46194945617822114
2021-08-24,1,0.4854949474509069
2021-08-25,1,0.4708229268724807
2021-08-26,1,0.47108102340819924
2021-08-27,1,0.42250048944658997
2021-08-30,0,0.44788176648057737
2021-08-31,1,0.4323564935599213
2021-09-01,0,0.4612215334115527
2021-09-02,0,0.45548068047194373
2021-09-03,1,0.4563680902147398
2021-09-07,1,0.42061705080739303
2021-09-08,0,0.39659854811814815
2021-09-09,0,0.4452559718254929
2021-09-10,1,0.4861321649012203
2021-09-13,0,0.46999308852362554
2021-09-14,1,0.4998544042890637
2021-09-15,1,0.46250301488904916
2021-09-16,0,0.4892876510476926
2021-09-17,0,0.5216038841650529
2021-09-20,0,0.5122472305612713
2021-09-21,1,0.5146418327977396
2021-09-22,1,0.46327136498644234
2021-09-23,1,0.48485698009528133
2021-09-24,0,0.5227133891076458
2021-09-27,0,0.5470879827953469
2021-09-28,1,0.5740414258699154
2021-09-29,0,0.5219719912581882
2021-09-30,1,0.5673836635780499
2021-10-01,0,0.4772525325227384
2021-10-04,1,0.5843909025864623
2021-10-05,1,0.5219480072520922
2021-10-06,1,0.52478223659174
2021-10-07,0,0.5352494822167294
2021-10-08,0,0.5664017007278461
2021-10-12,1,0.5655056923939361
2021-10-13,1,0.5473421016714223
2021-10-14,1,0.49855544172287747
2021-10-15,1,0.5190612931554053
2021-10-18,1,0.5334083792893506
2021-10-19,1,0.5341987730136836
2021-10-20,1,0.5537297453690233
2021-10-21,0,0.5168419300341213
2021-10-22,1,0.5228804392299552
2021-10-25,1,0.5006503539353948
2021-10-26,0,0.5165721425317236
2021-10-27,1,0.5448869880030883
2021-10-28,1,0.509157105346317
2021-10-29,1,0.5137837726262541
2021-11-01,1,0.5173689440435422
2021-11-02,1,0.49582325152384726
2021-11-03,1,0.4992942757031913
2021-11-04,1,0.47571756460677755
2021-11-05,1,0.4905079434640035
2021-11-08,0,0.470538181054537
2021-11-09,0,0.4722263295711155
2021-11-10,1,0.46795892682515366
2021-11-11,1,0.47648207315948393
2021-11-12,0,0.4917602571618967
2021-11-15,1,0.5015960988596274
2021-11-16,1,0.46482327740463936
2021-11-17,1,0.49962572530859545
2021-11-18,1,0.42041437299602963
2021-11-19,1,0.41772425768219634
2021-11-22,0,0.3959889436728678
2021-11-23,1,0.42708867733372485
2021-11-24,1,0.4343569575063027
2021-11-25,0,0.45711884521828977
2021-11-26,1,0.45879444247769463
2021-11-29,0,0.4225700284136539
2021-11-30,0,0.5231797080185815
2021-12-01,1,0.49684136152207287
2021-12-02,0,0.41509030038627476
2021-12-03,1,0.4818512094693308
2021-12-06,1,0.4676005953505212
2021-12-07,1,0.4553519183327073
2021-12-08,0,0.48191846741834005
2021-12-09,1,0.49242217555266277
2021-12-10,0,0.45228342437974256
2021-12-13,0,0.4836506940607833
2021-12-14,1,0.49078325734656997
2021-12-15,0,0.42224246461355075
2021-12-16,0,0.5331458755442725
2021-12-17,0,0.49991259631718055
2021-12-20,1,0.5331669214107143
2021-12-21,1,0.441348605962682
2021-12-22,1,0.48317544134483137
2021-12-23,1,0.4823825587491457
2021-12-24,1,0.5059507122896106
2021-12-29,0,0.43078239597582957
2021-12-30,0,0.5249805399031314
2021-12-31,1,0.5085955180178253
2022-01-04,0,0.4072101135038525
2022-01-05,0,0.5022202662151635
2022-01-06,0,0.4663130972214776
2022-01-07,1,0.5036540394867814
2022-01-10,1,0.44446898376640326
2022-01-11,0,0.4713728199695585
2022-01-12,0,0.5130156098919768
2022-01-13,1,0.5186842812644881
2022-01-14,1,0.46312930876632347
2022-01-17,0,0.5163390144823546
2022-01-18,0,0.5297353243925828
2022-01-19,0,0.5161504483796051
2022-01-20,0,0.5238230443249179
2022-01-21,1,0.5214603260557018
2022-01-24,0,0.43739632975232956
2022-01-25,1,0.5681999526520621
2022-01-26,1,0.5086920879495108
2022-01-27,1,0.561587828147543
2022-01-28,1,0.4696673670857057
2022-01-31,1,0.4991542189829703
2022-02-01,1,0.5384667415872119
2022-02-02,0,0.5348659762577757
2022-02-03,1,0.6366003271517815
2022-02-04,0,0.5229567955891078
2022-02-07,1,0.5965110072753582
2022-02-08,1,0.5390842572009329
2022-02-09,0,0.543225352771278
2022-02-10,0,0.6369217361913898
2022-02-11,0,0.6246596608595452
2022-02-14,1,0.5757860827033915
2022-02-15,0,0.5021182213685459
2022-02-16,0,0.532911376845292
2022-02-17,0,0.6201117013777698
2022-02-18,0,0.5400247882843044
2022-02-22,0,0.5788797797247326
2022-02-23,1,0.5813446829385105
2022-02-24,1,0.4169298761518026
2022-02-25,0,0.47548738624802867
2022-02-28,0,0.5341663138928083
2022-03-01,1,0.584626426854744
2022-03-02,0,0.5114612152044975
2022-03-03,0,0.5443818165768207
2022-03-04,0,0.5609868675257733
2022-03-07,0,0.6098143307096501
2022-03-08,1,0.541890261019742
2022-03-09,0,0.51711947825102
2022-03-10,0,0.594242538130332
2022-03-11,0,0.61184301199856
2022-03-14,1,0.5552535406581743
2022-03-15,1,0.5087716824081344
2022-03-16,1,0.48996362798123944
2022-03-17,1,0.5381037450711712
2022-03-18,0,0.526114309972612
2022-03-21,1,0.5696317147159301
2022-03-22,0,0.5395381287468128
2022-03-23,1,0.6051643265090487
2022-03-24,1,0.5276291178909099
2022-03-25,1,0.5676049174546455
2022-03-28,1,0.5292660562418944
2022-03-29,0,0.5128804898975884
2022-03-30,0,0.5870792486105533
2022-03-31,1,0.5861896248760468
2022-04-01,1,0.49748130878692026
2022-04-04,0,0.512742578720607
2022-04-05,0,0.5598521594822781
2022-04-06,1,0.49701253372450255
2022-04-07,0,0.4841090191295896
2022-04-08,0,0.5497830371957368
2022-04-11,0,0.5386228476033431
2022-04-12,1,0.5071686515026547
2022-04-13,0,0.49297645846905375
2022-04-14,1,0.5531345300769644
2022-04-18,1,0.5186175150756316
2022-04-19,0,0.4541833249732929
2022-04-20,0,0.5409393382567848
2022-04-21,0,0.5352487387256293
2022-04-22,1,0.5157691987100999
2022-04-25,0,0.4570517154693371
2022-04-26,1,0.5673773158919372
2022-04-27,1,0.508665432430525
2022-04-28,0,0.44555635934438625
2022-04-29,1,0.6351830842094258
2022-05-02,1,0.47987306101645544
2022-05-03,1,0.5281095611490759
2022-05-04,0,0.454751868251921
2022-05-05,0,0.5936252617369272
2022-05-06,0,0.5228738089809207
2022-05-09,1,0.5678256497137452
2022-05-10,0,0.5114822155970932
2022-05-11,1,0.5990491897346558
2022-05-12,1,0.5076409766757288
2022-05-13,0,0.5136294153118706
2022-05-16,1,0.606015156918158
2022-05-17,0,0.5239122125731223
2022-05-18,0,0.651033361776542
2022-05-19,1,0.5741417433651163
2022-05-20,1,0.5076171196870481
2022-05-24,1,0.540056660524327
2022-05-25,1,0.5319888668415746
2022-05-26,1,0.5336567112601089
2022-05-27,1,0.5353463489080519
2022-05-30,0,0.5678785963674247
2022-05-31,0,0.6151590533507661
2022-06-01,1,0.5606471202389116
2022-06-02,0,0.5060328674912187
2022-06-03,1,0.6152597079722938
2022-06-06,1,0.566417727183816
2022-06-07,0,0.5808410889826335
2022-06-08,0,0.6265728801164171
2022-06-09,0,0.6126807297092681
2022-06-10,0,0.59448696692389
2022-06-13,1,0.5749957938239445
2022-06-14,1,0.5131009981353845
2022-06-15,0,0.49740392666688504
2022-06-16,1,0.5913609098236033
2022-06-17,1,0.5102198487964102
2022-06-20,1,0.5493037258878858
2022-06-21,1,0.521664403901814
2022-06-22,1,0.5361393436144298
2022-06-23,1,0.5058276752600624
2022-06-24,0,0.480003953855703
2022-06-27,0,0.5836799813552719
2022-06-28,0,0.6262606667914656
2022-06-29,0,0.5566845325350293
2022-06-30,1,0.5886026350375366
2022-07-04,1,0.5512727474216621
2022-07-05,1,0.5335575550476271
2022-07-06,1,0.5763128028360919
2022-07-07,0,0.5439951577505747
2022-07-08,0,0.5927305055688129
2022-07-11,0,0.5750329627281214
2022-07-12,0,0.5711668395423414
2022-07-13,1,0.5463274243402678
2022-07-14,1,0.5176909404756604
2022-07-15,0,0.5394689748382798
2022-07-18,1,0.5871667120609031
2022-07-19,1,0.5097775759344021
2022-07-20,1,0.5273135126563451
2022-07-21,0,0.5040610742526164
2022-07-22,0,0.5448796910739294
2022-07-25,0,0.5531243305905884
2022-07-26,1,0.5354308236226621
2022-07-27,1,0.456499605823972
2022-07-28,1,0.435658106755839
2022-07-29,0,0.4697419907166372
2022-08-02,1,0.48069081272181857
2022-08-03,1,0.47609871286292277
2022-08-04,1,0.496022445996059
2022-08-05,0,0.47391022858240783
2022-08-08,0,0.4696987639309146
2022-08-09,1,0.5074863509752369
2022-08-10,0,0.4617423695446092
2022-08-11,1,0.49749970152253226
2022-08-12,1,0.4162233096409797
2022-08-15,0,0.41299716214984394
2022-08-16,0,0.49630676100511206
2022-08-17,1,0.47673711334600094
2022-08-18,0,0.4438702581390049
2022-08-19,0,0.4857637143771734
2022-08-22,0,0.5157241423409801
2022-08-23,1,0.5002970239337844
2022-08-24,1,0.4452584844228767
2022-08-25,0,0.44120285451751456
2022-08-26,0,0.5649536492091974
2022-08-29,0,0.4968583177316703
2022-08-30,0,0.48667653469364436
2022-08-31,1,0.49001149418802836
2022-09-01,0,0.42109539191367323
2022-09-02,0,0.49582245956251925
2022-09-06,1,0.4775190710314047
2022-09-07,1,0.44867560724410255
2022-09-08,1,0.4643437184121752
2022-09-09,1,0.4549095430126677
2022-09-12,0,0.45864505363184616
2022-09-13,1,0.5621739761307647
2022-09-14,0,0.4733290678028032
2022-09-15,0,0.5462797645749212
2022-09-16,1,0.5221797649903251
2022-09-19,0,0.5203059162098288
2022-09-20,0,0.5742130652868733
2022-09-21,0,0.5629382459364634
2022-09-22,0,0.5561022561100126
2022-09-23,0,0.5052220898683197
2022-09-26,0,0.5153069121776217
2022-09-27,1,0.5130915325167229
2022-09-28,0,0.46891543154933474
2022-09-29,0,0.5666492234523866
2022-09-30,1,0.5511195091190728
2022-10-03,1,0.4921811779568324
2022-10-04,1,0.43011694049953314
2022-10-05,0,0.5403977443098935
2022-10-06,0,0.5291723345966742
2022-10-07,0,0.6276685759827161
2022-10-11,0,0.5573928773511755
2022-10-12,1,0.5714853845057436
2022-10-13,0,0.45108088450680606
2022-10-14,1,0.6013265834875596
2022-10-17,1,0.5543575829147658
2022-10-18,0,0.5026153616467837
2022-10-19,0,0.5883442240876798
2022-10-20,1,0.5713078696440582
2022-10-21,1,0.4572952287511906
2022-10-24,1,0.4437766583375169
2022-10-25,0,0.5258329417544533
2022-10-26,0,0.5693084617501015
2022-10-27,1,0.5689514287851839
2022-10-28,0,0.42535083912916016
2022-10-31,0,0.5763940251399654
2022-11-01,0,0.5549193107269738
2022-11-02,0,0.5918248744672084
2022-11-03,0,0.5718353560059162
2022-11-04,1,0.5242495624206134
2022-11-07,1,0.4865173502730597
2022-11-08,0,0.49224378546143155
2022-11-09,1,0.5547433846210945
2022-11-10,1,0.3768199728040845
2022-11-11,0,0.49312256252346903
2022-11-14,1,0.5213099631346659
2022-11-15,0,0.42952389043110745
2022-11-16,0,0.5030623930473236
2022-11-17,1,0.5065923270517898
2022-11-18,1,0.48099770026085065
2022-11-21,1,0.5164127137706496
2022-11-22,1,0.48314995758831336
2022-11-23,1,0.504851936832402
2022-11-24,1,0.48323380821940826
2022-11-25,0,0.4342901525050593
2022-11-28,1,0.50583825341469
2022-11-29,1,0.44201894035707207
2022-11-30,0,0.3644782956675647
2022-12-01,1,0.49316862391317473
2022-12-02,0,0.43877740040850866
2022-12-05,0,0.5071250984472929
2022-12-06,0,0.5121288801830653
2022-12-07,1,0.4676162263466943
2022-12-08,0,0.48026708677774294
2022-12-09,1,0.49583020288783597
2022-12-12,1,0.46201100559075053
2022-12-13,0,0.4524525138744544
2022-12-14,0,0.5020228270893621
2022-12-15,0,0.5105841971938844
2022-12-16,0,0.4914574707889935
2022-12-19,0,0.5289662924363077
2022-12-20,1,0.49044005898598847
2022-12-21,0,0.46866777775193497
2022-12-22,1,0.5619007976348084
2022-12-23,0,0.51956905434371
2022-12-28,1,0.5644224590293604
2022-12-29,0,0.4872089228716291
2022-12-30,1,0.5280262484348323
2023-01-03,0,0.4722340470266948
2023-01-04,0,0.5105584589918727
2023-01-05,1,0.5239780802597339
2023-01-06,0,0.45167823363241294
2023-01-09,1,0.5330869931460533
2023-01-10,1,0.4852656136994566
2023-01-11,0,0.4805901488839284
2023-01-12,1,0.49787180114924057
2023-01-13,1,0.4989802997275633
2023-01-16,0,0.5412875271155008
2023-01-17,0,0.5335786248670115
2023-01-18,0,0.5123686615379144
2023-01-19,1,0.5760117027640971
2023-01-20,1,0.49361683140977286
2023-01-23,0,0.5007678997105903
2023-01-24,1,0.5364389300139301
2023-01-25,1,0.5187884563434672
2023-01-26,1,0.49115506456006536
2023-01-27,0,0.5065687193488478
2023-01-30,1,0.5520694598938296
2023-01-31,1,0.4813765028532179
2023-02-01,1,0.465396252179103
2023-02-02,0,0.4401108143802076
2023-02-03,0,0.4866324784796842
2023-02-06,1,0.5117650066876103
2023-02-07,0,0.4281741170091811
2023-02-08,0,0.5183290059343233
2023-02-09,0,0.5097658688440883
2023-02-10,1,0.5021418521174197
2023-02-13,1,0.48911032269338384
2023-02-14,1,0.4868977836835736
2023-02-15,0,0.4803743769576131
2023-02-16,0,0.49842533579821163
2023-02-17,0,0.5067800665049027
2023-02-21,0,0.5551395142040535
2023-02-22,1,0.49724875566015153
2023-02-23,0,0.4777939724829701
2023-02-24,1,0.5155307785217338
2023-02-27,1,0.5012763164379529
2023-02-28,0,0.48614635862426386
2023-03-01,1,0.5242535233804727
2023-03-02,1,0.4736136884867075
2023-03-03,1,0.4580448928158141
2023-03-06,0,0.4991461039884182
2023-03-07,1,0.48324530388903103
2023-03-08,0,0.4945264473616972
2023-03-09,0,0.5459722862024555
2023-03-10,0,0.5040334165028422
2023-03-13,1,0.4940354989682129
2023-03-14,1,0.4500030712409106
2023-03-15,1,0.49532754574611015
2023-03-16,0,0.4787378837598165
2023-03-17,1,0.5633436721603801
2023-03-20,1,0.49070406203399275
2023-03-21,0,0.43433924659150963
2023-03-22,1,0.5759646703968323
2023-03-23,1,0.4770951394750091
2023-03-24,0,0.4710038679610945
2023-03-27,0,0.5597716924791538
2023-03-28,1,0.5615843579375025
2023-03-29,1,0.5018439191770779
2023-03-30,1,0.5090589713394776
2023-03-31,0,0.4504595732509946
2023-04-03,0,0.5396674580826031
2023-04-04,0,0.5240748151773983
2023-04-05,1,0.5058487215204032
2023-04-06,1,0.503453161085891
2023-04-10,0,0.4970335784867634
2023-04-11,0,0.537968980780939
2023-04-12,1,0.5417651859601503
2023-04-13,1,0.5144579436215634
2023-04-14,1,0.5020923929027674
2023-04-17,1,0.47703015206431815
2023-04-18,1,0.48372103292509566
2023-04-19,0,0.47808585130855163
2023-04-20,1,0.5306911197161945
2023-04-21,1,0.48115387067470566
2023-04-24,0,0.5017067763737748
2023-04-25,0,0.5102711000142504
2023-04-26,1,0.5286650504664975
2023-04-27,1,0.4524425619169787
2023-04-28,1,0.48445635848986224
2023-05-01,0,0.5138179893520373
2023-05-02,0,0.5222075296700703
2023-05-03,0,0.5211532998279649
2023-05-04,1,0.5297957477741675
2023-05-05,1,0.4962627359434746
2023-05-08,0,0.5180202849405219
2023-05-09,1,0.5637722719520718
2023-05-10,1,0.5149149631108872
2023-05-11,1,0.46339007582955294
2023-05-12,0,0.5175335809659948
2023-05-15,0,0.5169404718244425
2023-05-16,1,0.5360172632560787
2023-05-17,1,0.444667162411484
2023-05-18,0,0.4414607043199453
2023-05-19,0,0.5004886169240368
2023-05-23,0,0.5277602071797577
2023-05-24,1,0.516088360717554
2023-05-25,1,0.41708406118994645
2023-05-26,1,0.4275076386367889
2023-05-29,0,0.5037920625310871
2023-05-30,0,0.5104085439728657
2023-05-31,0,0.5015328674713772
2023-06-01,1,0.47886856331776023
2023-06-02,1,0.4565610844552277
2023-06-05,0,0.49752620609531223
2023-06-06,0,0.4970579216810758
2023-06-07,1,0.5368910135300151
2023-06-08,1,0.4931497881276193
2023-06-09,1,0.4832833704107736
2023-06-12,1,0.44271138463109183
2023-06-13,1,0.4775069743720886
2023-06-14,1,0.46911029280384153
2023-06-15,0,0.4651810408029704
2023-06-16,1,0.4921887004482455
2023-06-19,0,0.4832147200300298
2023-06-20,0,0.472212474341551
2023-06-21,1,0.5197217757200939
2023-06-22,0,0.4899320898880083
2023-06-23,0,0.521226617689287
2023-06-26,1,0.5331854783916189
2023-06-27,1,0.44377263964498326
2023-06-28,1,0.4730752035527992
2023-06-29,1,0.48557353453583957
2023-06-30,0,0.42994063749366923
2023-07-04,1,0.5181756617027022
2023-07-05,0,0.4789246276313911
2023-07-06,0,0.471197487758684
2023-07-07,1,0.5263504327146862
2023-07-10,1,0.4938342042008181
2023-07-11,1,0.506834969660609
2023-07-12,1,0.45220213890586103
2023-07-13,1,0.47595343658706246
2023-07-14,1,0.4491171375190364
2023-07-17,1,0.47487674551780545
2023-07-18,1,0.44556495486408376
2023-07-19,0,0.4669864359768698
2023-07-20,1,0.4722654347854803
2023-07-21,1,0.4419704456411381
2023-07-24,1,0.4334002941028894
2023-07-25,1,0.4584342293872718
2023-07-26,0,0.45806684701432215
2023-07-27,1,0.47287112065318804
2023-07-28,0,0.3995719383595334
2023-07-31,1,0.4504767713412995
2023-08-01,0,0.45249889592081133
2023-08-02,0,0.49614696449074047
2023-08-03,0,0.5083241817503606
2023-08-04,1,0.49914211348139365
2023-08-08,0,0.4584462319263617
2023-08-09,1,0.5083722866770254
2023-08-10,0,0.4771226564839052
2023-08-11,1,0.5014551916200548
2023-08-14,0,0.49056594067941167
2023-08-15,0,0.5176114676998598
2023-08-16,0,0.5131908908864028
2023-08-17,0,0.5486317238787303
2023-08-18,1,0.5286090687988912
2023-08-21,0,0.5217956582442886
2023-08-22,1,0.556182814919935
2023-08-23,0,0.5351071127236716
2023-08-24,1,0.5451497599030944
2023-08-25,1,0.5094185901988786
2023-08-28,1,0.46504460545684717
2023-08-29,1,0.39203470500313803
2023-08-30,0,0.4864356909435248
2023-08-31,1,0.5154536754379594
2023-09-01,0,0.47869654155040403
2023-09-05,0,0.5129810333973449
2023-09-06,1,0.5215972063767599
2023-09-07,0,0.5168182947862054
2023-09-08,1,0.5449959088047368
2023-09-11,0,0.5251036047875949
2023-09-12,1,0.5495679697648168
2023-09-13,1,0.5298889692031207
2023-09-14,0,0.5101822651664366
2023-09-15,0,0.5393020500281196
2023-09-18,0,0.5278530028713709
2023-09-19,0,0.5247551221364172
2023-09-20,0,0.5591506138889781
2023-09-21,0,0.569042092997106
2023-09-22,1,0.5587071745514274
2023-09-25,0,0.5542761413318921
2023-09-26,0,0.5791618323171904
2023-09-27,1,0.5450749162631342
2023-09-28,1,0.5301580764743724
2023-09-29,1,0.5395949984299536
2023-10-02,0,0.5292189757443504
2023-10-03,1,0.5525963767561743
2023-10-04,0,0.5090762538313159
2023-10-05,1,0.5444090044820734
2023-10-06,1,0.482969541635645
2023-10-10,1,0.5051445573934379
2023-10-11,1,0.5242721907902635
2023-10-12,0,0.5276334442509895
2023-10-13,1,0.5445836899204252
2023-10-16,1,0.5046551394246372
2023-10-17,0,0.5177090757895954
2023-10-18,0,0.5190809247506459
2023-10-19,0,0.5311748886494919
2023-10-20,0,0.5430633090945726
2023-10-23,1,0.5203171311989766
2023-10-24,0,0.5265444223822935
2023-10-25,0,0.5528485752909719
2023-10-26,0,0.5203716961731857
2023-10-27,1,0.5280384336904673
2023-10-30,1,0.5104915560692029
2023-10-31,1,0.510780723525733
2023-11-01,1,0.4528085995597067
2023-11-02,1,0.42992031949665244
2023-11-03,1,0.5004586453864783
2023-11-06,1,0.4987533901407991
2023-11-07,1,0.4830315136655978
2023-11-08,0,0.4919341274558649
2023-11-09,1,0.5400631380228984
2023-11-10,0,0.49256146889721436
2023-11-13,1,0.5278250493576502
2023-11-14,1,0.4650592452342364
2023-11-15,1,0.5084002731784111
2023-11-16,0,0.47957365920253864
2023-11-17,1,0.5196721483466934
2023-11-20,0,0.4680772444884318
2023-11-21,1,0.5089974499605715
2023-11-22,1,0.48316715195342796
2023-11-23,0,0.5288666839616548
2023-11-24,0,0.523660648154388
2023-11-27,0,0.5180724630357529
2023-11-28,1,0.5073067213707455
2023-11-29,1,0.5234665756885851
2023-11-30,0,0.5013203923287206
2023-12-01,0,0.4803988032911368
2023-12-04,1,0.5050545069004061
2023-12-05,0,0.5072115689644185
2023-12-06,1,0.5130444584846081
2023-12-07,1,0.5124845339285906
2023-12-08,1,0.47851204387735996
2023-12-11,1,0.4879998560379154
2023-12-12,1,0.4916592108730975
2023-12-13,0,0.45243927824927255
2023-12-14,0,0.4645959943664322
2023-12-15,1,0.4593324493956165
2023-12-18,1,0.45977062615907344
2023-12-19,0,0.48634533925737805
2023-12-20,1,0.5165804614309614
2023-12-21,0,0.49674555149512234
2023-12-22,1,0.5124323910497691
2023-12-27,0,0.48858203512352555
2023-12-28,0,0.5132526416462672
2023-12-29,0,0.4949375759220345
2024-01-02,0,0.48226439948025907
2024-01-03,0,0.49710704037198766
2024-01-04,1,0.49974880316833314
2024-01-05,1,0.48857671270279435
2024-01-08,1,0.46469365290220355
2024-01-09,1,0.498658622601791
2024-01-10,1,0.49912031913005916
2024-01-11,1,0.47717781225250155
2024-01-12,1,0.5100938652788436
2024-01-15,0,0.5256565284561681
2024-01-16,0,0.4719622609416703
2024-01-17,1,0.5006958541297045
2024-01-18,1,0.5179128436739435
2024-01-19,1,0.4899698055187421
2024-01-22,1,0.47449738025586663
2024-01-23,1,0.4988919764378962
2024-01-24,1,0.4912877470003132
2024-01-25,0,0.5076251103027193
2024-01-26,1,0.5197049194924983
2024-01-29,0,0.47505730861671974
2024-01-30,0,0.5264420631599563
2024-01-31,1,0.5069283754285719
2024-02-01,1,0.5054089970660054
2024-02-02,1,0.46519301938479013
2024-02-05,0,0.4774766777178016
2024-02-06,1,0.5075168825689949
2024-02-07,1,0.47856315195341204
2024-02-08,1,0.5037827880297658
2024-02-09,0,0.45896334532737415
2024-02-12,0,0.46506532511718957
2024-02-13,1,0.4611324788888777
2024-02-14,1,0.45646080885885
2024-02-15,0,0.5177493922597329
2024-02-16,0,0.5119245378738542
2024-02-20,1,0.47464855246857657
2024-02-21,1,0.5040588424811092
2024-02-22,1,0.4428331736738367
2024-02-23,0,0.4665646497478517
2024-02-26,1,0.45417978777606566
2024-02-27,1,0.4719017414433729
2024-02-28,1,0.47294976641243686
2024-02-29,1,0.44816744768855005
2024-03-01,1,0.4472156724032625
2024-03-04,0,0.4553877188257161
2024-03-05,0,0.4723953163282454
2024-03-06,1,0.4969598284425121
2024-03-07,0,0.49472389875966644
2024-03-08,0,0.4811681411344122
2024-03-11,1,0.5035548535358243
2024-03-12,0,0.46948743495433637
2024-03-13,1,0.5060211396044971
2024-03-14,0,0.5031338918199321
2024-03-15,1,0.49869163908097935
2024-03-18,1,0.4948298474635122
2024-03-19,1,0.523581464080335
2024-03-20,1,0.49697243236990524
2024-03-21,1,0.49450180686557305
2024-03-22,0,0.5048358914782216
2024-03-25,0,0.5110677213551342
2024-03-26,1,0.5299965183155045
2024-03-27,0,0.5118502998383133
2024-03-28,1,0.5184598726973758
2024-04-01,0,0.51547980392024
2024-04-02,0,0.518024068604293
2024-04-03,0,0.5056789512168441
2024-04-04,1,0.5145386047185805
2024-04-05,0,0.48815937374137297
2024-04-08,1,0.5153776713448347
2024-04-09,0,0.5158633214329625
2024-04-10,1,0.497133155103195
2024-04-11,0,0.4659185484857572
2024-04-12,0,0.4931239266077323
2024-04-15,1,0.468247515779868
2024-04-16,0,0.4943665454712752
2024-04-17,0,0.5339111838415975
2024-04-18,0,0.5444229576369461
2024-04-19,1,0.5424289977409015
2024-04-22,1,0.5102648901955957
2024-04-23,1,0.521569737475529
2024-04-24,0,0.519030701898872
2024-04-25,1,0.5266206393585465
2024-04-26,1,0.49999705713629455
2024-04-29,0,0.5127363937857892
2024-04-30,0,0.5370287681191972
2024-05-01,1,0.5260680139821298
2024-05-02,1,0.521336009340824
2024-05-03,1,0.4979505043965282
2024-05-06,1,0.5129217142775878
2024-05-07,1,0.5098386666119195
2024-05-08,1,0.5173623325272428
2024-05-09,1,0.5106148358028667
2024-05-10,0,0.5190742663429995
2024-05-13,1,0.5168950289777058
2024-05-14,1,0.5361161420907146
2024-05-15,0,0.4690397746275998
2024-05-16,1,0.5109454230419646
2024-05-17,1,0.5214595929591931
2024-05-21,0,0.4996643881916399
2024-05-22,0,0.5147820673958038
2024-05-23,1,0.48393797536781763
2024-05-24,1,0.49216515274209327
2024-05-27,0,0.5207095032972926
2024-05-28,0,0.5221944845791233
2024-05-29,0,0.5508415133799658
2024-05-30,1,0.546996224383082
2024-05-31,1,0.4903186357378406
2024-06-03,1,0.51677928280127
2024-06-04,1,0.5281078575210589
2024-06-05,0,0.46581924302139066
2024-06-06,1,0.5085349631145959
2024-06-07,1,0.46358564266579305
2024-06-10,1,0.46586659003037306
2024-06-11,1,0.49846431489750753
2024-06-12,1,0.4681842091694596
2024-06-13,0,0.4856989135467533
2024-06-14,1,0.45158926307149494
2024-06-17,1,0.4555231630076342
2024-06-18,1,0.461123608635686
2024-06-19,0,0.46198493595708773
2024-06-20,0,0.48358118220367363
2024-06-21,0,0.5055258986259293
2024-06-24,1,0.5223336705289602
2024-06-25,1,0.5355214771345079
2024-06-26,0,0.5199541985181965
2024-06-27,0,0.5335888498908726
2024-06-28,1,0.4972406820120182
2024-07-02,1,0.48827279134889273
2024-07-03,0,0.5089183802408022
2024-07-04,1,0.5268067482180717
2024-07-05,1,0.4969581916272992
2024-07-08,0,0.49249298438378386
2024-07-09,1,0.5151501523883432
2024-07-10,0,0.4755000635506895
2024-07-11,1,0.5060860094208766
2024-07-12,1,0.494672024950631
2024-07-15,1,0.4935502414775117
2024-07-16,0,0.4918820866267029
2024-07-17,0,0.5072854903421323
2024-07-18,0,0.4995575803113645
2024-07-19,1,0.508304509050783
2024-07-22,0,0.4813485161487696
2024-07-23,0,0.5180025864862915
2024-07-24,0,0.5245338128360739
2024-07-25,1,0.5146841918994792
2024-07-26,1,0.49316933173203353
2024-07-29,0,0.5261141768157374
2024-07-30,1,0.5069793203751651
2024-07-31,0,0.46572229508563795
2024-08-01,0,0.4799318650391646
2024-08-02,0,0.47108487426146667
2024-08-06,0,0.525333531050421
2024-08-07,1,0.5387999132117347
2024-08-08,1,0.5026493369757649
2024-08-09,1,0.5350783348430933
2024-08-12,1,0.5235493911698335
2024-08-13,1,0.46278752414207686
2024-08-14,1,0.473874836445892
2024-08-15,0,0.4112864680109279
2024-08-16,1,0.44538484349986884
2024-08-19,0,0.44064785719461624
2024-08-20,1,0.5004563013956369
2024-08-21,0,0.5105969251113848
2024-08-22,1,0.5332574838090801
2024-08-23,0,0.5156037287989385
2024-08-26,0,0.5391949976332976
2024-08-27,0,0.5356465638849753
2024-08-28,1,0.5450639820005189
2024-08-29,1,0.5276034610579144
2024-08-30,0,0.5072768434138243
2024-09-03,0,0.5338978305272923
2024-09-04,0,0.5086304600873994
2024-09-05,0,0.5177952354550844
2024-09-06,1,0.5124820146484715
2024-09-09,1,0.4950866173459013
2024-09-10,1,0.5166463259780583
2024-09-11,1,0.4880970294277952
2024-09-12,1,0.49019913085764405
2024-09-13,1,0.45963130190089624
2024-09-16,1,0.47573209226744795
2024-09-17,0,0.49014573979425746
2024-09-18,1,0.46255538410317604
2024-09-19,0,0.4539767231540435
2024-09-20,0,0.5286000959792846
2024-09-23,0,0.5294150790892391
2024-09-24,1,0.5393878872669043
2024-09-25,1,0.5405217344721507
2024-09-26,0,0.5233906992360727
2024-09-27,1,0.5274054004168071
2024-09-30,0,0.49190351890054557
2024-10-01,1,0.48917363340563635
2024-10-02,1,0.5376103913875283
2024-10-03,1,0.5093163305288043
2024-10-04,0,0.453727405448934
2024-10-07,1,0.5112579581750537
2024-10-08,1,0.4881287468751795
2024-10-09,1,0.46925997736896213
2024-10-10,1,0.4817895372543944
2024-10-11,1,0.4753434995352715
2024-10-15,1,0.46031271190080114
2024-10-16,1,0.49051851224857007
2024-10-17,1,0.48866943811222563
2024-10-18,1,0.493683408295769
2024-10-21,0,0.48513909120459076
2024-10-22,0,0.5160474583222979
2024-10-23,1,0.5194267924267251
2024-10-24,1,0.5168311427299578
2024-10-25,1,0.5084621259494966
2024-10-28,1,0.5132889250450745
2024-10-29,0,0.5092169866073706
2024-10-30,0,0.5129037429925337
2024-10-31,1,0.48975987547847005
2024-11-01,0,0.49359377720454534
2024-11-04,1,0.528169462995726
2024-11-05,1,0.48493342191547784
2024-11-06,1,0.3600658611960519
2024-11-07,1,0.42078565544538393
2024-11-08,1,0.42632788584766185
2024-11-11,0,0.41524073577763826
2024-11-12,1,0.4506299704306908
2024-11-13,0,0.44904716921469057
2024-11-14,0,0.48356343056677853
2024-11-15,0,0.4792024672831373
2024-11-18,0,0.515865114921392
2024-11-19,1,0.5309844084010361
2024-11-20,1,0.5237931991181093
2024-11-21,1,0.5025209082939658
2024-11-22,1,0.4951916264021938
2024-11-25,1,0.4722376845557359
2024-11-26,0,0.4536901838096694
2024-11-27,1,0.45385564132193024
2024-11-28,1,0.49984668843645585
2024-11-29,1,0.49128576672738383
2024-12-02,1,0.47669809751862097
2024-12-03,1,0.5094076831310712
2024-12-04,0,0.49270333272478695
2024-12-05,1,0.5039784728902426
2024-12-06,0,0.4830690478688238
2024-12-09,0,0.49363463704380833
2024-12-10,1,0.5054294309789575
2024-12-11,0,0.48691154080819904
2024-12-12,1,0.509322981012302
2024-12-13,1,0.5112433922302916
2024-12-16,1,0.48286644725213573
2024-12-17,0,0.500570691832658
2024-12-18,0,0.4737835480487053
2024-12-19,1,0.49290487335812283
2024-12-20,1,0.4448278480359031
2024-12-23,1,0.4966004673129325
2024-12-24,0,0.4838612395157154
2024-12-27,0,0.49405398154629543
2024-12-30,0,0.5093139638842517
2024-12-31,0,0.4951513459503215
2025-01-02,1,0.44682826874962467
2025-01-03,0,0.453686861107526
2025-01-06,0,0.5000161769192267
2025-01-07,1,0.5220317608693067
2025-01-08,0,0.49205809280037877
2025-01-09,0,0.5158763504306502
2025-01-10,0,0.508259832750616
2025-01-13,0,0.5141646197342108
2025-01-14,1,0.5398295572425474
2025-01-15,1,0.5016242143399382
2025-01-16,1,0.5265715295118573
2025-01-17,0,0.44816854044528315
2025-01-20,0,0.47167250064374006
2025-01-21,1,0.4828170167995529
2025-01-22,1,0.4609149634308044
2025-01-23,0,0.46429790537975646
2025-01-24,0,0.5121324213515737
2025-01-27,1,0.5088537941461464
2025-01-28,0,0.508925357230649
2025-01-29,1,0.5310818674989699
2025-01-30,0,0.49851154625380545
2025-01-31,0,0.47614351799284427
2025-02-03,0,0.4479179142861992
2025-02-04,1,0.5238101701312547
2025-02-05,1,0.5195855739975399
2025-02-06,0,0.5217465341561964
2025-02-07,1,0.5366508246527046
2025-02-10,0,0.5216596267864567
2025-02-11,0,0.5321059495196223
2025-02-12,1,0.5387567053495455
2025-02-13,0,0.5181368481377454
2025-02-14,1,0.523977636657675
2025-02-18,1,0.5116365247675665
2025-02-19,0,0.5152398045026483
2025-02-20,0,0.5295708810952032
2025-02-21,0,0.5386608895839592
2025-02-24,0,0.54023875056176
2025-02-25,1,0.5384122688056762
2025-02-26,0,0.5390530315908525
2025-02-27,1,0.5635906446468193
2025-02-28,0,0.47464480895693734
2025-03-03,0,0.5441347170548883
2025-03-04,1,0.5039525284304389
2025-03-05,0,0.48274499472613885
2025-03-06,1,0.5471288208070593
2025-03-07,0,0.49297919557812414
2025-03-10,0,0.5759249410536098
2025-03-11,1,0.5549406446263989
2025-03-12,0,0.5470716741162024
2025-03-13,1,0.5852413587536759
2025-03-14,1,0.5003206707752271
2025-03-17,0,0.5320919856194298
2025-03-18,1,0.5657964305684927
2025-03-19,0,0.5056013281918417
2025-03-20,1,0.5481785689619997
2025-03-21,1,0.5199484410760833
2025-03-24,0,0.491907722710587
2025-03-25,0,0.5284684970199794
2025-03-26,0,0.553567172245294
2025-03-27,0,0.5658331854706771
2025-03-28,1,0.5600893067425814
2025-03-31,0,0.5218969379685291
2025-04-01,1,0.5766617952106083
2025-04-02,0,0.5400987217463541
2025-04-03,0,0.6117223215035943
2025-04-04,0,0.6298471791410254
2025-04-07,0,0.5489305486815609
2025-04-08,1,0.6243931079315711
2025-04-09,0,0.3233556747789253
2025-04-10,1,0.5488072120136934
2025-04-11,1,0.4409222453158794
2025-04-14,1,0.4099449940633067
2025-04-15,0,0.3807617699102144
2025-04-16,0,0.4655613710154745
2025-04-17,0,0.4530240885866251
2025-04-21,1,0.5627168040499412
2025-04-22,1,0.480347410801814
2025-04-23,1,0.4841487095840054
2025-04-24,1,0.4276724765896773
2025-04-25,0,0.4686489930285079
2025-04-28,1,0.4654689433692238
2025-04-29,0,0.4371151942667484
2025-04-30,1,0.4478475797648717
2025-05-01,1,0.4561795287630588
2025-05-02,0,0.45374727886049787
2025-05-05,0,0.535245904964669
2025-05-06,1,0.5439323797464737
2025-05-07,1,0.4875862733135519
2025-05-08,1,0.47646042336968497
2025-05-09,1,0.5048005483309941
2025-05-12,1,0.34988344727408344
2025-05-13,1,0.42994253443466734
2025-05-14,1,0.4338629830888723
2025-05-15,1,0.44701189169755423
2025-05-16,0,0.41875058815544614
2025-05-20,0,0.45996450829687807
2025-05-21,0,0.5073119917441735
2025-05-22,0,0.5078382480080854
2025-05-23,1,0.5253844088790526
2025-05-26,1,0.5194714286896547
2025-05-27,0,0.488067709300993
2025-05-28,1,0.5096541684201196
2025-05-29,0,0.4839452698518242
2025-05-30,1,0.4899067955158083
2025-06-02,1,0.46373682888275536
2025-06-03,0,0.4586407175610573
2025-06-04,0,0.4986289139478039
2025-06-05,1,0.5023736436301903
2025-06-06,0,0.46361310199909056
2025-06-09,1,0.49688674603736016
2025-06-10,0,0.48406056874519016
2025-06-11,0,0.49032328575261863
2025-06-12,0,0.5106266344778819
2025-06-13,1,0.5105210517344937
2025-06-16,0,0.4890419228749038
2025-06-17,1,0.5220824175053965
2025-06-18,0,0.5056184296127767
2025-06-19,1,0.5382511090337514
2025-06-20,1,0.48655574147857356
2025-06-23,1,0.437558807032962
2025-06-24,0,0.4483146578676186
2025-06-25,1,0.4849315343611306
2025-06-26,1,0.4754034467279971
2025-06-27,0,0.4424435012408694
2025-06-30,1,0.46086633533671584
2025-07-02,1,0.5074205529100869
2025-07-03,0,0.47533787644763786
2025-07-04,1,0.5257535940614649
2025-07-07,1,0.5075851980728514
2025-07-08,1,0.5232646765896598
2025-07-09,1,0.4961295523889313
2025-07-10,0,0.5199276871517394
2025-07-11,1,0.5167457330212675
2025-07-14,0,0.5049408863076356
2025-07-15,1,0.5270156618754807
2025-07-16,1,0.49357540185750187
2025-07-17,0,0.5006477351679007
2025-07-18,0,0.5054526708869338
2025-07-21,0,0.5162221916971915
2025-07-22,1,0.5162182174661367
2025-07-23,1,0.5031105742933946
2025-07-24,1,0.5055754210827809
2025-07-25,1,0.4777380522420679
2025-07-28,1,0.49573021804276995
2025-07-29,1,0.49268229630484683
2025-07-30,0,0.47139715494319206
2025-07-31,0,0.4475670369204582
2025-08-01,1,0.46953457325036774
2025-08-05,1,0.48412356571631815
2025-08-06,0,0.507405492457569
2025-08-07,1,0.5162810407046515
2025-08-08,0,0.49731186756818524
2025-08-11,1,0.4946161650855307
2025-08-12,1,0.4635555756051046
2025-08-13,1,0.4764521063681623
2025-08-14,0,0.4628127534247129
2025-08-15,0,0.47019109316609653
2025-08-18,0,0.5069734209149007
2025-08-19,0,0.5203731381529477
2025-08-20,0,0.5183231426431535
2025-08-21,1,0.5252128416955051
2025-08-22,0,0.4921006204936494
2025-08-25,1,0.5320259042421975
2025-08-26,0,0.5152041245929806
2025-08-27,1,0.5179696678283623
2025-08-28,0,0.5179277292405494
2025-08-29,0,0.5298311126669715
2025-09-02,1,0.48006237462933565
2025-09-03,1,0.5123773342053723
2025-09-04,0,0.49702628296086043
2025-09-05,0,0.47494220083314265
2025-09-08,1,0.5343533864967097
2025-09-09,1,0.5007618186626955
2025-09-10,1,0.49347395142147765
2025-09-11,1,0.5030649392439561
