date,y,yhat_cv
2019-10-01,-0.012917741288949321,
2019-10-02,0.0,
2019-10-03,0.0,
2019-10-04,0.01734803997990166,
2019-10-07,-0.010369706809921204,
2019-10-08,0.0,
2019-10-09,0.0,
2019-10-10,0.014785327515914173,
2019-10-11,0.0,
2019-10-15,0.0,
2019-10-16,0.0,
2019-10-17,-0.0004912845730881573,
2019-10-18,0.0,
2019-10-21,0.0,
2019-10-22,0.0009774672706715788,
2019-10-23,0.0,
2019-10-24,0.005366309914793792,
2019-10-25,0.0029158621239751387,
2019-10-28,0.0,
2019-10-29,0.0,
2019-10-30,0.003387925106608971,
2019-10-31,0.005781982791258617,
2019-11-01,0.010515034223034446,
2019-11-04,0.0,
2019-11-05,0.004743680855839312,
2019-11-06,0.0,
2019-11-07,0.0,
2019-11-08,0.0,
2019-11-11,0.0033109891585422716,
2019-11-12,0.0,
2019-11-13,0.0,
2019-11-14,0.0,
2019-11-15,0.006579954950079043,
2019-11-18,0.00047033951462772207,
2019-11-19,0.0037408584389504937,
2019-11-20,-0.0023358149399149296,
2019-11-21,0.0,
2019-11-22,0.0,
2019-11-25,0.0046661865605137675,
2019-11-26,0.0,
2019-11-27,0.0,
2019-11-28,0.0,
2019-11-29,0.00417918913319405,
2019-12-02,-0.01589041826907289,
2019-12-03,0.0037619767383680167,
2019-12-04,-0.004703514793828656,
2019-12-05,0.012185275230861338,
2019-12-06,-0.0013991523976322297,
2019-12-09,0.0,
2019-12-10,0.0,
2019-12-11,0.0,
2019-12-12,0.0,
2019-12-13,0.0,
2019-12-16,0.0,
2019-12-17,0.0,
2019-12-18,0.010671022766923586,
2019-12-19,0.007813146575440551,
2019-12-20,0.0,
2019-12-23,0.0009189379180818255,
2019-12-24,0.00045460745429923017,
2019-12-27,-0.01520454276897617,
2019-12-30,-0.004653171945769074,
2019-12-31,0.006045833491304323,
2020-01-02,-0.0009266879868698811,
2020-01-03,-0.003719993106802221,
2020-01-06,0.006037405830034374,
2020-01-07,0.004156024286929966,
2020-01-08,0.005976359152238349,
2020-01-09,-0.0032121944896945226,
2020-01-10,0.003672189715677165,
2020-01-13,0.0032004391549368713,
2020-01-14,-0.0004585250555317676,
2020-01-15,0.005921918834327794,
2020-01-16,0.004530886183108854,
2020-01-17,0.008555206526619936,
2020-01-20,-0.01036329754966608,
2020-01-21,0.0045185940803940915,
2020-01-22,-0.0009011897659076757,
2020-01-23,-0.0054332804327387515,
2020-01-24,-0.010946813286146637,
2020-01-27,0.005946282920627062,
2020-01-28,0.0018204465573184053,
2020-01-29,-0.0031902290124050546,
2020-01-30,-0.011480763084309663,
2020-01-31,0.010568045597807931,
2020-02-03,0.012263167330152255,
2020-02-04,0.00943759279923207,
2020-02-05,0.0035721851588829154,
2020-02-06,-0.006711136299766168,
2020-02-07,0.004924420034179724,
2020-02-10,0.0035658241717053747,
2020-02-11,0.003553154235070976,
2020-02-12,-0.002664785835265096,
2020-02-13,-0.0013350605633633825,
2020-02-14,-0.0008895557455093411,
2020-02-18,0.0031121962106896743,
2020-02-19,-0.0022226404651802716,
2020-02-20,-0.00894029505172318,
2020-02-21,-0.025926390109797744,
2020-02-24,-0.02567140210773903,
2020-02-25,-0.0014203345346758733,
2020-02-26,-0.014788182191707447,
2020-02-27,-0.030244138006787897,
2020-02-28,0.021556169442087533,
2020-03-02,-0.006807187341795256,
2020-03-03,0.02886098334360874,
2020-03-04,-0.028375986704828535,
2020-03-05,-0.01276065907659816,
2020-03-06,-0.06955710103386245,
2020-03-09,0.037423998741148726,
2020-03-10,-0.047004333820386233,
2020-03-11,-0.09648825706872705,
2020-03-12,0.027876510344769595,
2020-03-13,-0.0589771416009008,
2020-03-16,0.04745669903774038,
2020-03-17,-0.05538689701754625,
2020-03-18,0.017599831642462226,
2020-03-19,-0.023742124571777882,
2020-03-20,-0.023692225099763372,
2020-03-23,0.07649314041733053,
2020-03-24,0.03333632503051708,
2020-03-25,0.017373819918129366,
2020-03-26,-0.0396694379571861,
2020-03-27,0.03465376040282592,
2020-03-30,-0.007845056588099596,
2020-03-31,-0.03551673018433108,
2020-04-01,0.019059677398615825,
2020-04-02,-0.020811580575480434,
2020-04-03,0.05952803624267837,
2020-04-06,-0.0038587019294682966,
2020-04-07,0.027248609062565276,
2020-04-08,0.012290360781676423,
2020-04-09,-0.015523404851201624,
2020-04-13,0.024509654968090416,
2020-04-14,-0.015914867802918786,
2020-04-15,0.0037351288377580516,
2020-04-16,0.022650657363322134,
2020-04-17,-0.0041762595295604275,
2020-04-20,-0.023816097998786517,
2020-04-21,0.020676328949323954,
2020-04-22,-0.008431753157937878,
2020-04-23,0.01314031295017491,
2020-04-24,0.012969882218400484,
2020-04-27,0.0005173610603998928,
2020-04-28,0.022412766920421594,
2020-04-29,-0.015741839211026416,
2020-04-30,-0.017027953566896094,
2020-05-01,0.005706547039549922,
2020-05-04,0.0056792828601209275,
2020-05-05,-0.0005168289334554433,
2020-05-06,0.002060607099623691,
2020-05-07,0.0127645649737127,
2020-05-08,0.007075619738370988,
2020-05-11,-0.0167648519962921,
2020-05-12,-0.013405610596030756,
2020-05-13,-0.0010430544883044694,
2020-05-14,0.00776576023838376,
2020-05-15,0.014337692201718965,
2020-05-19,0.01213006693582861,
2020-05-20,-0.0035208838573063607,
2020-05-21,0.00201202276095406,
2020-05-22,0.02090496067989637,
2020-05-25,-0.012887189086312995,
2020-05-26,0.00943405552007856,
2020-05-27,0.001482776500118198,
2020-05-28,0.0,
2020-05-29,-0.0009866363131480166,
2020-06-01,0.006890976046286649,
2020-06-02,0.01751148252681251,
2020-06-03,-0.006775774610066245,
2020-06-04,0.018278862962360733,
2020-06-05,0.0075990000869405475,
2020-06-08,-0.0023679012309074585,
2020-06-09,-0.00904760749492848,
2020-06-10,-0.03903277483606189,
2020-06-11,0.010395160254821666,
2020-06-12,0.003439552341028658,
2020-06-15,0.01413173855115324,
2020-06-16,-0.0009718688068606397,
2020-06-17,0.0014526426697160696,
2020-06-18,-0.0014526426697160483,
2020-06-19,0.0014526426697160696,
2020-06-22,0.006267329884018496,
2020-06-23,-0.025798518209815016,
2020-06-24,0.01078835894209968,
2020-06-25,-0.016968456342373595,
2020-06-26,0.012078637428233082,
2020-06-29,0.004889818914140559,
2020-06-30,0.01164179949650096,
2020-07-02,-0.0009637907929647697,
2020-07-03,0.010560445541980556,
2020-07-06,-0.005268668442340192,
2020-07-07,0.0009634739224167535,
2020-07-08,-0.0009634739224168618,
2020-07-09,0.010032679403635648,
2020-07-10,-0.007635253937449791,
2020-07-13,0.01473898418379528,
2020-07-14,0.004240944043555523,
2020-07-15,-0.0014116505564849753,
2020-07-16,0.005160133874473102,
2020-07-17,0.004207267214163747,
2020-07-20,-0.004207267214163703,
2020-07-21,0.002338008088334252,
2020-07-22,-0.009853767397904138,
2020-07-23,-0.004727963426400873,
2020-07-24,0.006845000740650681,
2020-07-27,-0.004478224825282709,
2020-07-28,0.009876946820602698,
2020-07-29,0.0009395786541727784,
2020-07-30,-0.008455337963742544,
2020-07-31,0.010554569171628466,
2020-08-04,0.005819456498951723,
2020-08-05,0.004629467459010218,
2020-08-06,0.0029981593419558614,
2020-08-07,0.001609974871739631,
2020-08-10,-0.006920188949473874,
2020-08-11,0.010132383439168419,
2020-08-12,-0.004593321745485332,
2020-08-13,0.00046211250287616447,
2020-08-14,0.0025264017713874467,
2020-08-17,-0.0006892160782571166,
2020-08-18,-0.0018371856931301957,
2020-08-19,-0.0009244386524502044,
2020-08-20,-0.0009207112571789917,
2020-08-21,0.011233180233964938,
2020-08-24,0.0004575840097601314,
2020-08-25,0.006582297674910028,
2020-08-26,-0.0031728746066812838,
2020-08-27,0.002268009205559871,
2020-08-28,-0.007731402984355896,
2020-08-31,0.005919212127283687,
2020-09-01,0.01128383908988358,
2020-09-02,-0.02315750914756586,
2020-09-03,-0.010621746171586817,
2020-09-04,-0.008857757647208055,
2020-09-08,0.015797168216035537,
2020-09-09,-0.012524892693517415,
2020-09-10,0.002331462576553152,
2020-09-11,0.01019343011696428,
2020-09-14,0.005976359152238349,
2020-09-15,-0.003673882401443759,
2020-09-16,-0.006458501037724678,
2020-09-17,-0.00464020832495958,
2020-09-18,-0.009345515131818742,
2020-09-21,0.006085437966623339,
2020-09-22,-0.015519116330058286,
2020-09-23,-0.0028494348719184425,
2020-09-24,0.013453759533077484,
2020-09-25,0.013275156116717372,
2020-09-28,-0.0004600789576633348,
2020-09-29,-0.002317412723231972,-0.0005993293361515029
2020-09-30,0.0037062060300776817,0.0038673192359077744
2020-10-01,-0.002083913910634722,0.0030881228377080817
2020-10-02,0.011742731718486532,-0.0001314064914329058
2020-10-05,-0.0068915868277674795,-0.00556718273459059
2020-10-06,0.011917213520055057,-0.0018841850010448999
2020-10-07,0.0031829737918987453,-0.0027704923990321474
2020-10-08,0.0020427910808551723,-0.00016353720568790123
2020-10-09,0.0033909161422614477,0.000693773714036118
2020-10-13,-0.004071382941686203,-0.0008035754654504936
2020-10-14,0.0009056849241293749,0.003277372823715282
2020-10-15,-0.0013610901637495728,0.0003171219515739217
2020-10-16,-0.010486396578106842,-0.000353054007447584
2020-10-19,0.0,0.0020187408568548637
2020-10-20,-0.002299638273036798,-0.001213745430108189
2020-10-21,0.0036705153251469728,-0.00037104654545201546
2020-10-22,0.0036570918982730266,-0.0002097985793898297
2020-10-23,-0.013780159066927207,0.0003301268047302395
2020-10-26,-0.0051025339848140795,0.0035696179924501795
2020-10-27,-0.023040889145867088,0.0017110622549666812
2020-10-28,0.008527440790825494,0.0032719243600418404
2020-10-29,-0.012104092644914298,-0.0054898871772721385
2020-10-30,0.007847107543377866,-0.0036697700873577267
2020-11-02,0.01598001162526998,-0.006503239650189318
2020-11-03,0.01296958606663797,-0.009049602850969753
2020-11-04,0.015523046607884623,-0.00351553247121583
2020-11-05,-0.0009056849241293956,-0.007139282562163892
2020-11-06,0.014406769034416398,-0.0003204505267040739
2020-11-09,0.003570600704174751,-0.005130579078405877
2020-11-10,0.010635938413424712,-0.0032452330586526025
2020-11-11,-0.00707804155173878,-0.001180313889901636
2020-11-12,0.012351709308727934,-9.02798940612807e-05
2020-11-13,0.009165760260198975,0.0005012629520007197
2020-11-16,-0.00043621067507491445,-0.0017883640064126059
2020-11-17,-0.007854028191087102,0.002866112750894633
2020-11-18,0.005241423055156117,0.0030386357921186008
2020-11-19,-0.0004332098752958901,0.004035047895482735
2020-11-20,0.004780892489113511,0.0036941731531189063
2020-11-23,0.009502298986085766,0.0009879877349147892
2020-11-24,-0.0008632331607310192,-0.0002791903457508315
2020-11-25,0.009420945385846934,0.004151289663565053
2020-11-26,0.0017010980836843544,0.001920547281785929
2020-11-27,-0.017594335882887464,0.004055150043615476
2020-11-30,0.009051231098538745,0.005131059449657489
2020-12-01,0.0008567501563028839,-0.0025345251574516348
2020-12-02,-0.0012875336985034022,0.0007203551005004918
2020-12-03,0.0038576385130801244,-0.0022308914873582155
2020-12-04,-0.00042930951962489786,-0.002336661408990127
2020-12-07,0.004695372008044118,0.0018711578314405115
2020-12-08,-0.005550289216090165,-0.00033041018810026296
2020-12-09,-0.0017120301955636952,0.0013411980483757423
2020-12-10,-0.0017192360248741835,0.00134308689615286
2020-12-11,-0.0034430803573935543,-0.00020516892287679661
2020-12-14,0.0064444852546874775,0.0028871642158737726
2020-12-15,0.005129239780599448,0.0002986271549646354
2020-12-16,0.006791305070089711,0.0011693020151487244
2020-12-17,0.0004247686441620253,0.001568621488779186
2020-12-18,-0.0025428915923387395,0.002190152755515177
2020-12-21,0.0029674798847048114,0.004818505188255473
2020-12-22,0.0008444367457845616,0.002255994265474011
2020-12-23,-0.00042422982971892896,0.003107814154535851
2020-12-24,0.0033762491153045177,0.0020520847394319658
2020-12-29,-0.005491681832917159,0.0012939298022353256
2020-12-30,-0.0033948730008590065,0.0016486625864151247
2020-12-31,-0.0008494651205274685,0.0004144447489024812
2021-01-04,0.002550450878123898,-0.000673145297661991
2021-01-05,0.008867338593276295,8.130293944923683e-05
2021-01-06,0.014198470075697951,-0.002371014943647089
2021-01-07,0.004137216532959662,-0.0035138581172381397
2021-01-08,-0.0012401905405019264,3.1012284254196536e-05
2021-01-11,-0.00041099832069233796,0.0018888326558807937
2021-01-12,-0.002279995884452444,0.0025693054741893133
2021-01-13,-0.000206031787312993,0.0013056420883573896
2021-01-14,-0.004572451456300024,-0.001586147937953916
2021-01-15,0.009948322362128672,-0.0013698118349666781
2021-01-18,-0.003099517438120836,-0.0028701715809441625
2021-01-19,0.006802217681195351,-0.0003545840383140761
2021-01-20,-0.004526931878309954,-0.0010051030477597985
2021-01-21,0.00206135364132616,0.0027972960986848146
2021-01-22,0.0028779586372022154,0.002831178965054019
2021-01-25,-0.005768329571208686,-0.0008547644875834854
2021-01-26,-0.01707709026536756,0.002876379200006544
2021-01-27,0.010031499823667267,0.0009218017017036024
2021-01-28,-0.019742840205187157,-0.0037786376798239697
2021-01-29,0.022649494935531582,4.4173564692653097e-05
2021-02-01,0.007029306645362112,-0.010476232344987818
2021-02-02,0.0012315045753518992,-0.006120808318547485
2021-02-03,0.012672514908351713,-0.0006527724403544862
2021-02-04,0.0004076912421017906,-0.005496952780005632
2021-02-05,0.005666216350302029,0.0020186722510405967
2021-02-08,0.0016159011361052385,-0.004105903193749073
2021-02-09,0.00040056399945947004,-0.003677808310762794
2021-02-10,0.001208730220129963,-0.0002263880313383049
2021-02-11,0.004816382585578939,-0.0025332247990061227
2021-02-12,0.00040197805581934225,0.002015393032679807
2021-02-16,-0.0032083820025332888,0.004460839056930626
2021-02-17,-0.005435840207056264,0.005831296827200886
2021-02-18,-0.0018198732718769234,0.0067304795856052025
2021-02-19,-0.006086230029960291,0.006573998340943627
2021-02-22,-0.0020370028689259564,0.005543803047748982
2021-02-23,0.004881047042599823,0.004779795755954521
2021-02-24,-0.018016231741961306,0.0038303899308957984
2021-02-25,0.009048688398040237,0.005103918292191529
2021-02-26,0.007752542578879743,-0.001391894147162682
2021-03-01,-0.006117565092146255,-0.0017087429805153127
2021-03-02,-0.007796205047455119,-0.0005330055066273165
2021-03-03,-0.013271384267259755,-0.0022399748508478124
2021-03-04,0.014094259422948145,0.0018482914203803301
2021-03-05,-0.0016464279925839608,-0.007632864892653503
2021-03-08,0.011071276698938278,-0.006656406102152308
2021-03-09,0.003258023988225393,-0.007561273620088845
2021-03-10,0.004865208910660722,-0.004381424818681683
2021-03-11,-0.000808555445180208,0.0005816989506401463
2021-03-12,0.004444996065658992,-0.0002617138852617526
2021-03-15,-0.004038625293011664,-0.000514211656154779
2021-03-16,0.0016158014391975206,-0.0005436678572923637
2021-03-17,-0.006078825677325476,-0.0011715451671701588
2021-03-18,0.0012195320447323285,0.0014444020855781834
2021-03-19,0.0032434921933956217,0.0018203181038262575
2021-03-22,-0.00813056939641421,0.0015131567460026862
2021-03-23,-0.00449546740026053,0.004738514327906094
2021-03-24,0.0012295217000173424,0.0036543403889585132
2021-03-25,0.011798699769190278,0.001945737078281808
2021-03-26,-0.004457186621327621,-0.0010885073840558326
2021-03-29,0.0028394214399932696,0.001015930648392374
2021-03-30,-0.0016244206749517843,0.0010954799822351746
2021-03-31,0.010901006860628884,0.0029900577237493577
2021-04-01,0.009191321493846832,-0.001375865475910305
2021-04-05,0.0015881861278617402,-0.004675759375550545
2021-04-06,0.0031727603002810697,-0.00030990855229860075
2021-04-07,0.0019773845614520992,0.00015054291726878657
2021-04-08,0.0011853411598287448,0.0016400705478023347
2021-04-09,-0.000988995543791856,0.0005935541835325998
2021-04-12,0.002169015321576621,0.00013605465792060475
2021-04-13,-0.0023653609376133792,0.0010061943370472753
2021-04-14,0.010217506949619464,0.0004366825503797525
2021-04-15,0.001953440403391151,-0.0006751765184683065
2021-04-16,-0.004888825161990235,0.002055331011093666
2021-04-19,-0.004125634365529034,0.0034796822167837585
2021-04-20,0.001177697444435476,0.002497406103401109
2021-04-21,-0.005123883870061289,0.0031483479802677165
2021-04-22,0.008266741926680794,0.0013857073284671583
2021-04-23,-0.0015682422519850872,-0.0020380065454984543
2021-04-26,-0.0011797521545215527,-0.0004936543833131191
2021-04-27,-0.0015725610945483673,0.0012440268634841853
2021-04-28,-0.0023674123571821456,0.000795378104926523
2021-04-29,-0.00713209953646678,0.0024621645371328805
2021-04-30,0.003968118301979769,-0.00035655490471040883
2021-05-03,-0.007154782149683085,-0.0025638799259429744
2021-05-04,0.0015965805673060704,-0.0012524009836377427
2021-05-05,-0.0015965805673060758,-0.001626643101290836
2021-05-06,0.007945733083099012,-0.001171571483196444
2021-05-07,-0.01194240122937577,-0.00045880344130857587
2021-05-10,-0.008442950641277484,8.684000103720876e-05
2021-05-11,-0.015466551000990572,-1.8763191670724956e-05
2021-05-12,0.011012559091957362,-0.00029761647480227053
2021-05-13,0.011295386866674181,-0.006540055569324667
2021-05-14,-0.0036189085319289853,-0.009508990079814997
2021-05-17,-0.002014841607323689,-0.0037171843249891438
2021-05-18,-0.0008062721183845488,-0.0019563842304220506
2021-05-19,0.006440022257637267,0.000489895772918863
2021-05-20,-0.0008017407376680823,-0.003324440901018194
2021-05-21,0.006399964567581325,-0.004696658888694487
2021-05-25,0.007154782149683043,-0.004345995644321919
2021-05-26,-0.000791577032040902,-0.0028264868723480393
2021-05-27,0.0031664827982187567,0.002478072918624719
2021-05-28,-0.0007896986001344472,0.001348900431699372
2021-05-31,0.0035507012169038593,0.003735738276407268
2021-06-01,-0.0015756614569408512,0.0026271587902257135
2021-06-02,0.0007881410670668322,0.002429325407094065
2021-06-03,0.0062867609199222015,0.0027068497150769615
2021-06-04,0.0015684507275635076,0.0022082624497348972
2021-06-07,0.002734035373619983,0.003995383624166883
2021-06-08,-0.0023452222983816945,0.0034872716684748394
2021-06-09,0.0015653862572079654,0.004835340036983387
2021-06-10,0.007389781948116172,0.0031559308968169826
2021-06-11,0.0003890488575021016,-0.0008012573915710413
2021-06-14,0.0019352896180878257,0.00010443706278634403
2021-06-15,-0.00038829651732260316,0.0005304066222016723
2021-06-16,0.0034777570146470216,0.0016768298162873475
2021-06-17,-0.007353596461685739,0.0023065759309917277
2021-06-18,0.006583084416419959,0.0009856037493741437
2021-06-21,0.0003834135353606013,-0.0008126182395509518
2021-06-22,-0.002314216185761646,0.00018409068788053295
2021-06-23,0.0011558586224224864,0.0008060795374019484
2021-06-24,0.0015454560732446284,0.00020140602364842252
2021-06-25,0.0011565697892679193,0.0022633869316766634
2021-06-28,0.0038430583912747707,0.0001401625615241541
2021-06-29,-0.0015377427216244108,0.00029095774715126544
2021-06-30,0.0019189506980619264,0.001329338375654418
2021-07-02,0.005162469221082739,0.0006688785433542096
2021-07-05,0.0013375850062818159,0.0005058075505469414
2021-07-06,0.0028510731626777675,0.002097983220859701
2021-07-07,-0.007816330430276911,0.0017415716294793197
2021-07-08,0.008005106557453467,0.001980003559231984
2021-07-09,0.0018971079516666778,0.00016315594828519115
2021-07-12,0.0003804967223353311,0.00010214271006194755
2021-07-13,-0.0018963855608717895,0.00048193452106727206
2021-07-14,0.0022767375605165334,0.000520498041573289
2021-07-15,-0.007224995341869345,0.0020932582347463788
2021-07-16,-0.007273755884982644,0.0007210708691818466
2021-07-19,0.008800945263350896,-0.0014408542266834373
2021-07-20,0.0034210684029844863,-0.004128427903104937
2021-07-21,-0.0003812191131302032,-0.0020754360544355623
2021-07-22,0.006438537432587921,-0.0012363750648782955
2021-07-23,-0.0003789164909649783,-2.3519650586092435e-06
2021-07-26,-0.0007545087886587204,0.003111012020423806
2021-07-27,0.00018774195299267574,0.0010740417338936637
2021-07-28,-0.00018774195299262915,0.0004927208973779045
2021-07-29,-0.004165661380722027,0.0005806133176463001
2021-07-30,0.01112976708555723,-1.4566029141830587e-05
2021-08-03,-0.0016907247456364267,-0.0018305850247857286
2021-08-04,0.0018771639073494495,0.001683745263258958
2021-08-05,0.0031827421878691895,0.0009688232272242621
2021-08-06,0.0007504690783741788,0.001070980918095914
2021-08-09,-0.0018697882327725031,0.0033064106955573553
2021-08-10,0.0026159835069677778,0.0014358905313722327
2021-08-11,0.0013054299573447862,0.0013038926318683203
2021-08-12,0.0003742549683417037,0.0011918427707176596
2021-08-13,0.0014882222196570274,0.0016773166896765011
2021-08-16,-0.0037284296709372854,0.0011442436000992976
2021-08-17,-0.004868580534777226,0.0025848230376898716
2021-08-18,0.005989311576464401,0.0026174526550981447
2021-08-19,0.007062805278033202,-0.0006541736137930039
2021-08-20,-0.0014816018749901109,-0.000258126417801451
2021-08-23,0.0011132492542324983,0.0003039130013346102
2021-08-24,0.0018514399954475606,0.002165708404889681
2021-08-25,0.0,0.0025321139441318963
2021-08-26,0.005164406495866339,0.002613442705849235
2021-08-27,0.0007350776825330048,0.0005898803048808451
2021-08-30,0.0,0.001244072685943089
2021-08-31,0.005137743734636381,0.001701141617177345
2021-09-01,-0.0010989851869749288,0.001573560762664967
2021-09-02,0.00018203463805348065,0.0024553461789785405
2021-09-03,0.005478272202793569,0.002365096273088361
2021-09-07,-0.0023705970214414254,0.0004962621543895917
2021-09-08,-0.004021823602914197,0.0024879980048827795
2021-09-09,-0.0036722875133258946,0.001427238969717907
2021-09-10,0.0018378294676633191,0.0017720922434056627
2021-09-13,-0.0033127263001290963,0.00043389530980116183
2021-09-14,0.0025750773218477406,5.482364679345979e-07
2021-09-15,0.0011026204780586934,-0.0004889575375072838
2021-09-16,-0.0040440142721258595,0.0010806783362214962
2021-09-17,-0.014105865625871778,0.0016192819064372705
2021-09-20,0.002986821258200668,-0.000374340601948472
2021-09-21,0.005202802323934312,-0.0017311099100832963
2021-09-22,0.003146213067552222,-0.0017572324713234005
2021-09-23,-0.0053747824667299635,-0.0017381754349876442
2021-09-24,-0.0022298449642815816,0.000961463745271461
2021-09-27,-0.016524736106578956,0.0024773156325512483
2021-09-28,0.004157791508827241,0.0041899950982023605
2021-09-29,-0.012142341037274029,-0.002232026493623165
2021-09-30,0.005712442142540214,0.0001547445002936526
2021-10-01,-0.01491311381430981,-0.0037605802537063024
2021-10-04,0.008437806830736447,0.0014943665856815389
2021-10-05,0.0011459753617235312,-0.0013889381883953945
2021-10-06,0.0068446433422246124,-0.0011729518337328707
2021-10-07,-0.005699979736933757,-0.0008755654911515625
2021-10-08,-0.005732655848083661,0.0003188179690742527
2021-10-12,0.006876010696548965,0.0024021511733744783
2021-10-13,0.008717557647054517,-0.0015062639462830574
2021-10-14,0.006956244257657215,-0.002328922016118277
2021-10-15,0.002433145537191843,-0.002011498427080914
2021-10-18,0.00484860218362301,0.0003636699674969671
2021-10-19,0.0009277449995220715,0.002916379735810409
2021-10-20,0.0035257014158180285,0.0029795620426219215
2021-10-21,0.0,0.0013383422747195398
2021-10-22,0.004250424736456093,0.0012261057443512554
2021-10-25,0.0005533922904523459,0.0009807910293664246
2021-10-26,-0.010004520452035702,0.0026534322302001487
2021-10-27,0.00889742945852953,0.004126652451997603
2021-10-28,-0.00037052594930964513,-0.0002531657182767176
2021-10-29,0.006991117760826731,0.0020578666310402767
2021-11-01,0.000732113783508543,-0.00034450547725978166
2021-11-02,0.005844933921820102,0.0008584696323567454
2021-11-03,0.005807370257727056,0.001793591623026888
2021-11-04,0.0036138991086880224,0.0002728782799026561
2021-11-05,0.001802063724687715,0.0013825131840310098
2021-11-08,-0.0018020637246876532,0.0006738726735528987
2021-11-09,-0.005425758092085484,0.0014725012835760695
2021-11-10,0.009026643948474545,0.0024359778102249147
2021-11-11,0.0046625615154098675,-0.001508651684661091
2021-11-12,-0.0035841055311562372,-0.0002481896500385218
2021-11-15,0.00465754754396282,0.0014599873364555742
2021-11-16,-0.00017764261195574906,0.0005660975569450824
2021-11-17,0.0008914476669538932,0.002956985419840038
2021-11-18,-0.0032179235732855706,0.001288561058988167
2021-11-19,-0.0021534290256755234,0.0014211681520159085
2021-11-22,-0.002158076291601352,0.0015457986913253014
2021-11-23,0.0010796203073478142,0.0009356957044271511
2021-11-24,0.002872114475529482,0.000616858315658362
2021-11-25,-0.018812466258753584,0.0005146891041696106
2021-11-26,0.004372300318420309,0.004208790202498509
2021-11-29,-0.013914768175812936,-0.0008644807373451245
2021-11-30,-0.008144143671044575,0.003006005988029081
2021-12-01,0.011455653359584593,0.0006656912507683194
2021-12-02,-0.005895139582326447,-0.005659482841510764
2021-12-03,0.006446601792837778,0.0015015421282769319
2021-12-06,0.012593203793090762,-0.0032240677947050003
2021-12-07,0.0010882295724680597,-0.0019993430002645607
2021-12-08,-0.0034489261715591646,0.0018071512759254308
2021-12-09,0.00417255558248863,-0.00023648258644476383
2021-12-10,-0.0047184021914588965,0.000541918063103709
2021-12-13,-0.003644192168682712,0.0011240019858252373
2021-12-14,0.010892976453502722,-0.000312787869942765
2021-12-15,-0.008703419471370788,-0.002682029761130541
2021-12-16,-0.0010941792212135336,0.0026900734212535055
2021-12-17,-0.00548528186464217,0.0008352894951855879
2021-12-20,0.013115915669012823,0.002821413946696248
2021-12-21,0.006494006653452801,-0.0009054071676747503
2021-12-22,0.005019922621886159,-0.0012594920050229995
2021-12-23,0.007129902313001401,0.0013170561852760133
2021-12-24,0.001422016079399445,0.0009078591119334461
2021-12-29,-0.01636006499791796,0.00374831177329935
2021-12-30,-0.007916558077851136,0.004888882339210662
2021-12-31,0.00899124920761659,0.0010616809626586257
2022-01-04,-0.01224799172789071,-0.003655219083683011
2022-01-05,-0.0039949208750461535,-6.761538787240068e-06
2022-01-06,-0.005473467414172043,-0.0018734403757928284
2022-01-07,-0.0010982977490624545,0.0014651783432943813
2022-01-10,0.004750602758597799,0.0014166731262603258
2022-01-11,0.00036449790817277773,-0.002064492539306494
2022-01-12,-0.01025650016718911,0.0006236317894745188
2022-01-13,0.0033082184187576916,0.0025881120035944395
2022-01-14,0.01058597219125574,0.0005399544900314296
2022-01-17,-0.02779746396758508,-0.001112995900426592
2022-01-18,-0.0065549443433258955,0.00472022097396639
2022-01-19,-0.007733698830701305,-0.0007585746238720036
2022-01-20,-0.013535617959520584,0.0009028912256421993
2022-01-21,0.0019175461292718545,0.0005504403091265852
2022-01-24,-0.008078520565201436,-0.006164607463489283
2022-01-25,0.000386174942045713,0.0007963651908053307
2022-01-26,-0.0021258100574893923,-0.0014357452958582424
2022-01-27,0.014405319687551233,0.00012955512855172878
2022-01-28,0.016641836415008774,-0.0027775299797310796
2022-01-31,0.007846107876837295,-0.005091321256855101
2022-02-01,0.0033438634167064687,0.00045237885673305106
2022-02-02,-0.01607811789445804,0.0015006064179855995
2022-02-03,0.009005689382612855,0.006232703051176521
2022-02-04,-0.006746652277332667,-0.0012275359509196942
2022-02-07,0.010475217372471477,-0.00024131846430966127
2022-02-08,0.01220655067455178,-0.004290037759168141
2022-02-09,-0.00923367594694544,-0.003786792716678013
2022-02-10,-0.01194489752916535,0.005285196556228906
2022-02-11,-0.00602638358683099,0.004085930324645347
2022-02-14,0.01574245404176346,0.003927688369350934
2022-02-15,-0.0022338058432406216,-0.0038882551148299786
2022-02-16,-0.016914517148364182,-0.0021878414296420097
2022-02-17,-0.004178543591720054,0.0034651889907843275
2022-02-18,-0.011485578022791475,0.0019802310452947725
2022-02-22,-0.012788393622187673,0.004449756725316238
2022-02-23,0.008543741291242161,0.0006574935173877325
2022-02-24,0.014206420535070886,-0.005692423547074566
2022-02-25,-0.005735056820330231,-0.00430379086698967
2022-02-28,-0.013705455338338834,0.0009294273031150874
2022-03-01,0.011402191364245943,0.004164758288239467
2022-03-02,-0.006168099740647773,-0.00045051486643581746
2022-03-03,-0.008153801726932957,0.0013343350091497793
2022-03-04,-0.019685675071030327,-0.0013080332280092015
2022-03-07,0.0027794339910252558,0.0012099359408012209
2022-03-08,0.02273716139079838,-0.0013856777068726712
2022-03-09,-0.007391591716137946,-0.007727245171984312
2022-03-10,-0.012969330932777084,0.00029551382569536924
2022-03-11,-0.0015835316056443847,0.0019450425677458865
2022-03-14,0.008678555456248249,0.0021582068003766935
2022-03-15,0.02098794489222161,-0.00016434017703527892
2022-03-16,0.007090189709968978,-0.008135409943579103
2022-03-17,0.008555998577589877,-0.002787944900807317
2022-03-18,-0.0011365790198723255,-0.00021840343376349533
2022-03-21,0.007929057965759887,0.0050340805157385714
2022-03-22,-0.010966266071209575,0.0021452702945008013
2022-03-23,0.006065219503090722,0.002433149861507711
2022-03-24,-0.004925185178591659,-0.0018652842505757212
2022-03-25,0.006435759483958631,0.0010792996383508983
2022-03-28,0.012375931445356265,0.00020785913730599255
2022-03-29,-0.008609448649879246,-0.0017499432105452235
2022-03-30,-0.009442940800282072,0.005716408880012939
2022-03-31,0.005676458004805122,0.004162286784338113
2022-04-01,0.00564441761967691,0.001493237169765081
2022-04-04,-0.01208017710363554,0.00020052486360698084
2022-04-05,-0.008007669099987609,0.0011628685868149114
2022-04-06,0.005345564466419898,0.0016157950208137753
2022-04-07,-0.0022874581075990807,0.0004296513542989688
2022-04-08,-0.007086116024784322,0.001002776452475145
2022-04-11,-0.0036584232581929007,0.0003408534405494511
2022-04-12,0.00634556499028206,0.0009700493587983021
2022-04-13,-0.004418410799699011,-0.0003573574462265903
2022-04-14,-0.001155846786359162,0.0011769239358827128
2022-04-18,0.009973231878753342,0.00022194470705152547
2022-04-19,-0.006509691760577123,-0.0019288834083349758
2022-04-20,-0.010815091896728883,0.003071985277212914
2022-04-21,-0.013685453085254314,0.002464399461116776
2022-04-22,0.0,0.0028456775348155807
2022-04-25,-0.019881370553828933,-0.0008519048092215093
2022-04-26,0.003207701226769859,0.0010936101411082523
2022-04-27,0.01785407473659661,-0.0037151643212822833
2022-04-28,-0.021463463054527572,-0.0058486764082737765
2022-04-29,0.0036093883179309227,0.004898579214920298
2022-05-02,0.0027983228334422412,-0.002557470033797422
2022-05-03,0.01819670462284626,0.0007210928351449585
2022-05-04,-0.028630186106621,-0.004514736669086967
2022-05-05,-0.004042042690010931,0.0017134740940043286
2022-05-06,-0.025847592810555393,-0.00011991242944574211
2022-05-09,0.002490661312452052,0.0028957350360734988
2022-05-10,-0.012515807931830646,-0.003700555559579474
2022-05-11,0.0004197271834966851,-0.004315088590457271
2022-05-12,0.01829572862785933,-0.0030167623578835063
2022-05-13,-0.004542646671895843,-0.006244943335443463
2022-05-16,0.01682781346647351,0.0036109603777554956
2022-05-17,-0.026393284612805774,-0.003173029756090786
2022-05-18,-0.001672940582563745,0.007512753016839011
2022-05-19,0.003760188261649957,0.002002322254241903
2022-05-20,0.005406542593711554,-0.003577977535047854
2022-05-24,0.006614327545430435,-0.0010897343322654423
2022-05-25,0.013098836489591106,-0.0048582430968686545
2022-05-26,0.011322401587212115,-9.691275497815649e-05
2022-05-27,0.01079794534678813,0.0016399557668749084
2022-05-30,-0.016443121628776477,0.001251301892884351
2022-05-31,-0.0038488855373983843,0.006513720855322121
2022-06-01,0.008689556546711288,0.0019332794271716834
2022-06-02,-0.010517896314536649,-5.699520295646154e-06
2022-06-03,0.002031282437217841,0.002586762748999287
2022-06-06,0.003645942868005786,-0.0018452387701579308
2022-06-07,-0.008120223262926916,0.0011719778948524502
2022-06-08,-0.011892697069284319,0.004634177778993412
2022-06-09,-0.01831858052368463,0.0031778067349783772
2022-06-10,-0.028555104434081324,0.005198850283155132
2022-06-13,-0.0034647068006901645,0.004876670643831697
2022-06-14,0.01207431659068095,-0.0023633092546785184
2022-06-15,-0.0309056153453641,-0.005727876031811908
2022-06-16,0.0057306747089850745,0.004144488793053306
2022-06-17,0.010276683861231812,-0.0030854344499297265
2022-06-20,0.0028239401844663246,-0.0004758590749427341
2022-06-21,-0.004783657741432875,-0.00022080179478428435
2022-06-22,0.002612104227924961,-0.0029091523407664337
2022-06-23,0.01167076138505076,0.00010496103743013136
2022-06-24,0.0008591065820491685,-0.003171510658348656
2022-06-27,-0.011009285508369255,-0.0005430216759868713
2022-06-28,-0.004132686686655661,0.0015299085039098951
2022-06-29,-0.007438231625576512,0.0003687116487441066
2022-06-30,0.008745136625358632,0.003934004494905645
2022-07-04,-0.001742919831193824,-0.0018219410852391578
2022-07-05,0.0008718396367409824,0.0008114513353695152
2022-07-06,0.01341721058396423,0.0025347173890858583
2022-07-07,-0.002582868418254189,0.0007974495657207447
2022-07-08,-0.009963261971257423,0.006350355822818893
2022-07-11,-0.005237899360793106,0.005341593787517531
2022-07-12,-0.005705523487263265,0.003269085374194365
2022-07-13,-0.002644338253090313,0.003319559303125275
2022-07-14,0.008349861740353405,4.65315487214584e-05
2022-07-15,-0.00043773255240427605,-0.0027572302591153263
2022-07-18,0.018221762302708958,0.0010557150411020593
2022-07-19,0.0034334797678915365,-0.0027083051721751928
2022-07-20,0.006831794291703272,0.002163635722506997
2022-07-21,-0.0034100629805419547,0.0014716491080496055
2022-07-22,-0.0004270766667519373,0.002312383015752623
2022-07-25,-0.008149305233074047,0.0024944156433797057
2022-07-26,0.017926216268152113,0.0010746139866472035
2022-07-27,0.01010109598650392,-0.004671208007459157
2022-07-28,0.012070906190990459,-0.0026580172460091115
2022-07-29,-0.007058364367446048,-0.001675856282958982
2022-08-02,0.008298802814695064,0.0037781875206374716
2022-08-03,0.0024762703532635053,0.0025798022431172568
2022-08-04,0.0028812532795270554,0.0011687542046576898
2022-08-05,-0.0008223684673991892,-0.00045255357075876573
2022-08-08,-0.006603408229450265,-0.0011552252496561713
2022-08-09,0.014796817441439585,0.0023947650045159823
2022-08-10,0.0016306567005083114,-0.0023111639581678673
2022-08-11,0.01214589830210812,0.0009273125594669052
2022-08-12,0.008016074988236125,-0.001506976674281285
2022-08-15,-0.0011983224921087556,-6.807171375150815e-05
2022-08-16,-0.004807701568103232,0.004671925527328498
2022-08-17,0.004008021397538868,0.0026296156111838783
2022-08-18,-0.01005033585350145,0.0009233505080252039
2022-08-19,-0.01301360374505018,0.0015428944711486478
2022-08-22,-0.004924096941617098,0.0006342125027204139
2022-08-23,0.0020546545136643757,-0.0003382887276375126
2022-08-24,0.011022769290750285,-0.0007377510751450973
2022-08-25,-0.020509332495506204,-0.0038608011998704094
2022-08-26,-0.005818802785337179,0.004057167581081566
2022-08-29,-0.00585285951725287,0.0018307914952101927
2022-08-30,-0.0050441468866780255,0.002132667880448118
2022-08-31,-0.00549335841610773,0.0005257036818085969
2022-09-01,-0.004671913360743082,-0.0029362758250119823
2022-09-02,-0.00726343718852977,0.0001222828093144368
2022-09-06,0.012358989615129944,0.0014861859355776584
2022-09-07,0.0054910380841003735,-0.003071126594255971
2022-09-08,0.013804862613458773,-0.0013735167463872042
2022-09-09,0.008274767943529335,-0.0033731321045156848
2022-09-12,-0.02250094929083779,0.0001023125165646408
2022-09-13,0.004205220662978427,0.007569677809589284
2022-09-14,-0.005470242969565199,-0.0010731167685421776
2022-09-15,-0.007623925110659371,0.0006065931286895842
2022-09-16,0.006357300495466498,-0.0009267474640232966
2022-09-19,-0.0063573004954665235,-0.0041701643587891985
2022-09-20,-0.008539761548134496,0.0027415562125459765
2022-09-21,-0.006884708777497144,0.0017944397944170921
2022-09-22,-0.02094317384524325,0.0015887563694877904
2022-09-23,-0.004861888030106954,0.003634046667106142
2022-09-26,-0.002661935910803433,-0.0011253819688179763
2022-09-27,0.014991462421572798,0.0003834255968047678
2022-09-28,-0.012772690710355656,-0.0028568885381515
2022-09-29,-0.0008869180182278928,0.00308597499863342
2022-09-30,0.012345835822299362,0.00280341637980066
2022-10-03,0.025525937068889795,-0.0005001455784173985
2022-10-04,-0.0004272591391637224,-0.003702777866963739
2022-10-05,-0.0034246608813639917,-0.000834000190133236
2022-10-06,-0.02430675222416143,0.0011554174692052202
2022-10-07,-0.014159528603634616,0.005523649054158535
2022-10-11,-0.0004457321223786557,0.0017278510337835609
2022-10-12,0.01855176880809683,-0.004409565776397845
2022-10-13,-0.013216051391526375,-0.00806841106965256
2022-10-14,0.015401844611506484,-5.51503050876316e-05
2022-10-17,0.009128513726095449,-0.0017669148113928484
2022-10-18,-0.007383312585064596,0.0016157309509398005
2022-10-19,-0.00436872691341526,0.004107148805336737
2022-10-20,0.011752039498479834,-0.00039609918648509594
2022-10-21,0.008187936285365663,-0.002013586689531273
2022-10-24,0.010247741260475632,-0.0015625977384221947
2022-10-25,0.0,-0.0014165365925989807
2022-10-26,-0.003830606939842313,0.002633652864214008
2022-10-27,0.017332921777481657,0.003759938105450295
2022-10-28,-0.005042027488248088,-0.0009168063167204762
2022-10-31,0.0025241914959071438,0.0025086865615038777
2022-11-01,-0.0148150857851407,-0.0010904373257688048
2022-11-02,-0.004701868033878431,0.0020374503300631943
2022-11-03,0.005128216366919529,0.00227326539531285
2022-11-04,0.007220247973486877,-0.0028083063838980214
2022-11-07,0.005065439281833897,-0.0014192352818623026
2022-11-08,-0.014846508116994585,-0.0017225589336186276
2022-11-09,0.03691694382764185,0.003706408158155536
2022-11-10,0.009020151359383744,-0.007179598994882088
2022-11-11,-0.005730674708985095,-0.0020587786850535727
2022-11-14,0.004505434612884042,-0.0004067533905112128
2022-11-15,-0.0028647451554241676,-0.003467720170001096
2022-11-16,-0.0024620447397750386,0.002305083031247006
2022-11-17,0.006552029991300114,-0.0025377637758606333
2022-11-18,-0.001225240096101021,-0.00480920552806367
2022-11-21,0.008950425902507891,-0.0018168230733979825
2022-11-22,0.004042042690010942,-0.0038480144797959012
2022-11-23,0.015609682569102022,0.00023862311506245217
2022-11-24,0.0011907125836273628,-0.00048096027545921425
2022-11-25,-0.018011293383433127,0.0019503385451376297
2022-11-28,0.00764437438113229,0.005172771601921238
2022-11-29,0.012348294724817412,-0.0009403883272962329
2022-11-30,0.003951012646679989,-0.001667529656284218
2022-12-01,0.0015760444554657142,-0.0011840532538229592
2022-12-02,-0.009891277478742667,-0.0008603299572663294
2022-12-05,-0.008384956293857727,0.004172232221140119
2022-12-06,-0.0016051367812285446,0.0026207665633095007
2022-12-07,0.002006018726865766,-0.0008469656355235075
2022-12-08,-0.00040088194563719134,-0.003446819692348646
2022-12-09,0.004800009216031768,-0.0027496593626121345
2022-12-12,0.005967791731906267,0.00022601368757654155
2022-12-13,-0.004372895062090213,0.0012927576408449338
2022-12-14,-0.017279915596472833,0.003215924129585942
2022-12-15,-0.006506733001244087,0.0029773585140469407
2022-12-16,-0.010664580156529123,0.0003542887077163764
2022-12-19,0.0012363488078053497,0.0010186545713375345
2022-12-20,0.011466137087644006,-0.0019743666237292037
2022-12-21,-0.009820046180975348,-0.003196614726215424
2022-12-22,0.0028741551298627384,0.0026357511856995837
2022-12-23,-0.011131840368844181,0.0007822168966620065
2022-12-28,0.005375245524507458,0.002883635086026951
2022-12-29,-0.005789925190412523,-0.0008899970091533767
2022-12-30,0.008261096134952385,-0.0015296214520963206
2023-01-03,0.0004112687699342843,-0.002552892035421765
2023-01-04,-0.003707522269531888,-0.0008163788584288266
2023-01-05,0.012712904454330888,0.0022633783933888054
2023-01-06,0.00040741495776418094,-0.0017378226765736079
2023-01-09,0.006496165759989222,0.0009637888963434962
2023-01-10,0.008462673918733728,-0.0002044942321410432
2023-01-11,0.0056022555486697516,-0.0006152692378465252
2023-01-12,0.006760813185044195,0.002314013996588194
2023-01-13,0.0086819803435653,0.0004792736472750094
2023-01-16,-0.007097821596428828,0.0020821465403395066
2023-01-17,-0.0035678927839016992,0.003025600655641986
2023-01-18,-0.005575482384303395,0.0015156200773499351
2023-01-19,0.008747570690447414,0.0015310622872559804
2023-01-20,0.007886476206915363,-0.0017182374542425534
2023-01-23,-0.0007858546573390916,-0.0020852763738973554
2023-01-24,0.0023557136924589835,0.001224623941951249
2023-01-25,0.0031323439863162024,0.0012132850214649545
2023-01-26,0.0003908540210008852,0.0018592628065237414
2023-01-27,-0.005878911699775997,0.0011174904654836148
2023-01-30,0.005097050831173897,0.00026486819217906674
2023-01-31,0.007403111933057624,-0.001080395993491766
2023-02-01,0.007733990599736257,-0.0016175199334454117
2023-02-02,-0.0023139231303972345,-0.0008571667285079434
2023-02-03,-0.004643971194450593,0.001063175739185824
2023-02-06,0.00580160203953168,0.0017023707784371376
2023-02-07,-0.004638585820050561,-0.0005853089684020326
2023-02-08,-0.004271021829348309,0.00040178220836888806
2023-02-09,-0.0070285334245849575,-0.0006036647937374158
2023-02-10,0.008195167817063644,-0.00020605022319025777
2023-02-13,0.0011652749425002074,-0.0009179892278016075
2023-02-14,0.004261094961784941,-0.0005127630687472372
2023-02-15,-0.005426369904285028,-0.0002653955980919932
2023-02-16,-0.0007776050158546732,0.001539327901060933
2023-02-17,-0.012918558991556547,0.0014992067220666889
2023-02-21,-0.002366865010266168,0.0013367650462700487
2023-02-22,0.003548200056097177,-0.0006066420507146504
2023-02-23,-0.005524875931969916,-0.0021148052094159177
2023-02-24,0.003160808637089441,0.00021310260053272192
2023-02-27,0.0007886435739983844,-0.0006171750474384309
2023-02-28,-0.0015779095976067856,0.0013923142152555074
2023-03-01,0.004333274458337737,0.0020040087944982595
2023-03-02,0.014051753455650287,-0.0007185541851491108
2023-03-03,-0.0007754944165303904,-0.0016995783183064187
2023-03-06,-0.00700664602552455,0.00059578529363596
2023-03-07,0.004287669792281189,0.0024565312641613465
2023-03-08,-0.01134375551649014,0.000941588193825861
2023-03-09,-0.015061719529410275,0.0024431237272651953
2023-03-10,-0.010437670030901272,9.54458959881888e-06
2023-03-13,0.008838948667204232,-0.00128571567153729
2023-03-14,-0.014098924379501648,-0.0030710309310205395
2023-03-15,0.014898604550066035,0.0003735093651410878
2023-03-16,-0.01125413807442332,-0.003745387895135608
2023-03-17,0.006446436506320049,0.0030615777765328495
2023-03-20,0.015145765807994841,0.00010915163944812784
2023-03-21,-0.01354062902676624,-0.0034183709334781927
2023-03-22,0.0,0.0029939462959390206
2023-03-23,0.003602165191792392,-0.0022330612242683753
2023-03-24,0.0003994407882148664,-0.0005017795286109539
2023-03-27,-0.003200002730670791,0.0003250600425886205
2023-03-28,0.00996619769860145,-0.0017910292533120666
2023-03-29,0.004748722813755211,-0.0006588607323920869
2023-03-30,0.009430325289511461,0.00029607947170615936
2023-03-31,0.0007818608686020742,0.0001198009168358918
2023-04-03,-0.0019557995673041926,0.0016913213134593852
2023-04-04,-0.004316271170364989,0.0026716708356321938
2023-04-05,0.004707737215685307,0.003330877321278023
2023-04-06,0.002345583561720456,0.0013137408409708605
2023-04-10,0.0015606714053445513,0.0004783302397381204
2023-04-11,-0.0015606714053446214,0.0010503090442380686
2023-04-12,0.0062281244528398045,0.0025453080914523015
2023-04-13,-0.0017477429441602854,0.0015151209417418746
2023-04-14,0.0032987320104091275,0.0022284938861248816
2023-04-17,0.002708455902177271,0.0006541142411618778
2023-04-18,0.002315709255598125,0.0009868515565145597
2023-04-19,-0.001929385124851588,0.001379319002950124
2023-04-20,0.00577702357692208,0.0010452126073628226
2023-04-21,0.0,0.00019340107678603787
2023-04-24,-0.009646997447115106,0.0004155419851707725
2023-04-25,-0.002329193599600537,0.0015035674443630376
2023-04-26,0.011592092712821307,-0.0002979380367499083
2023-04-27,0.0026855953221736977,-0.0022004324960551843
2023-04-28,-0.0007665772701956842,-0.0012603790220408915
2023-05-01,-0.006925768352960154,-0.0006969654790227961
2023-05-02,-0.0023192897910908937,0.0010879102864326212
2023-05-03,-0.010112882763704475,0.000868893566956621
2023-05-04,0.007400228513577162,0.00021843244585812544
2023-05-05,0.0011634672632980494,-0.003211306829443194
2023-05-08,-0.00310559255815313,-0.0021844736944844267
2023-05-09,0.0003887269242342976,0.0007233808133325309
2023-05-10,0.002716865633919051,0.0003510984286312411
2023-05-11,0.0027095042703661164,0.0016089396492348067
2023-05-12,0.0011589725075542132,-3.689071561780485e-05
2023-05-15,-0.008919973822442917,-0.00018288403039650543
2023-05-16,0.005439018847473276,0.001960563029092246
2023-05-17,0.006949834922876274,-0.0005567404358469823
2023-05-18,0.0019219686869696242,6.993476566828053e-06
2023-05-19,-0.010810916104215506,0.0009205967377513359
2023-05-23,-0.00584000102471912,0.0014547799072088074
2023-05-24,0.0027295786103265158,0.0019888068347315426
2023-05-25,0.010073700066537482,-0.0003428648278587928
2023-05-26,0.002310359133184085,-0.002626755051860053
2023-05-29,-0.008497540510440663,-0.0014637008734167912
2023-05-30,-0.00817920820794611,0.0016632650517400152
2023-05-31,0.00312378231368327,0.0021056688057462633
2023-06-01,0.014321901467580818,-1.5634347178861987e-05
2023-06-02,-0.002501203805166889,-0.004300590506740501
2023-06-05,0.004037302417506818,-0.0014052257287112306
2023-06-06,-0.0061586029912069785,-0.00034528055999999104
2023-06-07,0.0038535693159899723,0.003109695291294761
2023-06-08,0.0,0.0005789238372129105
2023-06-09,0.005752652489449841,-0.0007135446650920894
2023-06-12,0.003816798526700811,-0.0016949055523660852
2023-06-13,0.0026631174194836284,-0.0007619518959713832
2023-06-14,0.0026560440581162104,0.001567558032605331
2023-06-15,-0.00417695689882295,0.0014474885812902228
2023-06-16,0.000760745567309132,0.0025575163063815192
2023-06-19,-0.00801684003508184,0.0005511275793509261
2023-06-20,-0.007309130443145071,0.0015494532892000013
2023-06-21,-0.0023192897910908937,0.0009658882108913605
2023-06-22,-0.007770046861931788,-0.00013550733314223677
2023-06-23,-0.009404458027978518,0.0013599197084246152
2023-06-26,0.010963304797269594,0.0011258597772984937
2023-06-27,0.005436906596736044,-0.0018593697592554337
2023-06-28,0.0030935832869955723,3.0829438137568394e-05
2023-06-29,0.011134689814128507,8.518355675017598e-05
2023-06-30,0.0038109802221691536,-0.0015071259574675564
2023-07-04,-0.004192878260035927,0.0005994091670218448
2023-07-05,-0.008438868645864595,0.000426791866159126
2023-07-06,-0.0023139231303972345,0.0008388484456213313
2023-07-07,0.0019286409064056863,-0.0008560969986201079
2023-07-10,0.004997127446554428,-0.0021314617615187225
2023-07-11,0.00840020212526667,-0.001605919055677015
2023-07-12,0.006065219503090722,-0.0013849829238509132
2023-07-13,0.0033955890011381075,0.0010418370302378412
2023-07-14,0.0003765769202851333,0.0021396267191620766
2023-07-17,0.005257240797970698,0.0018375911348288655
2023-07-18,0.002618292126057367,0.00047131401703502413
2023-07-19,-0.005619044565295488,0.0003070391792854905
2023-07-20,0.0037495357014793104,0.002056791788482727
2023-07-21,-0.00037432154657536125,0.0006925378876175681
2023-07-24,0.0022438304103915793,0.0018397974391555112
2023-07-25,0.0037285650951388123,0.0003137638919294175
2023-07-26,-0.005598073958954913,-0.00016504105956332237
2023-07-27,0.00931278848319352,0.0023592710441688344
2023-07-28,-0.000370851107532254,-0.0010859469196715177
2023-07-31,0.0,0.0009486228125654444
2023-08-01,-0.012691473077140731,0.00020471678635766114
2023-08-02,-0.0018800531952435013,0.0011661298325850319
2023-08-03,0.001128456015931205,0.0003868611043305577
2023-08-04,0.00262812240626963,-0.0019525734930810777
2023-08-08,-0.0018765252269573457,-0.0015155831321957513
2023-08-09,0.0026261504494671972,-0.00014166189675353326
2023-08-10,-0.0022505635905919457,0.00042201565407740474
2023-08-11,0.0015009383680820733,0.001789563466879287
2023-08-14,-0.011691628559616566,0.00028937285140444313
2023-08-15,-0.004181720596673657,0.0014292377210443534
2023-08-16,-0.005730674708984983,-0.0002257540562218208
2023-08-17,0.0,0.0012621466238045024
2023-08-18,0.0034423441909726986,-4.4603301377279625e-05
2023-08-21,-0.0022935789870995125,-0.0007601572475362722
2023-08-22,0.009142920832674244,0.001899874840725269
2023-08-23,-0.007231239883441458,-0.00014387391847019333
2023-08-24,0.005713213026464123,0.003149834599965602
2023-08-25,0.008320774179729961,-0.0003270083811921662
2023-08-28,0.01123607326692597,-0.001756784281839987
2023-08-29,0.0003723701402177658,-0.0006389547018805741
2023-08-30,-0.0026095075385742053,0.0007819398399096209
2023-08-31,0.009288567618245968,0.0024380676101485115
2023-09-01,-0.004076344351255752,-0.0002466234690414814
2023-09-05,-0.005959049291246384,0.0011064545239926876
2023-09-06,-0.001495327381433501,-0.0002876447013735252
2023-09-07,-0.0029973795389741844,-0.0006646460311754832
2023-09-08,0.0033714210619434906,0.0017615745332428797
2023-09-11,-0.0037467260016086166,-0.0006649943622104126
2023-09-12,-0.0011267606825906176,0.001496124232047835
2023-09-13,0.008978735965275963,0.001538188734289594
2023-09-14,-0.005227793833004188,-0.00017554368554153175
2023-09-15,-0.0037509421322716972,0.0024391281857039683
2023-09-18,-0.0067873563733999885,0.0005786495745066524
2023-09-19,-0.0037907551079798905,0.0012601272433131706
2023-09-20,-0.01685217974477163,0.0018234047300812765
2023-09-21,-0.000772797565508449,0.0005883608839329594
2023-09-22,-0.004261094961784831,-0.0013397705195735132
2023-09-25,-0.009752369082432794,-0.0004372895847071772
2023-09-26,-0.001961939024459618,0.0014336490752370461
2023-09-27,0.0054837583562562875,0.00017342990587602795
2023-09-28,0.003898640415657323,0.0002511886591675524
2023-09-29,-0.0046801957504774665,9.628421273169454e-05
2023-10-02,-0.010611221593663983,0.0009871081585540644
2023-10-03,0.0063017144343328725,0.002505992465793595
2023-10-04,0.0019611694852235797,-0.0007470716990153762
2023-10-05,0.007028533424584992,0.0007350066203821422
2023-10-06,0.006979477731525676,-0.0014261099527761328
2023-10-10,0.005779249373774263,-0.0006485355059297539
2023-10-11,-0.0023076933318169927,0.0020651415509704467
2023-10-12,-0.00850739856491185,0.0025795414210555484
2023-10-13,0.007351551778552783,0.0023512200772252243
2023-10-16,0.003463540118176089,-0.001044925099436864
2023-10-17,-0.01120351683849346,-0.00033293784641412276
2023-10-18,-0.008191970914588035,0.002476339473906707
2023-10-19,-0.011424193580380201,0.0021850064818000605
2023-10-20,-0.0023800090568112326,0.002813619883544614
2023-10-23,0.005939435397382593,0.0003336335131419437
2023-10-24,-0.007131567467835578,-0.0007035547847333845
2023-10-25,-0.004383350313850403,0.0015982842816456263
2023-10-26,-0.004001605980007298,0.0008933987623786065
2023-10-27,0.008782491580349232,0.0026162978536532462
2023-10-30,0.006339165443735676,0.00018221545900444155
2023-10-31,0.010997754209541502,-0.0012855630765645281
2023-11-01,0.013193827402780944,-0.0020477377114034197
2023-11-02,0.007680529307777978,-0.0013313096611378191
2023-11-03,0.0,0.0005989039200749212
2023-11-06,0.0005736686264986042,0.0012014533671114106
2023-11-07,0.0013372816970460743,0.00016911528702008918
2023-11-08,-0.00344234419097279,0.0003343026424250965
2023-11-09,0.009153381986487201,0.0006009012791207947
2023-11-10,0.0007590133191715234,-0.00100290816476074
2023-11-13,0.015434147897954598,0.0012406235493396577
2023-11-14,0.0011200299845499052,-0.0014299886507829832
2023-11-15,0.0037243990909822727,0.0017330151719182584
2023-11-16,0.003340140422119864,0.002013544412256249
2023-11-17,0.006278875660582251,-0.00018775560083427074
2023-11-20,-0.005167970158442561,-0.0002067654735217108
2023-11-21,0.0022181155120213586,0.00011163542910748274
2023-11-22,0.0025815983358701044,-4.533352486078661e-05
2023-11-23,-0.0029509427537345334,0.0005894198801744636
2023-11-24,-0.0040718175821035625,0.0008752739903815469
2023-11-27,-0.0018563213052918655,0.00010906307239259751
2023-11-28,0.002968462291098892,0.0009667003902156419
2023-11-29,0.0018508241448499721,-6.684452782696696e-05
2023-11-30,0.004796172263493235,1.889122817753941e-05
2023-12-01,-0.00184196036606163,-0.001542226717365959
2023-12-04,0.0,0.0008294820484268358
2023-12-05,-0.0014760150281206525,0.0015263380635502045
2023-12-06,0.004789104751080851,0.0011121835824109381
2023-12-07,0.002935781925092072,-0.00011027042894481889
2023-12-08,0.0014646652197295596,-0.0004339450572890336
2023-12-11,0.002558013454047863,0.00039778112129551946
2023-12-12,0.010167117355444242,0.00013886072225651955
2023-12-13,0.0025257094429747924,-0.0008764602733040364
2023-12-14,-0.007233304593519949,-0.0001555612217562577
2023-12-15,0.004346258199911111,0.0006972968493578237
2023-12-18,0.00576578173896465,-0.000414123908215055
2023-12-19,-0.011928570865273732,-0.00045580148047553483
2023-12-20,0.006885332510344937,0.0010660149197513457
2023-12-21,0.0007220216920166442,-0.0015471132163719708
2023-12-22,0.0053986094767725385,0.0010394187474843187
2023-12-27,-0.006843174552825046,-0.0008003447870782009
2023-12-28,-0.00036146756222241443,0.0003294668441483767
2023-12-29,-0.001809300294549094,0.0009433262456059774
2024-01-02,-0.006540720992551193,-0.0011283425025456315
2024-01-03,-0.00036463081534347574,0.0006112920641372411
2024-01-04,0.002913330538357307,-0.000637585341647312
2024-01-05,0.00977029664618248,-0.001089244971167737
2024-01-08,-0.002162942443821115,-0.000634962012556162
2024-01-09,0.003242661821704435,0.0011580098387890207
2024-01-10,0.001078554841207844,0.0010087892157588443
2024-01-11,0.0017950103545238145,0.0008837983341184515
2024-01-12,0.003222921321545174,0.001104959794758758
2024-01-15,-0.006456263459456018,-0.00035217305117306655
2024-01-16,-0.007585371389256612,0.0013637512704772193
2024-01-17,0.005784542521529858,0.0014302521677456402
2024-01-18,0.005034171005637659,0.00016682254276463365
2024-01-19,0.005365779284373768,2.3220750581457242e-05
2024-01-22,0.0010697094976179606,-0.0006042558658817636
2024-01-23,0.005685871750353147,0.0014051904001097992
2024-01-24,0.0007084662003734174,0.00157484634354279
2024-01-25,-0.0007084662003734228,0.0016196413511200434
2024-01-26,0.004948755239258827,0.001094464712463156
2024-01-29,-0.0017646025401185698,-0.0012894147657534615
2024-01-30,-0.009226467155102856,0.0013876659984348111
2024-01-31,0.006750780656335841,0.001535521735706742
2024-02-01,0.0056497325421191276,-0.0002502867674700109
2024-02-02,-0.0010568963464003187,-4.347143014824927e-05
2024-02-05,0.0010568963464002538,0.0002024403061151557
2024-02-06,0.0028129413766146577,0.0009729835703502351
2024-02-07,-0.0007024938820686669,0.0014941467279679394
2024-02-08,0.004907125164100696,0.0010835387673999598
2024-02-09,0.0019212301778938723,-0.00043702873900368193
2024-02-12,-0.010700917829939649,-5.3839563512700014e-05
2024-02-13,0.009828088936262473,0.0007043649247884799
2024-02-14,0.006267429986413351,-0.0009064974188039516
2024-02-15,0.0,0.00019531375893853432
2024-02-16,-0.0006944444723525925,7.340716029896784e-05
2024-02-20,-0.0010425717712384877,-0.0007785436408316009
2024-02-21,0.012783038118497158,0.001563382327236026
2024-02-22,0.0034270081518113543,-0.0019059748557650148
2024-02-23,-0.003083778356095834,-0.00021657086531634215
2024-02-26,0.00342583411451901,-1.0347995824666611e-05
2024-02-27,-0.001368925607341621,-0.00046436609093103345
2024-02-28,0.004442173715123655,0.002395115671870958
2024-02-29,0.009163478340655068,-0.0006576461337365813
2024-03-01,0.0,-0.0014821127291390346
2024-03-04,-0.006099646156723222,0.00038201824068547115
2024-03-05,0.0027155481724826097,0.0014963505272009622
2024-03-06,0.006420025429894303,0.0010147120839231038
2024-03-07,-0.0016854883477823005,0.0004581896672098476
2024-03-08,-0.0023644665635003392,0.0002505431170231019
2024-03-11,0.00774805964697291,0.0005610075276894578
2024-03-12,-0.0010072184836737875,0.00047017895062157443
2024-03-13,-0.002017485553168713,0.002130750796907989
2024-03-14,-0.0006734006988477839,0.0009427920733928053
2024-03-15,0.013050210305970564,0.0006082910557211347
2024-03-18,-0.007005866853620545,-0.0023720895676720716
2024-03-19,0.00534224976722056,0.0020183759191172283
2024-03-20,0.004982571344463873,-0.000330125375781397
2024-03-21,-0.001658100197493049,0.0001251268626337801
2024-03-22,-0.0036575269368939144,0.0013393000672726144
2024-03-25,-0.0013333335308642164,0.0004414799878464208
2024-03-26,0.007642502724128927,0.0010978096369324746
2024-03-27,-0.0006622516798331541,-0.0003227214524357848
2024-03-28,0.0029766848505005865,0.0006146609936228961
2024-04-01,-0.00995693589479645,-0.0005221360679540125
2024-04-02,0.0006668889877037743,0.002170673274131803
2024-04-03,-0.007024614936964466,0.001137394409062682
2024-04-04,0.010020123916763003,0.0014555697327740707
2024-04-05,0.0013284625002560006,-0.001172794592099294
2024-04-08,0.0016581001974930473,0.00012847091005770183
2024-04-09,-0.004982571344463939,0.0013369504213193144
2024-04-10,0.003324471146970846,0.002344078303293944
2024-04-11,-0.0090015610311655,0.001563264773997047
2024-04-12,-0.008069983271391514,0.0014229880999757586
2024-04-15,-0.0037206198848046376,0.000545091464390416
2024-04-16,-0.004074708524022124,0.00045832050232993884
2024-04-17,-0.0020435974414663976,0.0012742344855332871
2024-04-18,-0.0034153038662050415,0.0013481404984800015
2024-04-19,0.005458901307671431,0.0021104536720870136
2024-04-22,0.008132881154647767,0.0009997036252717985
2024-04-23,0.0003374388424122416,0.00044411631789871466
2024-04-24,-0.005073577600701339,0.001922563511900633
2024-04-25,0.007768997022373448,0.001676854035426522
2024-04-26,0.0033590894870339444,0.00035439438725612805
2024-04-29,-0.008418975472206472,0.0007350890905959131
2024-04-30,-0.002031144909537732,0.0014750430734021172
2024-05-01,0.005744229344331565,0.0005724958171484727
2024-05-02,0.00972346302939205,0.0003822625061508125
2024-05-03,0.008968669982760316,-0.0006097540736582896
2024-05-06,0.005277057100843819,-0.000823158781067485
2024-05-07,-0.0009873293545185756,0.0007691290066283284
2024-05-08,0.0026307150982485847,0.0022360758889263446
2024-05-09,0.0,0.0014472359739205872
2024-05-10,-0.0009857073247591882,0.0005777019176297334
2024-05-13,0.003937012959339599,-0.0011461162919313168
2024-05-14,0.007502889543464102,-0.0012109895921575218
2024-05-15,-0.001626281054479031,0.00026284812218001913
2024-05-16,0.0026007817000574403,0.0016696077670376374
2024-05-17,0.002594035177046528,0.0015298618548874208
2024-05-21,-0.0032435967458421546,0.0011601180021728885
2024-05-22,-0.004558783538342672,0.0010906016955860567
2024-05-23,0.003258393238059075,0.0007785939556681099
2024-05-24,0.006485107034470327,0.0006310343008244738
2024-05-27,-0.009417182762699735,0.00010965449150005403
2024-05-28,-0.007861160692947077,0.0015679721062231994
2024-05-29,0.0003287851418735406,0.0015972452483720859
2024-05-30,0.0052459136697693256,0.0006241446638357294
2024-05-31,-0.0003270645981730432,-0.00035757962991559995
2024-06-03,-0.0006544502851388419,-0.0008765491114083373
2024-06-04,0.010096161317410321,0.0007710106124241074
2024-06-05,0.0,-0.0008321571260595179
2024-06-06,-0.0006482982398860706,0.0016983651562817604
2024-06-07,0.002914038001849498,-0.00014102400230608676
2024-06-10,-0.005186397363027775,-0.0008370539139983327
2024-06-11,0.006801645654772245,0.0013641602644303332
2024-06-12,-0.005502522380146066,-0.0013370227026160428
2024-06-13,-0.004554334482416332,0.0011874927940296667
2024-06-14,0.004554334482416326,0.0007818391092065942
2024-06-17,0.0019455259054913527,-0.0010856510027857564
2024-06-18,0.000971345389631659,0.0012665126202171966
2024-06-19,-0.003566221967290786,0.0008967269318283363
2024-06-20,-0.0022760536569376294,0.0006731334837145769
2024-06-21,0.0016262810544791155,0.0018319198739448522
2024-06-24,-0.005540180375615356,0.0007651641901864667
2024-06-25,0.001306335914055457,0.0020055210957075206
2024-06-26,0.002281989580340392,0.00016330336192813894
2024-06-27,-0.002281989580340409,0.0009756490365956995
2024-06-28,0.0048836170640183,0.002357006234130625
2024-07-02,0.0077645165238799056,0.00017521306882098756
2024-07-03,0.0019317456103736417,0.000743983538433796
2024-07-04,-0.0009654063501214423,0.0014945682402489483
2024-07-05,0.000643707778905692,0.001553681010553587
2024-07-08,-0.0028999536997898717,0.0014828682871077304
2024-07-09,0.01154969527927301,0.0016768040643405208
2024-07-10,0.002230365748545504,-0.001323939485411472
2024-07-11,0.006028893400051166,0.00027821301790332924
2024-07-12,0.0031585623227297238,-0.00011760486119404608
2024-07-15,0.00754009227328786,0.0006892855984104163
2024-07-16,-0.008486613877318694,0.0005124817310301587
2024-07-17,-0.006650855869909686,0.0011320422322012727
2024-07-18,-0.005736153395524746,0.0005999940211798595
2024-07-19,0.01207130286975784,0.0006170309050855622
2024-07-22,-0.002054524626286413,-0.00218653719989093
2024-07-23,-0.012897241108825461,-0.0004541889315327237
2024-07-24,-0.0035318707447742157,0.001496970882575699
2024-07-25,0.011830673559469332,0.0012719069530620834
2024-07-26,-0.0012722648026566544,-0.0005588043955946803
2024-07-29,-0.00063673991326754,9.536089703349876e-06
2024-07-30,0.011084832424492914,-0.0008036574731815817
2024-07-31,-0.014594167657909867,-0.0015229945173984181
2024-08-01,-0.020339684237122672,0.0030569980666924233
2024-08-02,-0.02209488068275043,0.0015761207517751528
2024-08-06,-0.0053493942342606,0.0010492928764116068
2024-08-07,0.01958568830448971,-0.0007482812581582135
2024-08-08,0.0036095199156397357,-0.00585498476197002
2024-08-09,0.000654878870817857,-0.0009528083280745505
2024-08-12,0.013331363103922064,0.0006570771246998874
2024-08-13,0.004190175349136011,0.0002369824968497798
2024-08-14,0.014687364916559649,0.001695633068715647
2024-08-15,0.0006337135826780587,-0.0042635086754836725
2024-08-16,0.006629858538669582,-0.0021085393132486197
2024-08-19,-0.004099012518384807,-0.0013026967849387562
2024-08-20,0.0037842996912396273,0.002013196083681683
2024-08-21,-0.005681833467430946,0.0018848313930022115
2024-08-22,0.007882746162188396,0.0016631142005254335
2024-08-23,-0.0028306356374815603,-6.037342618116139e-05
2024-08-26,-0.0015760444554657658,0.0019079526685424138
2024-08-27,-0.0034760660692411058,0.0025561027501876904
2024-08-28,0.0018975337761914111,0.0027970677367174708
2024-08-29,0.005828164878803611,0.0029028337928247165
2024-08-30,-0.013758420554780998,0.001337681332743134
2024-09-03,-0.0038289772370972393,0.0029693921351254195
2024-09-04,-0.003041705699024509,0.0015531681869737628
2024-09-05,-0.011773380086116239,0.0014967883328585718
2024-09-06,0.010329336513882513,0.001665715692464532
2024-09-09,0.0028860048891348514,-0.002641020067919392
2024-09-10,0.006701796266018632,0.0005798895764286079
2024-09-11,0.009811757777694897,-0.0002447966283428017
2024-09-12,0.005340047242907371,-0.0007278169079147103
2024-09-13,0.004376374599799003,0.00047622452674894934
2024-09-16,-0.0009361835603401133,-0.0015757094670009063
2024-09-17,-0.0009370608213402455,0.000419359280740833
2024-09-18,0.0121138303835114,-0.0005931699880537828
2024-09-19,-0.0027825029546271916,-0.002672679751272253
2024-09-20,0.0,0.0007375921584333687
2024-09-23,-0.002169534401264355,0.0007170665276084248
2024-09-24,-0.0018633545764113483,0.001817014550657375
2024-09-25,0.0102057480847567,0.0021770968873339076
2024-09-26,-0.0003077396546827899,-0.0008244514848842813
2024-09-27,0.00030773965468286355,0.001748775282154884
2024-09-30,-0.006172859107081079,0.000786757396856906
2024-10-01,0.0009283615087309137,0.0009010575303722709
2024-10-02,-0.0012380069671578565,0.0018665329200192964
2024-10-03,0.00894101840371514,0.00012103602463724514
2024-10-04,-0.0036900410874537957,-0.0008416102315592833
2024-10-07,0.003690041087453742,0.00011690861137285733
2024-10-08,0.008253141756720482,0.00045237410732753533
2024-10-09,0.0015209128407065232,0.0005940680993769371
2024-10-10,0.007268354227090624,0.00043004993917406263
2024-10-11,-0.0027194457007217107,-0.0011663139625795657
2024-10-15,0.003021150334176251,3.256485159621364e-05
2024-10-16,0.004214334955062046,0.0006418544960829769
2024-10-17,0.0047947349873040295,0.00018079809885876284
2024-10-18,-0.004494389587839438,0.00044154282763525103
2024-10-21,-0.002104314619895284,0.000197994787787516
2024-10-22,-0.007551765235050106,0.0012847241134033643
2024-10-23,0.0027252098622487825,0.0010217233729104833
2024-10-24,0.000604594939819473,0.0008022570744252897
2024-10-25,0.005124351831260564,0.0009220284202945295
2024-10-28,-0.00030070666291838406,0.0008533556239685134
2024-10-29,-0.004219415542708211,0.0019213913106713076
2024-10-30,-0.011848839824608605,0.002871927914852248
2024-10-31,0.0054861460367798855,0.001617589370313475
2024-11-01,-0.00426439878645754,0.0001764606386583845
2024-11-04,0.006693058146584145,-0.00010615964994029379
2024-11-05,0.01743356446755274,-0.0006494151113359435
2024-11-06,0.0059417881287508224,-0.00236625620717529
2024-11-07,-0.00029625240921743435,0.0003192002053112053
2024-11-08,0.002071926151895453,0.0010179462009623195
2024-11-11,-0.005039287379697447,0.0006376300498745146
2024-11-12,0.0020780770429178886,0.00039527851652275343
2024-11-13,0.0,-0.0015215439086316786
2024-11-14,-0.006247231384435739,-0.0003221726600462404
2024-11-15,0.0,0.0005860478515564093
2024-11-18,0.000298373864663389,0.0010528121665549853
2024-11-19,0.00029828486425476227,0.002284743643879113
2024-11-20,0.006836109249619044,0.0020565240500759244
2024-11-21,0.004433286409790919,0.000763130261524252
2024-11-22,0.002944642881556925,0.001974591323889501
2024-11-25,0.004986078668340752,0.0016805041215875807
2024-11-26,-0.0020500812568905,0.002018879659596401
2024-11-27,0.00991840102911328,0.0026797499114466984
2024-11-28,0.0005803830691063254,-0.0010030316032622825
2024-11-29,-0.00029014942899043087,0.0011738915364728714
2024-12-02,0.0028977128360713703,0.00047405026432731134
2024-12-03,0.003033588458598844,0.00030205247305359714
2024-12-04,-0.0007214487002193015,0.00189999540606387
2024-12-05,0.00747774551414705,0.0013255434108746759
2024-12-06,-0.002294894868338402,0.00039971855746299907
2024-12-09,-0.005182850645808573,0.000692343631971071
2024-12-10,0.006330956397640503,0.0014940419807827957
2024-12-11,-0.004600353139061283,0.0005176427665975795
2024-12-12,-0.0011534026653536183,0.002318673220808127
2024-12-13,0.0005768676248810656,0.0006651378779016805
2024-12-16,-0.0005768676248811643,0.00023248112523127623
2024-12-17,-0.020992024481379754,0.001548932607493487
2024-12-18,-0.004429359079881627,0.0020455414899758586
2024-12-19,0.006489698292905393,-0.0004593044504685387
2024-12-20,0.0055710450494554295,-0.001535461762862317
2024-12-23,0.006993035490970384,-0.0009469218967524372
2024-12-24,-0.0031990720899293928,0.00015136489933025233
2024-12-27,-0.019709418706940776,0.0018146647232069062
2024-12-30,0.0005940006114662289,0.0032782512356919033
2024-12-31,0.0011869437595286225,-0.00010250214314817791
2025-01-02,0.011792589489823624,-0.002402281893849698
2025-01-03,-0.0020536900279570177,-0.004159988514825232
2025-01-06,-0.004710046976561285,-0.0005292432518317852
2025-01-07,0.0017688683857451637,0.002677207809847858
2025-01-08,0.0023536345081092173,0.001448298653536356
2025-01-09,-0.013907606913808856,0.0015955815888262837
2025-01-10,-0.004180358431757826,0.0003462657370345293
2025-01-13,0.0005982650492530659,-0.00043597295010175456
2025-01-14,0.013072081567352921,0.0020695459436615633
2025-01-15,0.004417618728960614,-0.0002951050161826686
2025-01-16,0.01139530227057904,0.0011382951156566287
2025-01-17,0.012989069904166218,0.0006056998901201483
2025-01-20,-0.007195310939496602,-0.00023320237098664918
2025-01-21,0.004610959178073887,0.0025024330909753814
2025-01-22,0.004160396216888417,-0.0007605649164992886
2025-01-23,-0.00014317417162389073,-0.001162702050977628
2025-01-24,-0.007762005335489301,-3.4481751135671183e-06
2025-01-27,0.00632913505164753,0.00021978912861950244
2025-01-28,0.0,-3.0492621998194018e-05
2025-01-29,0.011972776999618875,0.0006028984713026921
2025-01-30,-0.004828868920262841,-0.0011142276114499041
2025-01-31,-0.007430728675041014,0.0011288859088722598
2025-02-03,-0.005753755804414976,0.0004466502177947014
2025-02-04,0.007043801134904919,0.0015724738886460357
2025-02-05,0.0015744653649698652,0.0005845785939510935
2025-02-06,-0.008329791090402577,-8.239180189498462e-05
2025-02-07,0.008901709893523782,0.0015638292843762113
2025-02-10,-0.0011441648845455247,1.0302372229499892e-05
2025-02-11,-0.0014320495072277254,0.002408554442817216
2025-02-12,0.004575358281916171,0.0012849724062843962
2025-02-13,-0.0022850624053145797,-0.00045242035082153587
2025-02-14,0.005276304575840262,0.0012305276298043436
2025-02-18,0.0001422171658514417,-0.0005020543875381034
2025-02-19,-0.004703878675473196,0.0010979009995302034
2025-02-20,-0.00990746850559072,0.0011336444452955674
2025-02-21,-0.0017331026868347415,0.0014281571572973318
2025-02-24,0.0023101367478547694,0.0011783916890904503
2025-02-25,0.003742627083496455,0.00047285320963773157
2025-02-26,-0.006631132846895398,0.0004722915843794988
2025-02-27,0.010073477037868397,0.0023798876392267616
2025-02-28,-0.008050647277167132,-0.0001558247152459986
2025-03-03,-0.011030590798260654,0.0027977136717484675
2025-03-04,0.00871845103988125,0.0011832373270552557
2025-03-05,-0.014573268701312618,-0.0015594391194620105
2025-03-06,0.009351324720161008,0.0017286606586643428
2025-03-07,-0.02027394253624184,-0.0019099033622398192
2025-03-10,-0.005655618587440706,0.0021630418173510155
2025-03-11,0.0038730869211574905,0.0012355245870677653
2025-03-12,-0.007761232988895781,-0.0010831447884147502
2025-03-13,0.015757721623121956,0.002660711421992364
2025-03-14,0.005295687574710503,-0.0034209455938180107
2025-03-17,-0.006033422761249951,-0.0005538217287176731
2025-03-18,0.011593056686652644,0.0029233047724539635
2025-03-19,-0.004386613263039297,-0.0013187196261623484
2025-03-20,-0.00029312619292389826,0.002634962896306954
2025-03-21,0.009337680919878015,-0.0013967135156345298
2025-03-24,0.00029040220909763194,-0.0012961460371401195
2025-03-25,-0.013005224581107125,0.001465938120826696
2025-03-26,0.0004411440406810907,0.001604666789914727
2025-03-27,-0.015407712212990806,0.0014938317102043375
2025-03-28,0.0047661692846235676,0.0024868409788793224
2025-03-31,-0.0008919281102672588,-0.0013079193610988167
2025-04-01,0.007703741803384204,0.0007302680865251996
2025-04-02,-0.049616952145426066,0.0005031306919793341
2025-04-03,-0.051881164681106484,0.005258425902328696
2025-04-04,-0.012822796112727687,0.006761457530202891
2025-04-07,-0.010979980548746913,-0.0007767726237325283
2025-04-08,0.06789937766558,-0.00041315876297132414
2025-04-09,-0.0362866036100297,-0.01749448217841475
2025-04-10,0.016077516727532843,0.003976282043127837
2025-04-11,0.00952388151125532,-0.0008420594195491643
2025-04-14,0.00849462399142302,-0.000797712238487299
2025-04-15,-0.01546992177213189,-0.0018970999127335762
2025-04-16,0.004444451760423976,-0.009198000041709896
2025-04-17,-0.014677991660354623,-0.0059310566845127205
2025-04-21,0.01910277764071044,-0.0004538549016889169
2025-04-22,0.014091355760509485,-0.005304803046374938
2025-04-23,0.013588844061896579,-0.0033101096541325085
2025-04-24,0.0036742233618843254,-0.0016626084130778264
2025-04-25,0.0009164503467146166,0.0036439107481590974
2025-04-28,0.005481134307012016,0.00528161554944606
2025-04-29,-0.003650749415262563,0.0023323216045294504
2025-04-30,0.005167970158442377,0.0023462136241392526
2025-05-01,0.013402805856553984,0.0019033700225420116
2025-05-02,-0.002846230668358469,0.00022488846599480412
2025-05-05,-0.005867766779458166,0.00443850988228188
2025-05-06,0.005267526665398168,0.0038964150206335377
2025-05-07,0.009263475774881179,0.002537123621938838
2025-05-08,0.002079929437992027,0.0001403847951083539
2025-05-09,0.02143673336493198,-0.0006799304725303302
2025-05-12,0.002611346326518598,-0.004999530291372155
2025-05-13,0.0014478068259428454,-0.000525139281379279
2025-05-14,0.00577035646133636,0.0007383720994103241
2025-05-15,0.005737250390143593,-0.0010526373366565526
2025-05-16,0.0,-0.0008143154408480804
2025-05-20,-0.01382510499184243,-0.003278695599701412
2025-05-21,-0.001160766235962276,7.928812052556056e-05
2025-05-22,-0.008748962193235425,-0.0006347198325444756
2025-05-23,0.015405042330637565,7.991249141851679e-06
2025-05-26,0.006038839343846888,-0.002278094275769299
2025-05-27,-0.0045977092486295425,-0.0008236824462797526
2025-05-28,0.000575871020809439,0.0021888859706008664
2025-05-29,-0.0040380787492802685,0.001056463900786905
2025-05-30,0.004901263956091581,0.00266758948152821
2025-06-02,0.0028719146677895165,-0.0011204796742809474
2025-06-03,-0.0008607087032575666,-0.0010103693364915164
2025-06-04,-0.0034502621921527815,0.0013881118833889443
2025-06-05,0.008460651315331611,0.0009030553125184114
2025-06-06,-0.0004284796180673653,0.0010289360549629756
2025-06-09,0.0034227072775021385,0.0013151615333199852
2025-06-10,-0.0011396012629335626,0.000484679762476145
2025-06-11,0.0011396012629335743,0.0010950658993781287
2025-06-12,-0.011454878974766478,0.0020023802414301235
2025-06-13,0.005743841179252093,0.001358966974040828
2025-06-16,-0.004017222045264469,0.00036368322616278284
2025-06-17,0.004303549892603539,0.001962294039664348
2025-06-18,-0.0014324597779615973,0.0010751289454153652
2025-06-19,-0.0011474470564767983,0.0022928889535549033
2025-06-20,0.008004616782613598,0.0024892431679873197
2025-06-23,0.009634531879146103,-0.0004322127769583745
2025-06-24,-0.01105923649397511,0.00019259449461653976
2025-06-25,0.003984069014874513,0.0019197381233793805
2025-06-26,0.007920833491444058,-2.64681262402957e-05
2025-06-27,-0.0005636978728747042,0.0005196485190154976
2025-06-30,0.001690141247405221,0.00046072958873134476
2025-07-02,0.006172859107081016,-0.0007894923891415713
2025-07-03,0.0013976242666379351,0.0004710132889172638
2025-07-04,-0.005040615545139051,0.0003311495833168831
2025-07-07,0.0016830298502931785,0.00012677648119137857
2025-07-08,0.005589729478786812,0.0010462827502952974
2025-07-09,0.0011142062434035577,8.766601778475064e-05
2025-07-10,-0.003625718656064464,0.0016336450032683862
2025-07-11,0.0032080367843464828,0.0016702560657811422
2025-07-14,-0.004326292422264218,0.0015166527682762678
2025-07-15,0.0015372793188863979,0.0022937222832387165
2025-07-16,0.009035996700645865,0.00047676593457898097
2025-07-17,-0.002632856783144621,0.00019032497094567522
2025-07-18,0.0,0.0023551977216429263
2025-07-21,-0.0018054306688717408,0.001639091664922766
2025-07-22,0.009407927718712007,0.0015575671699585168
2025-07-23,0.0008258775417807771,0.0009106093268986418
2025-07-24,0.005488487981835521,0.000729132849525356
2025-07-25,-0.003838776307165713,0.0003885547535933574
2025-07-28,0.0016469946078219973,0.0008508140234938634
2025-07-29,-0.0005486968587594838,0.00197782644288935
2025-07-30,-0.0044004471448215975,0.0007635035082750182
2025-07-31,-0.013877547166362745,0.001106174705652991
2025-08-01,0.013326127246131872,0.00032659101661198223
2025-08-05,0.005774799493883958,-0.0014389823998420578
2025-08-06,0.0008222557678569557,0.00043508211272359055
2025-08-07,0.004646721494788816,0.0003880626574893985
2025-08-08,-0.0005455537505742054,0.00030861889807416314
2025-08-11,0.010584981445318154,0.002208814827201364
2025-08-12,0.0037725725153194283,-0.0008398285742948388
2025-08-13,0.000806560065233166,-0.0002793908754376605
2025-08-14,0.0,-0.0001530947672917571
2025-08-15,0.0,-2.508645380242387e-05
2025-08-18,-0.0005376344215525309,0.002438497980968309
2025-08-19,0.00026885334212223554,0.0017749417563130267
2025-08-20,0.0005374899350037816,0.0007407687988258366
2025-08-21,0.010689572658779654,0.0013729628043380887
2025-08-22,-0.0053305030269407,-4.988917871060177e-06
