date,y,yhat_cv
2019-10-01,-0.012917741288949321,
2019-10-02,0.0,
2019-10-03,0.0,
2019-10-04,0.01734803997990166,
2019-10-07,-0.010369706809921204,
2019-10-08,0.0,
2019-10-09,0.0,
2019-10-10,0.014785327515914173,
2019-10-11,0.0,
2019-10-15,0.0,
2019-10-16,0.0,
2019-10-17,-0.0004912845730881573,
2019-10-18,0.0,
2019-10-21,0.0,
2019-10-22,0.0009774672706715788,
2019-10-23,0.0,
2019-10-24,0.005366309914793792,
2019-10-25,0.0029158621239751387,
2019-10-28,0.0,
2019-10-29,0.0,
2019-10-30,0.003387925106608971,
2019-10-31,0.005781982791258617,
2019-11-01,0.010515034223034446,
2019-11-04,0.0,
2019-11-05,0.004743680855839312,
2019-11-06,0.0,
2019-11-07,0.0,
2019-11-08,0.0,
2019-11-11,0.0033109891585422716,
2019-11-12,0.0,
2019-11-13,0.0,
2019-11-14,0.0,
2019-11-15,0.006579954950079043,
2019-11-18,0.00047033951462772207,
2019-11-19,0.0037408584389504937,
2019-11-20,-0.0023358149399149296,
2019-11-21,0.0,
2019-11-22,0.0,
2019-11-25,0.0046661865605137675,
2019-11-26,0.0,
2019-11-27,0.0,
2019-11-28,0.0,
2019-11-29,0.00417918913319405,
2019-12-02,-0.01589041826907289,
2019-12-03,0.0037619767383680167,
2019-12-04,-0.004703514793828656,
2019-12-05,0.012185275230861338,
2019-12-06,-0.0013991523976322297,
2019-12-09,0.0,
2019-12-10,0.0,
2019-12-11,0.0,
2019-12-12,0.0,
2019-12-13,0.0,
2019-12-16,0.0,
2019-12-17,0.0,
2019-12-18,0.010671022766923586,
2019-12-19,0.007813146575440551,
2019-12-20,0.0,
2019-12-23,0.0009189379180818255,
2019-12-24,0.00045460745429923017,
2019-12-27,-0.01520454276897617,
2019-12-30,-0.004653171945769074,
2019-12-31,0.006045833491304323,
2020-01-02,-0.0009266879868698811,
2020-01-03,-0.003719993106802221,
2020-01-06,0.006037405830034374,
2020-01-07,0.004156024286929966,
2020-01-08,0.005976359152238349,
2020-01-09,-0.0032121944896945226,
2020-01-10,0.003672189715677165,
2020-01-13,0.0032004391549368713,
2020-01-14,-0.0004585250555317676,
2020-01-15,0.005921918834327794,
2020-01-16,0.004530886183108854,
2020-01-17,0.008555206526619936,
2020-01-20,-0.01036329754966608,
2020-01-21,0.0045185940803940915,
2020-01-22,-0.0009011897659076757,
2020-01-23,-0.0054332804327387515,
2020-01-24,-0.010946813286146637,
2020-01-27,0.005946282920627062,
2020-01-28,0.0018204465573184053,
2020-01-29,-0.0031902290124050546,
2020-01-30,-0.011480763084309663,
2020-01-31,0.010568045597807931,
2020-02-03,0.012263167330152255,
2020-02-04,0.00943759279923207,
2020-02-05,0.0035721851588829154,
2020-02-06,-0.006711136299766168,
2020-02-07,0.004924420034179724,
2020-02-10,0.0035658241717053747,
2020-02-11,0.003553154235070976,
2020-02-12,-0.002664785835265096,
2020-02-13,-0.0013350605633633825,
2020-02-14,-0.0008895557455093411,
2020-02-18,0.0031121962106896743,
2020-02-19,-0.0022226404651802716,
2020-02-20,-0.00894029505172318,
2020-02-21,-0.025926390109797744,
2020-02-24,-0.02567140210773903,
2020-02-25,-0.0014203345346758733,
2020-02-26,-0.014788182191707447,
2020-02-27,-0.030244138006787897,
2020-02-28,0.021556169442087533,
2020-03-02,-0.006807187341795256,
2020-03-03,0.02886098334360874,
2020-03-04,-0.028375986704828535,
2020-03-05,-0.01276065907659816,
2020-03-06,-0.06955710103386245,
2020-03-09,0.037423998741148726,
2020-03-10,-0.047004333820386233,
2020-03-11,-0.09648825706872705,
2020-03-12,0.027876510344769595,
2020-03-13,-0.0589771416009008,
2020-03-16,0.04745669903774038,
2020-03-17,-0.05538689701754625,
2020-03-18,0.017599831642462226,
2020-03-19,-0.023742124571777882,
2020-03-20,-0.023692225099763372,
2020-03-23,0.07649314041733053,
2020-03-24,0.03333632503051708,
2020-03-25,0.017373819918129366,
2020-03-26,-0.0396694379571861,
2020-03-27,0.03465376040282592,
2020-03-30,-0.007845056588099596,
2020-03-31,-0.03551673018433108,
2020-04-01,0.019059677398615825,
2020-04-02,-0.020811580575480434,
2020-04-03,0.05952803624267837,
2020-04-06,-0.0038587019294682966,
2020-04-07,0.027248609062565276,
2020-04-08,0.012290360781676423,
2020-04-09,-0.015523404851201624,
2020-04-13,0.024509654968090416,
2020-04-14,-0.015914867802918786,
2020-04-15,0.0037351288377580516,
2020-04-16,0.022650657363322134,
2020-04-17,-0.0041762595295604275,
2020-04-20,-0.023816097998786517,
2020-04-21,0.020676328949323954,
2020-04-22,-0.008431753157937878,
2020-04-23,0.01314031295017491,
2020-04-24,0.012969882218400484,
2020-04-27,0.0005173610603998928,
2020-04-28,0.022412766920421594,
2020-04-29,-0.015741839211026416,
2020-04-30,-0.017027953566896094,
2020-05-01,0.005706547039549922,
2020-05-04,0.0056792828601209275,
2020-05-05,-0.0005168289334554433,
2020-05-06,0.002060607099623691,
2020-05-07,0.0127645649737127,
2020-05-08,0.007075619738370988,
2020-05-11,-0.0167648519962921,
2020-05-12,-0.013405610596030756,
2020-05-13,-0.0010430544883044694,
2020-05-14,0.00776576023838376,
2020-05-15,0.014337692201718965,
2020-05-19,0.01213006693582861,
2020-05-20,-0.0035208838573063607,
2020-05-21,0.00201202276095406,
2020-05-22,0.02090496067989637,
2020-05-25,-0.012887189086312995,
2020-05-26,0.00943405552007856,
2020-05-27,0.001482776500118198,
2020-05-28,0.0,
2020-05-29,-0.0009866363131480166,
2020-06-01,0.006890976046286649,
2020-06-02,0.01751148252681251,
2020-06-03,-0.006775774610066245,
2020-06-04,0.018278862962360733,
2020-06-05,0.0075990000869405475,
2020-06-08,-0.0023679012309074585,
2020-06-09,-0.00904760749492848,
2020-06-10,-0.03903277483606189,
2020-06-11,0.010395160254821666,
2020-06-12,0.003439552341028658,
2020-06-15,0.01413173855115324,
2020-06-16,-0.0009718688068606397,
2020-06-17,0.0014526426697160696,
2020-06-18,-0.0014526426697160483,
2020-06-19,0.0014526426697160696,
2020-06-22,0.006267329884018496,
2020-06-23,-0.025798518209815016,
2020-06-24,0.01078835894209968,
2020-06-25,-0.016968456342373595,
2020-06-26,0.012078637428233082,
2020-06-29,0.004889818914140559,
2020-06-30,0.01164179949650096,
2020-07-02,-0.0009637907929647697,
2020-07-03,0.010560445541980556,
2020-07-06,-0.005268668442340192,
2020-07-07,0.0009634739224167535,
2020-07-08,-0.0009634739224168618,
2020-07-09,0.010032679403635648,
2020-07-10,-0.007635253937449791,
2020-07-13,0.01473898418379528,
2020-07-14,0.004240944043555523,
2020-07-15,-0.0014116505564849753,
2020-07-16,0.005160133874473102,
2020-07-17,0.004207267214163747,
2020-07-20,-0.004207267214163703,
2020-07-21,0.002338008088334252,
2020-07-22,-0.009853767397904138,
2020-07-23,-0.004727963426400873,
2020-07-24,0.006845000740650681,
2020-07-27,-0.004478224825282709,
2020-07-28,0.009876946820602698,
2020-07-29,0.0009395786541727784,
2020-07-30,-0.008455337963742544,
2020-07-31,0.010554569171628466,
2020-08-04,0.005819456498951723,
2020-08-05,0.004629467459010218,
2020-08-06,0.0029981593419558614,
2020-08-07,0.001609974871739631,
2020-08-10,-0.006920188949473874,
2020-08-11,0.010132383439168419,
2020-08-12,-0.004593321745485332,
2020-08-13,0.00046211250287616447,
2020-08-14,0.0025264017713874467,
2020-08-17,-0.0006892160782571166,
2020-08-18,-0.0018371856931301957,
2020-08-19,-0.0009244386524502044,
2020-08-20,-0.0009207112571789917,
2020-08-21,0.011233180233964938,
2020-08-24,0.0004575840097601314,
2020-08-25,0.006582297674910028,
2020-08-26,-0.0031728746066812838,
2020-08-27,0.002268009205559871,
2020-08-28,-0.007731402984355896,
2020-08-31,0.005919212127283687,
2020-09-01,0.01128383908988358,
2020-09-02,-0.02315750914756586,
2020-09-03,-0.010621746171586817,
2020-09-04,-0.008857757647208055,
2020-09-08,0.015797168216035537,
2020-09-09,-0.012524892693517415,
2020-09-10,0.002331462576553152,
2020-09-11,0.01019343011696428,
2020-09-14,0.005976359152238349,
2020-09-15,-0.003673882401443759,
2020-09-16,-0.006458501037724678,
2020-09-17,-0.00464020832495958,
2020-09-18,-0.009345515131818742,
2020-09-21,0.006085437966623339,
2020-09-22,-0.015519116330058286,
2020-09-23,-0.0028494348719184425,
2020-09-24,0.013453759533077484,
2020-09-25,0.013275156116717372,
2020-09-28,-0.0004600789576633348,
2020-09-29,-0.002317412723231972,
2020-09-30,0.0037062060300776817,
2020-10-01,-0.002083913910634722,
2020-10-02,0.011742731718486532,-0.0029987714845231004
2020-10-05,-0.0068915868277674795,0.006338837822459896
2020-10-06,0.011917213520055057,0.006181084638947974
2020-10-07,0.0031829737918987453,0.004556818984519005
2020-10-08,0.0020427910808551723,0.008246993773451219
2020-10-09,0.0033909161422614477,-0.0028158144869745703
2020-10-13,-0.004071382941686203,0.0020411895458328478
2020-10-14,0.0009056849241293749,0.0039032665120533098
2020-10-15,-0.0013610901637495728,0.0010234751471852215
2020-10-16,-0.010486396578106842,0.0007105512043715987
2020-10-19,0.0,-0.013230769136201984
2020-10-20,-0.002299638273036798,-0.0037400815259743155
2020-10-21,0.0036705153251469728,-0.0002631160926100792
2020-10-22,0.0036570918982730266,-0.0030364332840060637
2020-10-23,-0.013780159066927207,0.005259591481684839
2020-10-26,-0.0051025339848140795,0.0017303592026417466
2020-10-27,-0.023040889145867088,0.010758555980425293
2020-10-28,0.008527440790825494,-0.0030251280286496124
2020-10-29,-0.012104092644914298,0.0038950974835860225
2020-10-30,0.007847107543377866,-0.013090765027900577
2020-11-02,0.01598001162526998,0.00986933165029176
2020-11-03,0.01296958606663797,-0.00798558075062262
2020-11-04,0.015523046607884623,0.001610960686454824
2020-11-05,-0.0009056849241293956,-0.006125498320891224
2020-11-06,0.014406769034416398,-0.0006014974271448395
2020-11-09,0.003570600704174751,-0.006646071337782581
2020-11-10,0.010635938413424712,-0.004515865013722156
2020-11-11,-0.00707804155173878,-0.0022405648135614214
2020-11-12,0.012351709308727934,0.003465478610377991
2020-11-13,0.009165760260198975,-0.006691934509928812
2020-11-16,-0.00043621067507491445,-0.005867761878686138
2020-11-17,-0.007854028191087102,-0.004208077283958182
2020-11-18,0.005241423055156117,-0.005090606205658015
2020-11-19,-0.0004332098752958901,0.0007420225155916512
2020-11-20,0.004780892489113511,-0.005142991656844581
2020-11-23,0.009502298986085766,-0.0052225939341212
2020-11-24,-0.0008632331607310192,-0.002606555993329185
2020-11-25,0.009420945385846934,-0.0010373512956587888
2020-11-26,0.0017010980836843544,-0.004393622207248762
2020-11-27,-0.017594335882887464,-0.0033379597122243083
2020-11-30,0.009051231098538745,0.007526472321848816
2020-12-01,0.0008567501563028839,-0.0036323872381695244
2020-12-02,-0.0012875336985034022,0.003635246327757597
2020-12-03,0.0038576385130801244,-0.002150227321031871
2020-12-04,-0.00042930951962489786,-0.0051058858368720405
2020-12-07,0.004695372008044118,0.0020004529920518714
2020-12-08,-0.005550289216090165,-0.0031003702216045683
2020-12-09,-0.0017120301955636952,0.00452879484027004
2020-12-10,-0.0017192360248741835,-0.0015833108389153648
2020-12-11,-0.0034430803573935543,-0.004775206735680411
2020-12-14,0.0064444852546874775,-0.004533101894188903
2020-12-15,0.005129239780599448,-0.006734132980030052
2020-12-16,0.006791305070089711,0.00044105435165129654
2020-12-17,0.0004247686441620253,0.0043814764208209254
2020-12-18,-0.0025428915923387395,-0.00020005804346645225
2020-12-21,0.0029674798847048114,0.0011199009467184157
2020-12-22,0.0008444367457845616,-0.004241941446022659
2020-12-23,-0.00042422982971892896,0.002468680818199795
2020-12-24,0.0033762491153045177,0.00722324165319406
2020-12-29,-0.005491681832917159,-0.002440749877972173
2020-12-30,-0.0033948730008590065,0.009219770103237254
2020-12-31,-0.0008494651205274685,0.0024131016576179934
2021-01-04,0.002550450878123898,5.465382895687605e-05
2021-01-05,0.008867338593276295,-0.002429774529142312
2021-01-06,0.014198470075697951,0.0032675639820170153
2021-01-07,0.004137216532959662,-0.0033796172524303432
2021-01-08,-0.0012401905405019264,-0.0062085146532777575
2021-01-11,-0.00041099832069233796,-0.0008106570886446958
2021-01-12,-0.002279995884452444,-0.0020802682508505987
2021-01-13,-0.000206031787312993,-0.0018177027380401009
2021-01-14,-0.004572451456300024,-0.0006215103208559567
2021-01-15,0.009948322362128672,0.001508079532992538
2021-01-18,-0.003099517438120836,0.002682727395313808
2021-01-19,0.006802217681195351,0.0005775807851462356
2021-01-20,-0.004526931878309954,-0.006541231323628757
2021-01-21,0.00206135364132616,0.0032154095139972525
2021-01-22,0.0028779586372022154,-0.00040036992723192826
2021-01-25,-0.005768329571208686,-0.00027377357538409437
2021-01-26,-0.01707709026536756,0.003482757109898359
2021-01-27,0.010031499823667267,0.010028263877505328
2021-01-28,-0.019742840205187157,-0.006164088240048938
2021-01-29,0.022649494935531582,0.01720544455135592
2021-02-01,0.007029306645362112,-0.011049252743890684
2021-02-02,0.0012315045753518992,-0.0024808250816008197
2021-02-03,0.012672514908351713,0.0015060805246403287
2021-02-04,0.0004076912421017906,0.0054781416893721555
2021-02-05,0.005666216350302029,-0.003507575081478851
2021-02-08,0.0016159011361052385,0.0014341351713748514
2021-02-09,0.00040056399945947004,0.0012844873684631467
2021-02-10,0.001208730220129963,0.00012896471538212633
2021-02-11,0.004816382585578939,0.0012332280336557308
2021-02-12,0.00040197805581934225,0.0022234227601091905
2021-02-16,-0.0032083820025332888,-0.005159668730423773
2021-02-17,-0.005435840207056264,-0.000304988769421299
2021-02-18,-0.0018198732718769234,0.006919254606611516
2021-02-19,-0.006086230029960291,-0.0026972622217374116
2021-02-22,-0.0020370028689259564,0.007636902274030862
2021-02-23,0.004881047042599823,0.0013364242093717301
2021-02-24,-0.018016231741961306,-0.002293021464993146
2021-02-25,0.009048688398040237,0.017072014087474052
2021-02-26,0.007752542578879743,0.0008041741345541737
2021-03-01,-0.006117565092146255,0.0009120501218833816
2021-03-02,-0.007796205047455119,0.001315852470877036
2021-03-03,-0.013271384267259755,0.022013448508351175
2021-03-04,0.014094259422948145,0.0017848492710005306
2021-03-05,-0.0016464279925839608,-0.00223753592097722
2021-03-08,0.011071276698938278,-0.00298096807113644
2021-03-09,0.003258023988225393,-0.004972209344379049
2021-03-10,0.004865208910660722,-0.0008151987692572192
2021-03-11,-0.000808555445180208,0.003440431643186995
2021-03-12,0.004444996065658992,0.0008793160949215098
2021-03-15,-0.004038625293011664,0.0048818341246067804
2021-03-16,0.0016158014391975206,0.006450875279395038
2021-03-17,-0.006078825677325476,0.005697926183961756
2021-03-18,0.0012195320447323285,-0.001271014864015244
2021-03-19,0.0032434921933956217,0.0023768717513814
2021-03-22,-0.00813056939641421,0.005397860661097008
2021-03-23,-0.00449546740026053,-0.002227642446871224
2021-03-24,0.0012295217000173424,0.012974432762997288
2021-03-25,0.011798699769190278,-0.0007491578241265694
2021-03-26,-0.004457186621327621,0.008079443079345335
2021-03-29,0.0028394214399932696,0.006725868637734665
2021-03-30,-0.0016244206749517843,0.0026386318237758147
2021-03-31,0.010901006860628884,0.003965027793682866
2021-04-01,0.009191321493846832,0.002458816750898632
2021-04-05,0.0015881861278617402,0.0015844026878395006
2021-04-06,0.0031727603002810697,0.003525917040019782
2021-04-07,0.0019773845614520992,0.0038273539809085054
2021-04-08,0.0011853411598287448,-0.003552427371474027
2021-04-09,-0.000988995543791856,0.0012811979176176225
2021-04-12,0.002169015321576621,-0.0009256377634562483
2021-04-13,-0.0023653609376133792,-0.003154322339698029
2021-04-14,0.010217506949619464,-0.0005386159529601705
2021-04-15,0.001953440403391151,-0.004452158485642887
2021-04-16,-0.004888825161990235,-0.00401311081135525
2021-04-19,-0.004125634365529034,0.004927347568571825
2021-04-20,0.001177697444435476,0.006318025306426161
2021-04-21,-0.005123883870061289,0.0025787647380487748
2021-04-22,0.008266741926680794,0.001928705424819635
2021-04-23,-0.0015682422519850872,0.0046111523520798395
2021-04-26,-0.0011797521545215527,0.0013526142348069575
2021-04-27,-0.0015725610945483673,0.0035152075388750824
2021-04-28,-0.0023674123571821456,0.0057400383766504914
2021-04-29,-0.00713209953646678,0.003919444040068859
2021-04-30,0.003968118301979769,0.0020397181756036655
2021-05-03,-0.007154782149683085,-0.0054555963941047315
2021-05-04,0.0015965805673060704,0.010298721699136627
2021-05-05,-0.0015965805673060758,0.008511422553779714
2021-05-06,0.007945733083099012,0.001571714717126721
2021-05-07,-0.01194240122937577,0.009604932191896157
2021-05-10,-0.008442950641277484,0.00445322858621652
2021-05-11,-0.015466551000990572,0.013201523614119557
2021-05-12,0.011012559091957362,-0.013550534042546233
2021-05-13,0.011295386866674181,0.00754859391573999
2021-05-14,-0.0036189085319289853,0.0020017263470545918
2021-05-17,-0.002014841607323689,-0.006337279714368722
2021-05-18,-0.0008062721183845488,-0.0039896703599456755
2021-05-19,0.006440022257637267,-0.006792820647199373
2021-05-20,-0.0008017407376680823,0.004706478915109924
2021-05-21,0.006399964567581325,-0.0021289961844312183
2021-05-25,0.007154782149683043,0.007615513326696236
2021-05-26,-0.000791577032040902,0.01012120510288458
2021-05-27,0.0031664827982187567,0.0034561600211493932
2021-05-28,-0.0007896986001344472,0.0030493942503950675
2021-05-31,0.0035507012169038593,0.001698136929752403
2021-06-01,-0.0015756614569408512,0.00025599170475732976
2021-06-02,0.0007881410670668322,0.004803889499249459
2021-06-03,0.0062867609199222015,0.005013343832667726
2021-06-04,0.0015684507275635076,0.0024915193600499584
2021-06-07,0.002734035373619983,0.005647768199622608
2021-06-08,-0.0023452222983816945,0.005095710034089095
2021-06-09,0.0015653862572079654,0.0019262577919221197
2021-06-10,0.007389781948116172,0.002202527991729073
2021-06-11,0.0003890488575021016,0.0005057778462530055
2021-06-14,0.0019352896180878257,-0.0003195993195416218
2021-06-15,-0.00038829651732260316,-0.0028806153528167823
2021-06-16,0.0034777570146470216,0.0028577612713223425
2021-06-17,-0.007353596461685739,0.004354796203529114
2021-06-18,0.006583084416419959,0.00782420795912797
2021-06-21,0.0003834135353606013,0.006833317045689002
2021-06-22,-0.002314216185761646,0.002977045186436503
2021-06-23,0.0011558586224224864,0.003435292736460036
2021-06-24,0.0015454560732446284,0.006491948755731542
2021-06-25,0.0011565697892679193,0.006498837748659221
2021-06-28,0.0038430583912747707,0.0031269436782144946
2021-06-29,-0.0015377427216244108,0.0037776338303741382
2021-06-30,0.0019189506980619264,0.00398745938024889
2021-07-02,0.005162469221082739,0.0031677002111627785
2021-07-05,0.0013375850062818159,0.004856905342662445
2021-07-06,0.0028510731626777675,0.0017537864908898724
2021-07-07,-0.007816330430276911,-0.0018631186052605895
2021-07-08,0.008005106557453467,0.008916551191310785
2021-07-09,0.0018971079516666778,0.000619269624214464
2021-07-12,0.0003804967223353311,-0.001240240259298372
2021-07-13,-0.0018963855608717895,0.002372022876449505
2021-07-14,0.0022767375605165334,0.0010027972556824719
2021-07-15,-0.007224995341869345,-0.003029787082265751
2021-07-16,-0.007273755884982644,0.004182985946415643
2021-07-19,0.008800945263350896,0.0032725983492750744
2021-07-20,0.0034210684029844863,-0.0021851896680703605
2021-07-21,-0.0003812191131302032,0.0014498557787706702
2021-07-22,0.006438537432587921,0.0027001273955142386
2021-07-23,-0.0003789164909649783,0.005097508321947918
2021-07-26,-0.0007545087886587204,0.0003390800243862789
2021-07-27,0.00018774195299267574,0.005658148335781234
2021-07-28,-0.00018774195299262915,0.006289192615310804
2021-07-29,-0.004165661380722027,0.006416657555558007
2021-07-30,0.01112976708555723,0.0015167081947459237
2021-08-03,-0.0016907247456364267,0.003212057975569613
2021-08-04,0.0018771639073494495,0.00426127155357056
2021-08-05,0.0031827421878691895,0.0014529467507714566
2021-08-06,0.0007504690783741788,-0.001972626113740147
2021-08-09,-0.0018697882327725031,-0.0009589950849166152
2021-08-10,0.0026159835069677778,0.0033093881932387452
2021-08-11,0.0013054299573447862,0.001997155368452491
2021-08-12,0.0003742549683417037,0.0020914852744514287
2021-08-13,0.0014882222196570274,0.0017832174260632668
2021-08-16,-0.0037284296709372854,0.004175125351811853
2021-08-17,-0.004868580534777226,0.005726126788298922
2021-08-18,0.005989311576464401,0.0003802021733193228
2021-08-19,0.007062805278033202,0.002544809509026939
2021-08-20,-0.0014816018749901109,0.004225201091173212
2021-08-23,0.0011132492542324983,0.002956533130582282
2021-08-24,0.0018514399954475606,0.006302942709730444
2021-08-25,0.0,0.000554472383595662
2021-08-26,0.005164406495866339,0.005288829195550743
2021-08-27,0.0007350776825330048,0.005618197035893633
2021-08-30,0.0,3.410622036148862e-05
2021-08-31,0.005137743734636381,0.007485101373611539
2021-09-01,-0.0010989851869749288,0.005587133895558699
2021-09-02,0.00018203463805348065,0.0027535570193669414
2021-09-03,0.005478272202793569,0.0018507839239673926
2021-09-07,-0.0023705970214414254,0.00275444533896956
2021-09-08,-0.004021823602914197,0.003235684081047844
2021-09-09,-0.0036722875133258946,0.0032518775481354964
2021-09-10,0.0018378294676633191,0.0007136699630642847
2021-09-13,-0.0033127263001290963,0.0015984830489246806
2021-09-14,0.0025750773218477406,-0.000990070695025992
2021-09-15,0.0011026204780586934,0.0018776079369858857
2021-09-16,-0.0040440142721258595,0.008962210057632617
2021-09-17,-0.014105865625871778,0.003121375348128263
2021-09-20,0.002986821258200668,0.004939962859621564
2021-09-21,0.005202802323934312,0.014964138032250456
2021-09-22,0.003146213067552222,0.002132472531532873
2021-09-23,-0.0053747824667299635,-0.0018234980703089212
2021-09-24,-0.0022298449642815816,0.001085557391180071
2021-09-27,-0.016524736106578956,0.0015892810610898902
2021-09-28,0.004157791508827241,0.0045020761968090324
2021-09-29,-0.012142341037274029,0.003599686051736847
2021-09-30,0.005712442142540214,0.00042727332296579494
2021-10-01,-0.01491311381430981,0.008912537215580413
2021-10-04,0.008437806830736447,0.008304887336154749
2021-10-05,0.0011459753617235312,0.002598685153313062
2021-10-06,0.0068446433422246124,0.004568296957829062
2021-10-07,-0.005699979736933757,0.008025738604407525
2021-10-08,-0.005732655848083661,-0.0006733528178169284
2021-10-12,0.006876010696548965,-0.002536740736198939
2021-10-13,0.008717557647054517,0.0026003809968189366
2021-10-14,0.006956244257657215,0.0067459165376804135
2021-10-15,0.002433145537191843,0.006650183289617659
2021-10-18,0.00484860218362301,0.0010381518726113666
2021-10-19,0.0009277449995220715,0.002158860410593236
2021-10-20,0.0035257014158180285,0.0006944833605565828
2021-10-21,0.0,0.00323262025084676
2021-10-22,0.004250424736456093,0.0027962003870027783
2021-10-25,0.0005533922904523459,0.003958631488082259
2021-10-26,-0.010004520452035702,0.003142119405534333
2021-10-27,0.00889742945852953,-0.0018817441652560177
2021-10-28,-0.00037052594930964513,0.003753120209832243
2021-10-29,0.006991117760826731,0.0009479994692579553
2021-11-01,0.000732113783508543,0.007685487727035373
2021-11-02,0.005844933921820102,0.002162824547349052
2021-11-03,0.005807370257727056,0.002752255184030519
2021-11-04,0.0036138991086880224,0.005445048102787543
2021-11-05,0.001802063724687715,0.0003275246316511727
2021-11-08,-0.0018020637246876532,0.002915940380047658
2021-11-09,-0.005425758092085484,0.00017719909730452951
2021-11-10,0.009026643948474545,0.003277323293915072
2021-11-11,0.0046625615154098675,-0.0013428179192409495
2021-11-12,-0.0035841055311562372,-0.0019500188151406782
2021-11-15,0.00465754754396282,0.0007135794390399428
2021-11-16,-0.00017764261195574906,-0.0019515307214337183
2021-11-17,0.0008914476669538932,-0.000827370752848801
2021-11-18,-0.0032179235732855706,-0.0017287861694798483
2021-11-19,-0.0021534290256755234,0.0036997338059917245
2021-11-22,-0.002158076291601352,-0.0035794365894523438
2021-11-23,0.0010796203073478142,-0.0024162517042748397
2021-11-24,0.002872114475529482,0.00276094236770474
2021-11-25,-0.018812466258753584,-0.0011264223202868914
2021-11-26,0.004372300318420309,0.01098800628133513
2021-11-29,-0.013914768175812936,0.005466481308616119
2021-11-30,-0.008144143671044575,0.012778671235387916
2021-12-01,0.011455653359584593,-0.005631974846301342
2021-12-02,-0.005895139582326447,0.003831479028424347
2021-12-03,0.006446601792837778,0.007379620421375861
2021-12-06,0.012593203793090762,0.004390318231261814
2021-12-07,0.0010882295724680597,-0.0017144100189745186
2021-12-08,-0.0034489261715591646,-0.004828077288158495
2021-12-09,0.00417255558248863,-0.0016237605439579548
2021-12-10,-0.0047184021914588965,-0.0038758004798051474
2021-12-13,-0.003644192168682712,0.004035396092416135
2021-12-14,0.010892976453502722,0.0015584300669953138
2021-12-15,-0.008703419471370788,-0.003958390913629687
2021-12-16,-0.0010941792212135336,-0.00019287414659701686
2021-12-17,-0.00548528186464217,0.0025156168543978125
2021-12-20,0.013115915669012823,-0.003603055307169317
2021-12-21,0.006494006653452801,-0.0012900995924857422
2021-12-22,0.005019922621886159,-0.0018718831855910054
2021-12-23,0.007129902313001401,0.0013276456644263203
2021-12-24,0.001422016079399445,0.0015449870628063038
2021-12-29,-0.01636006499791796,0.003997289986502882
2021-12-30,-0.007916558077851136,-0.0025421387148866293
2021-12-31,0.00899124920761659,-0.0005661185899891782
2022-01-04,-0.01224799172789071,0.0019523321794304755
2022-01-05,-0.0039949208750461535,0.004201189437753784
2022-01-06,-0.005473467414172043,0.0003002079160331
2022-01-07,-0.0010982977490624545,0.002733750010198487
2022-01-10,0.004750602758597799,-0.0010208717144447842
2022-01-11,0.00036449790817277773,-0.0013567426833180258
2022-01-12,-0.01025650016718911,-0.005248733084753248
2022-01-13,0.0033082184187576916,-0.006416656940484134
2022-01-14,0.01058597219125574,0.0010974382388077484
2022-01-17,-0.02779746396758508,0.0013821147095665046
2022-01-18,-0.0065549443433258955,0.016372099269536738
2022-01-19,-0.007733698830701305,-0.0008276232084931353
2022-01-20,-0.013535617959520584,-0.015254755882278327
2022-01-21,0.0019175461292718545,-0.005920751423536252
2022-01-24,-0.008078520565201436,-0.00669062530467452
2022-01-25,0.000386174942045713,-0.017411522260941146
2022-01-26,-0.0021258100574893923,-0.0008276232084931353
2022-01-27,0.014405319687551233,-0.005812630990729669
2022-01-28,0.016641836415008774,0.004456799416640364
2022-01-31,0.007846107876837295,0.007644519648745316
2022-02-01,0.0033438634167064687,0.010094327185272492
2022-02-02,-0.01607811789445804,0.008059694637426649
2022-02-03,0.009005689382612855,-0.004225619777213885
2022-02-04,-0.006746652277332667,0.008776940634642688
2022-02-07,0.010475217372471477,0.008892347213953442
2022-02-08,0.01220655067455178,0.009978019671088677
2022-02-09,-0.00923367594694544,0.008701246849546321
2022-02-10,-0.01194489752916535,0.0040832673049991655
2022-02-11,-0.00602638358683099,0.0007980105948017918
2022-02-14,0.01574245404176346,0.0011946440789481145
2022-02-15,-0.0022338058432406216,0.008660986681548974
2022-02-16,-0.016914517148364182,0.010881054920848371
2022-02-17,-0.004178543591720054,-0.007311841466529635
2022-02-18,-0.011485578022791475,0.006743015119042562
2022-02-22,-0.012788393622187673,-0.0020406950408967824
2022-02-23,0.008543741291242161,-0.019471267082318215
2022-02-24,0.014206420535070886,0.007222298208447277
2022-02-25,-0.005735056820330231,-0.0011484840654914443
2022-02-28,-0.013705455338338834,-0.0026130214675304585
2022-03-01,0.011402191364245943,-0.010764445195789063
2022-03-02,-0.006168099740647773,-0.0015164520766280428
2022-03-03,-0.008153801726932957,0.0011371584414798539
2022-03-04,-0.019685675071030327,0.0030661630151633686
2022-03-07,0.0027794339910252558,-0.00013401454657336486
2022-03-08,0.02273716139079838,-0.00620056197342886
2022-03-09,-0.007391591716137946,-0.003331870661399147
2022-03-10,-0.012969330932777084,0.007246825278606945
2022-03-11,-0.0015835316056443847,-0.006432991080633408
2022-03-14,0.008678555456248249,0.004285475323573488
2022-03-15,0.02098794489222161,0.006944761486088061
2022-03-16,0.007090189709968978,0.005012072326240053
2022-03-17,0.008555998577589877,0.0130160608648106
2022-03-18,-0.0011365790198723255,0.010159737245889588
2022-03-21,0.007929057965759887,0.008498182920121285
2022-03-22,-0.010966266071209575,0.0059637111873107156
2022-03-23,0.006065219503090722,0.0002879744345837109
2022-03-24,-0.004925185178591659,0.004929352534781328
2022-03-25,0.006435759483958631,0.004786334382013748
2022-03-28,0.012375931445356265,0.0028245844717208653
2022-03-29,-0.008609448649879246,0.006248539832270288
2022-03-30,-0.009442940800282072,0.005102404576374346
2022-03-31,0.005676458004805122,-0.0012371151391714012
2022-04-01,0.00564441761967691,-0.0012415665574960274
2022-04-04,-0.01208017710363554,0.0013502321240006518
2022-04-05,-0.008007669099987609,-0.0009712979037549245
2022-04-06,0.005345564466419898,0.002331675969525429
2022-04-07,-0.0022874581075990807,-0.0001838847932987966
2022-04-08,-0.007086116024784322,-0.0001470667419873007
2022-04-11,-0.0036584232581929007,-0.0007953864411102381
2022-04-12,0.00634556499028206,-0.008228212386780958
2022-04-13,-0.004418410799699011,0.0009021053175805823
2022-04-14,-0.001155846786359162,-0.008911797949599209
2022-04-18,0.009973231878753342,-0.005676331365248865
2022-04-19,-0.006509691760577123,0.0014406294407230782
2022-04-20,-0.010815091896728883,-0.00017830416820462723
2022-04-21,-0.013685453085254314,0.0019412862757680657
2022-04-22,0.0,-0.005906188200237497
2022-04-25,-0.019881370553828933,0.007277016538052475
2022-04-26,0.003207701226769859,0.008983893331443936
2022-04-27,0.01785407473659661,-0.0029570362380946175
2022-04-28,-0.021463463054527572,0.0038595553658938788
2022-04-29,0.0036093883179309227,0.010181368050954197
2022-05-02,0.0027983228334422412,0.009680541547012046
2022-05-03,0.01819670462284626,0.012846928601476014
2022-05-04,-0.028630186106621,0.0027082355140467364
2022-05-05,-0.004042042690010931,0.011248348195868077
2022-05-06,-0.025847592810555393,-0.003747350178811126
2022-05-09,0.002490661312452052,0.005598958289612059
2022-05-10,-0.012515807931830646,-0.016298524524757
2022-05-11,0.0004197271834966851,-0.018631336488968805
2022-05-12,0.01829572862785933,-0.004525428279185303
2022-05-13,-0.004542646671895843,0.00229336919101669
2022-05-16,0.01682781346647351,0.003607029051641473
2022-05-17,-0.026393284612805774,-0.010892275633359025
2022-05-18,-0.001672940582563745,0.0023280136612229105
2022-05-19,0.003760188261649957,0.0014974868850977732
2022-05-20,0.005406542593711554,0.001901942194407683
2022-05-24,0.006614327545430435,0.003006053640246624
2022-05-25,0.013098836489591106,0.00263559577282869
2022-05-26,0.011322401587212115,0.014872320697876086
2022-05-27,0.01079794534678813,0.010335556679495856
2022-05-30,-0.016443121628776477,0.00788454131014911
2022-05-31,-0.0038488855373983843,0.00712530873705686
2022-06-01,0.008689556546711288,0.01629061447216772
2022-06-02,-0.010517896314536649,0.008932509029467402
2022-06-03,0.002031282437217841,0.008049166460920585
2022-06-06,0.003645942868005786,0.011966448616113928
2022-06-07,-0.008120223262926916,0.005816098127491152
2022-06-08,-0.011892697069284319,0.007192334527487683
2022-06-09,-0.01831858052368463,0.004997670173885148
2022-06-10,-0.028555104434081324,-0.0010463295835622497
2022-06-13,-0.0034647068006901645,0.010160934710852033
2022-06-14,0.01207431659068095,0.00024207755686240384
2022-06-15,-0.0309056153453641,-0.008876952524381457
2022-06-16,0.0057306747089850745,0.014254942901079959
2022-06-17,0.010276683861231812,-0.004525428279185303
2022-06-20,0.0028239401844663246,-0.00025208285559529507
2022-06-21,-0.004783657741432875,0.009260177655721487
2022-06-22,0.002612104227924961,0.013021642041465402
2022-06-23,0.01167076138505076,0.004433401404302251
2022-06-24,0.0008591065820491685,0.012425044008846985
2022-06-27,-0.011009285508369255,0.010963864784036758
2022-06-28,-0.004132686686655661,-0.00326748974036099
2022-06-29,-0.007438231625576512,0.005380996538297838
2022-06-30,0.008745136625358632,0.0007164295846379233
2022-07-04,-0.001742919831193824,-0.0002272713309858139
2022-07-05,0.0008718396367409824,0.0002954141427275668
2022-07-06,0.01341721058396423,0.0055197843765424776
2022-07-07,-0.002582868418254189,0.011161867736611167
2022-07-08,-0.009963261971257423,0.00741717831218068
2022-07-11,-0.005237899360793106,0.004969354023129756
2022-07-12,-0.005705523487263265,0.002872211516582623
2022-07-13,-0.002644338253090313,-5.2747271666323e-05
2022-07-14,0.008349861740353405,0.0032231654844542437
2022-07-15,-0.00043773255240427605,0.003007486155348589
2022-07-18,0.018221762302708958,0.004124553985729304
2022-07-19,0.0034334797678915365,0.003939949639317215
2022-07-20,0.006831794291703272,0.007998796294357818
2022-07-21,-0.0034100629805419547,0.004157434475632342
2022-07-22,-0.0004270766667519373,0.0021810062902788904
2022-07-25,-0.008149305233074047,0.0005929655904739402
2022-07-26,0.017926216268152113,0.010584976016012071
2022-07-27,0.01010109598650392,-0.0013221891665005816
2022-07-28,0.012070906190990459,0.004804850364689723
2022-07-29,-0.007058364367446048,-0.003134973713826609
2022-08-02,0.008298802814695064,0.00594714155029001
2022-08-03,0.0024762703532635053,0.004676173597637578
2022-08-04,0.0028812532795270554,0.0034345383592506835
2022-08-05,-0.0008223684673991892,0.006109121904383265
2022-08-08,-0.006603408229450265,0.005540392049631224
2022-08-09,0.014796817441439585,0.0029705493760575482
2022-08-10,0.0016306567005083114,0.00820193461552005
2022-08-11,0.01214589830210812,0.004588360238786533
2022-08-12,0.008016074988236125,0.0019042060537049934
2022-08-15,-0.0011983224921087556,-0.001660250802108306
2022-08-16,-0.004807701568103232,-0.002573689386268139
2022-08-17,0.004008021397538868,0.004062339532343567
2022-08-18,-0.01005033585350145,0.0030180877466167867
2022-08-19,-0.01301360374505018,-0.0003084902247135791
2022-08-22,-0.004924096941617098,0.005353963089593543
2022-08-23,0.0020546545136643757,0.00019190587475038945
2022-08-24,0.011022769290750285,-0.001607214770234355
2022-08-25,-0.020509332495506204,-0.002239127338790103
2022-08-26,-0.005818802785337179,0.022175497546264834
2022-08-29,-0.00585285951725287,0.005939930389680618
2022-08-30,-0.0050441468866780255,0.0007168825651511653
2022-08-31,-0.00549335841610773,0.004224527933341471
2022-09-01,-0.004671913360743082,-0.0005112286009437172
2022-09-02,-0.00726343718852977,-0.007839156367855316
2022-09-06,0.012358989615129944,-0.001476526871664929
2022-09-07,0.0054910380841003735,0.014383551680909693
2022-09-08,0.013804862613458773,0.006194015801521079
2022-09-09,0.008274767943529335,0.005610603574096308
2022-09-12,-0.02250094929083779,-0.0003045054800373882
2022-09-13,0.004205220662978427,-0.0005237561958788339
2022-09-14,-0.005470242969565199,0.0035867404627993897
2022-09-15,-0.007623925110659371,-0.003383360611587398
2022-09-16,0.006357300495466498,0.010487821187312656
2022-09-19,-0.0063573004954665235,0.00678180332474095
2022-09-20,-0.008539761548134496,0.004425833074298384
2022-09-21,-0.006884708777497144,-0.0009165634521996931
2022-09-22,-0.02094317384524325,-0.00042473094430258465
2022-09-23,-0.004861888030106954,0.012485417853900536
2022-09-26,-0.002661935910803433,-0.015844890842242342
2022-09-27,0.014991462421572798,0.010959183112027654
2022-09-28,-0.012772690710355656,0.0005811063390648457
2022-09-29,-0.0008869180182278928,0.00947904554623158
2022-09-30,0.012345835822299362,0.012949656984540352
2022-10-03,0.025525937068889795,0.0042875943084803875
2022-10-04,-0.0004272591391637224,-0.005125623796089404
2022-10-05,-0.0034246608813639917,0.007314304251792785
2022-10-06,-0.02430675222416143,0.0033486851829767398
2022-10-07,-0.014159528603634616,0.0043047130898354585
2022-10-11,-0.0004457321223786557,-0.007921189449509449
2022-10-12,0.01855176880809683,-0.0046316411693679066
2022-10-13,-0.013216051391526375,-0.0056264992038021966
2022-10-14,0.015401844611506484,0.0010591094702687978
2022-10-17,0.009128513726095449,0.007195374585061654
2022-10-18,-0.007383312585064596,0.006236997161928795
2022-10-19,-0.00436872691341526,-0.001827166525187702
2022-10-20,0.011752039498479834,-0.0004968789439756528
2022-10-21,0.008187936285365663,-0.0020518189678572114
2022-10-24,0.010247741260475632,-0.002746378106207515
2022-10-25,0.0,1.3064716899883433e-05
2022-10-26,-0.003830606939842313,0.005693559573427296
2022-10-27,0.017332921777481657,0.005155691491080753
2022-10-28,-0.005042027488248088,-0.007780312382931604
2022-10-31,0.0025241914959071438,0.003951762408577104
2022-11-01,-0.0148150857851407,-0.002141446393262676
2022-11-02,-0.004701868033878431,-0.001446786405511525
2022-11-03,0.005128216366919529,0.0006158791363727629
2022-11-04,0.007220247973486877,0.0011670367373803321
2022-11-07,0.005065439281833897,-0.0009469351100240541
2022-11-08,-0.014846508116994585,-0.0010146572920978786
2022-11-09,0.03691694382764185,-0.007391337288310575
2022-11-10,0.009020151359383744,-0.008636315851393057
2022-11-11,-0.005730674708985095,-0.004006421460283593
2022-11-14,0.004505434612884042,0.0005725938415332573
2022-11-15,-0.0028647451554241676,-0.006172751626101098
2022-11-16,-0.0024620447397750386,0.006397009391471667
2022-11-17,0.006552029991300114,0.003342636313316996
2022-11-18,-0.001225240096101021,0.007162185982476126
2022-11-21,0.008950425902507891,0.008952560034947456
2022-11-22,0.004042042690010942,0.0037830780707083533
2022-11-23,0.015609682569102022,0.004427022958036874
2022-11-24,0.0011907125836273628,0.0011256965657795587
2022-11-25,-0.018011293383433127,-0.003438124846570718
2022-11-28,0.00764437438113229,-0.0020697615520546917
2022-11-29,0.012348294724817412,0.0016585982089214737
2022-11-30,0.003951012646679989,-0.00027277035055219034
2022-12-01,0.0015760444554657142,-0.005047599300605258
2022-12-02,-0.009891277478742667,-0.0030271506002580413
2022-12-05,-0.008384956293857727,-0.006270380348326662
2022-12-06,-0.0016051367812285446,-1.2710884801017168e-05
2022-12-07,0.002006018726865766,0.0059174569422455045
2022-12-08,-0.00040088194563719134,-0.005840042779640301
2022-12-09,0.004800009216031768,-0.005308166914812547
2022-12-12,0.005967791731906267,-0.002835714831539121
2022-12-13,-0.004372895062090213,-0.001163142427280505
2022-12-14,-0.017279915596472833,-0.004798874130462599
2022-12-15,-0.006506733001244087,0.004735295879926916
2022-12-16,-0.010664580156529123,0.003978159021790377
2022-12-19,0.0012363488078053497,0.0007307532199054049
2022-12-20,0.011466137087644006,0.004537764719840497
2022-12-21,-0.009820046180975348,-0.0004351129776964962
2022-12-22,0.0028741551298627384,-0.0020998241622986915
2022-12-23,-0.011131840368844181,0.008863460953868297
2022-12-28,0.005375245524507458,0.010491248773552533
2022-12-29,-0.005789925190412523,0.005748394247292875
2022-12-30,0.008261096134952385,0.005665946713986291
2023-01-03,0.0004112687699342843,-0.0008787676862810729
2023-01-04,-0.003707522269531888,-0.0019426784099902037
2023-01-05,0.012712904454330888,-0.0004566831927092356
2023-01-06,0.00040741495776418094,-0.004307777582338115
2023-01-09,0.006496165759989222,0.0005903664757607857
2023-01-10,0.008462673918733728,-2.7022749015211887e-05
2023-01-11,0.0056022555486697516,0.0036183642315395954
2023-01-12,0.006760813185044195,0.0027485090860862663
2023-01-13,0.0086819803435653,0.0007850384020605962
2023-01-16,-0.007097821596428828,0.004022881174180384
2023-01-17,-0.0035678927839016992,0.005476804103991822
2023-01-18,-0.005575482384303395,0.0007088768514270828
2023-01-19,0.008747570690447414,0.0041629499143999715
2023-01-20,0.007886476206915363,0.00107044881181369
2023-01-23,-0.0007858546573390916,-0.00011653193266592341
2023-01-24,0.0023557136924589835,0.0007447252643061543
2023-01-25,0.0031323439863162024,-0.004005597875795823
2023-01-26,0.0003908540210008852,-0.003621204312492621
2023-01-27,-0.005878911699775997,0.0015143917789027924
2023-01-30,0.005097050831173897,0.001460419821183651
2023-01-31,0.007403111933057624,-0.0007163538653736982
2023-02-01,0.007733990599736257,-0.0008530748278481808
2023-02-02,-0.0023139231303972345,-0.00025384823387457963
2023-02-03,-0.004643971194450593,0.001776711900920972
2023-02-06,0.00580160203953168,0.0008581710875026907
2023-02-07,-0.004638585820050561,7.249856088649892e-05
2023-02-08,-0.004271021829348309,0.0024567601455772557
2023-02-09,-0.0070285334245849575,0.003534900869960744
2023-02-10,0.008195167817063644,0.004499344388593302
2023-02-13,0.0011652749425002074,-0.004822427101359379
2023-02-14,0.004261094961784941,0.001243550272246053
2023-02-15,-0.005426369904285028,0.00018992285447043782
2023-02-16,-0.0007776050158546732,-0.003635377559620463
2023-02-17,-0.012918558991556547,-0.0005110007431099362
2023-02-21,-0.002366865010266168,-0.00013910944053265078
2023-02-22,0.003548200056097177,-0.00016484557046418717
2023-02-23,-0.005524875931969916,0.004175442758646857
2023-02-24,0.003160808637089441,-0.0020816687867638356
2023-02-27,0.0007886435739983844,0.003517864542134261
2023-02-28,-0.0015779095976067856,-0.0027420890824538394
2023-03-01,0.004333274458337737,0.001992112859184031
2023-03-02,0.014051753455650287,-0.003616284857188751
2023-03-03,-0.0007754944165303904,0.007622122280887851
2023-03-06,-0.00700664602552455,0.0022290562574074544
2023-03-07,0.004287669792281189,0.00738891723905099
2023-03-08,-0.01134375551649014,0.0006760021809226358
2023-03-09,-0.015061719529410275,-3.855013279204322e-05
2023-03-10,-0.010437670030901272,0.0028384485987612007
2023-03-13,0.008838948667204232,0.011060419945662455
2023-03-14,-0.014098924379501648,0.008324620253940275
2023-03-15,0.014898604550066035,0.010948515460804033
2023-03-16,-0.01125413807442332,0.0053731983322954655
2023-03-17,0.006446436506320049,0.00675519335318361
2023-03-20,0.015145765807994841,0.00493731196858989
2023-03-21,-0.01354062902676624,0.00031429184288485535
2023-03-22,0.0,0.0004573052682590373
2023-03-23,0.003602165191792392,0.006816930675653257
2023-03-24,0.0003994407882148664,0.0004864184687097941
2023-03-27,-0.003200002730670791,0.003196848775172474
2023-03-28,0.00996619769860145,-0.0005477220610548442
2023-03-29,0.004748722813755211,0.0009492090676912809
2023-03-30,0.009430325289511461,-0.005058681967322619
2023-03-31,0.0007818608686020742,0.0032122768096897077
2023-04-03,-0.0019557995673041926,0.004541844505005393
2023-04-04,-0.004316271170364989,0.0024991687774717354
2023-04-05,0.004707737215685307,0.0015350089674897138
2023-04-06,0.002345583561720456,-0.000656487238472973
2023-04-10,0.0015606714053445513,-0.0004182808913042444
2023-04-11,-0.0015606714053446214,0.00027823138717054767
2023-04-12,0.0062281244528398045,0.0013461068637606298
2023-04-13,-0.0017477429441602854,0.0026165337691906776
2023-04-14,0.0032987320104091275,0.0003766421208752516
2023-04-17,0.002708455902177271,0.001527214809705451
2023-04-18,0.002315709255598125,-5.2208820658140563e-05
2023-04-19,-0.001929385124851588,0.0019090590276814702
2023-04-20,0.00577702357692208,0.0034362847964854075
2023-04-21,0.0,0.0011490273776637778
2023-04-24,-0.009646997447115106,0.0028359198626311264
2023-04-25,-0.002329193599600537,-0.004737174584076368
2023-04-26,0.011592092712821307,-6.510921691520668e-05
2023-04-27,0.0026855953221736977,-0.003530269389679347
2023-04-28,-0.0007665772701956842,0.0003189359965977959
2023-05-01,-0.006925768352960154,-0.0008714367421591419
2023-05-02,-0.0023192897910908937,0.005706445828994823
2023-05-03,-0.010112882763704475,-0.003488832014077441
2023-05-04,0.007400228513577162,-0.0028610424512951465
2023-05-05,0.0011634672632980494,-0.008255053400287782
2023-05-08,-0.00310559255815313,-0.004076035797551527
2023-05-09,0.0003887269242342976,-0.00449323446708691
2023-05-10,0.002716865633919051,-0.008188915979031994
2023-05-11,0.0027095042703661164,-0.002286172372542173
2023-05-12,0.0011589725075542132,-0.001969318070605539
2023-05-15,-0.008919973822442917,0.0043357826967017205
2023-05-16,0.005439018847473276,-0.0064290618725766835
2023-05-17,0.006949834922876274,0.004517071370774451
2023-05-18,0.0019219686869696242,0.005843445095618184
2023-05-19,-0.010810916104215506,0.0027188143410659467
2023-05-23,-0.00584000102471912,-0.003947433164649733
2023-05-24,0.0027295786103265158,0.0015019578510271766
2023-05-25,0.010073700066537482,-0.0020436841642685797
2023-05-26,0.002310359133184085,0.002253910534212267
2023-05-29,-0.008497540510440663,0.004563387569413606
2023-05-30,-0.00817920820794611,0.002621619323462106
2023-05-31,0.00312378231368327,0.005724807380519356
2023-06-01,0.014321901467580818,0.0030641752563768205
2023-06-02,-0.002501203805166889,0.007011605776231936
2023-06-05,0.004037302417506818,0.004508316776206571
2023-06-06,-0.0061586029912069785,0.002766723436785905
2023-06-07,0.0038535693159899723,0.0084217614921129
2023-06-08,0.0,0.0008479882215298495
2023-06-09,0.005752652489449841,0.0020046983996774284
2023-06-12,0.003816798526700811,0.0049529489032374445
2023-06-13,0.0026631174194836284,-0.0019306824616544288
2023-06-14,0.0026560440581162104,0.003110989295127516
2023-06-15,-0.00417695689882295,0.00213238229754595
2023-06-16,0.000760745567309132,0.003962749886704215
2023-06-19,-0.00801684003508184,0.0008451892390922852
2023-06-20,-0.007309130443145071,0.0036729959437747737
2023-06-21,-0.0023192897910908937,0.007698924418336135
2023-06-22,-0.007770046861931788,0.005181703359385635
2023-06-23,-0.009404458027978518,0.002947449188888562
2023-06-26,0.010963304797269594,0.0048990473368248025
2023-06-27,0.005436906596736044,0.0005880921873903125
2023-06-28,0.0030935832869955723,-0.0013649400572397334
2023-06-29,0.011134689814128507,-0.004117430520430142
2023-06-30,0.0038109802221691536,0.002731488188280918
2023-07-04,-0.004192878260035927,0.0019507701715382308
2023-07-05,-0.008438868645864595,0.0059184208264902146
2023-07-06,-0.0023139231303972345,0.0054915636520928655
2023-07-07,0.0019286409064056863,0.0022984313682186705
2023-07-10,0.004997127446554428,0.00159166284889514
2023-07-11,0.00840020212526667,0.0026899856064937716
2023-07-12,0.006065219503090722,0.004113014461027195
2023-07-13,0.0033955890011381075,0.007151030032986594
2023-07-14,0.0003765769202851333,-0.0007417801360840104
2023-07-17,0.005257240797970698,0.00045265399795967976
2023-07-18,0.002618292126057367,-0.00031910757717826255
2023-07-19,-0.005619044565295488,-0.002619947415019683
2023-07-20,0.0037495357014793104,0.005131360904633868
2023-07-21,-0.00037432154657536125,-0.0009693158301656756
2023-07-24,0.0022438304103915793,0.0037868410659523564
2023-07-25,0.0037285650951388123,0.003970001869228004
2023-07-26,-0.005598073958954913,-0.0019494727132396512
2023-07-27,0.00931278848319352,0.0030632474107133547
2023-07-28,-0.000370851107532254,0.00172416959530179
2023-07-31,0.0,0.0009461728350524086
2023-08-01,-0.012691473077140731,-0.00026625591090255295
2023-08-02,-0.0018800531952435013,-0.006487598248295598
2023-08-03,0.001128456015931205,0.007354405143203754
2023-08-04,0.00262812240626963,-0.003871694318677645
2023-08-08,-0.0018765252269573457,-0.0007312995997102682
2023-08-09,0.0026261504494671972,-0.004229115810592439
2023-08-10,-0.0022505635905919457,-0.0053980235456081134
2023-08-11,0.0015009383680820733,-0.004588999762430746
2023-08-14,-0.011691628559616566,-0.004524508734651983
2023-08-15,-0.004181720596673657,-0.00446746175123049
2023-08-16,-0.005730674708984983,-0.004271255153901003
2023-08-17,0.0,-0.004509181701888651
2023-08-18,0.0034423441909726986,-0.0025162744647510135
2023-08-21,-0.0022935789870995125,0.005162941785117162
2023-08-22,0.009142920832674244,0.005810932373635504
2023-08-23,-0.007231239883441458,-0.009956427979716666
2023-08-24,0.005713213026464123,-0.006077131822613067
2023-08-25,0.008320774179729961,-0.0053583795181320025
2023-08-28,0.01123607326692597,0.0003136009208469636
2023-08-29,0.0003723701402177658,-0.001227205293532507
2023-08-30,-0.0026095075385742053,0.005923789981390476
2023-08-31,0.009288567618245968,0.004806745350005045
2023-09-01,-0.004076344351255752,0.002699432963033662
2023-09-05,-0.005959049291246384,0.006245567053751322
2023-09-06,-0.001495327381433501,0.0067760403475236215
2023-09-07,-0.0029973795389741844,-0.0005597592200785301
2023-09-08,0.0033714210619434906,0.0015825585244961236
2023-09-11,-0.0037467260016086166,-0.005851139960070044
2023-09-12,-0.0011267606825906176,0.0036609335973156686
2023-09-13,0.008978735965275963,-0.0002565675365537518
2023-09-14,-0.005227793833004188,0.0075135100641950964
2023-09-15,-0.0037509421322716972,0.004981035794707485
2023-09-18,-0.0067873563733999885,-0.004770996706329834
2023-09-19,-0.0037907551079798905,-0.0008747951717983221
2023-09-20,-0.01685217974477163,0.001419495501548215
2023-09-21,-0.000772797565508449,0.004637073321556726
2023-09-22,-0.004261094961784831,0.009221319824659253
2023-09-25,-0.009752369082432794,0.012262841250368382
2023-09-26,-0.001961939024459618,0.008417429671641616
2023-09-27,0.0054837583562562875,0.0164040146972612
2023-09-28,0.003898640415657323,0.007002986048351956
2023-09-29,-0.0046801957504774665,0.012428834568414517
2023-10-02,-0.010611221593663983,0.009436889620159076
2023-10-03,0.0063017144343328725,0.013464876680977216
2023-10-04,0.0019611694852235797,0.013306862538601713
2023-10-05,0.007028533424584992,0.0043267506926485105
2023-10-06,0.006979477731525676,0.00862349790667375
2023-10-10,0.005779249373774263,0.0016626707520144904
2023-10-11,-0.0023076933318169927,-0.001158074962730623
2023-10-12,-0.00850739856491185,0.0013298785724008158
2023-10-13,0.007351551778552783,0.005893863768127718
2023-10-16,0.003463540118176089,0.005643977887017625
2023-10-17,-0.01120351683849346,0.009563898906481506
2023-10-18,-0.008191970914588035,0.002241841036368545
2023-10-19,-0.011424193580380201,0.002826425874210802
2023-10-20,-0.0023800090568112326,-0.0017072745744856864
2023-10-23,0.005939435397382593,0.001844517136414265
2023-10-24,-0.007131567467835578,-0.0002089987616184017
2023-10-25,-0.004383350313850403,0.003854435110204203
2023-10-26,-0.004001605980007298,0.0015693905103605211
2023-10-27,0.008782491580349232,-0.0007716836483800495
2023-10-30,0.006339165443735676,-0.0015529465295910565
2023-10-31,0.010997754209541502,0.002550844133584548
2023-11-01,0.013193827402780944,0.002306409762336748
2023-11-02,0.007680529307777978,0.0017239273784209628
2023-11-03,0.0,0.0007939757076227628
2023-11-06,0.0005736686264986042,0.003623182104623133
2023-11-07,0.0013372816970460743,-0.0022813365739181727
2023-11-08,-0.00344234419097279,-0.004625477243107687
2023-11-09,0.009153381986487201,-0.0010584359717976555
2023-11-10,0.0007590133191715234,-0.0003155571034363623
2023-11-13,0.015434147897954598,-0.003220544714478726
2023-11-14,0.0011200299845499052,0.002375239044315332
2023-11-15,0.0037243990909822727,-0.0033210310758521075
2023-11-16,0.003340140422119864,-0.003828782043408047
2023-11-17,0.006278875660582251,-0.007710582650320661
2023-11-20,-0.005167970158442561,-0.003352451417648903
2023-11-21,0.0022181155120213586,-0.0011414389640059296
2023-11-22,0.0025815983358701044,-0.0018455521863367306
2023-11-23,-0.0029509427537345334,-0.001595683362461626
2023-11-24,-0.0040718175821035625,-5.321768482787914e-05
2023-11-27,-0.0018563213052918655,0.00046053835228641215
2023-11-28,0.002968462291098892,-0.0013497589947716214
2023-11-29,0.0018508241448499721,-0.003475003853384977
2023-11-30,0.004796172263493235,-0.004292915014002519
2023-12-01,-0.00184196036606163,-0.0014632550451572543
2023-12-04,0.0,-0.0016161953970691854
2023-12-05,-0.0014760150281206525,-0.0020559770790992914
2023-12-06,0.004789104751080851,0.000571950923851189
2023-12-07,0.002935781925092072,-0.0015399257011968778
2023-12-08,0.0014646652197295596,-0.004652203031593388
2023-12-11,0.002558013454047863,-0.0035877127159850406
2023-12-12,0.010167117355444242,-0.004009456306847576
2023-12-13,0.0025257094429747924,-0.00406435773773503
2023-12-14,-0.007233304593519949,-0.0017505936857179294
2023-12-15,0.004346258199911111,0.0059913402718162105
2023-12-18,0.00576578173896465,-0.003898152948271674
2023-12-19,-0.011928570865273732,-0.00022554633317449242
2023-12-20,0.006885332510344937,-0.002136353429354867
2023-12-21,0.0007220216920166442,0.0005829245923195533
2023-12-22,0.0053986094767725385,-0.002134719611538285
2023-12-27,-0.006843174552825046,-0.0015236376602297196
2023-12-28,-0.00036146756222241443,0.0024353597884787317
2023-12-29,-0.001809300294549094,-0.004375398091764792
2024-01-02,-0.006540720992551193,-8.260298926443971e-05
2024-01-03,-0.00036463081534347574,0.0032035819588193547
2024-01-04,0.002913330538357307,-0.0022487960066425398
2024-01-05,0.00977029664618248,-0.0024781091045680895
2024-01-08,-0.002162942443821115,-9.765521629732495e-05
2024-01-09,0.003242661821704435,-0.0004532775988096134
2024-01-10,0.001078554841207844,-6.208228451864829e-05
2024-01-11,0.0017950103545238145,9.342067668751124e-05
2024-01-12,0.003222921321545174,-0.00023920092555135373
2024-01-15,-0.006456263459456018,0.0011726828377922605
2024-01-16,-0.007585371389256612,0.0008896562103277118
2024-01-17,0.005784542521529858,0.0054903698932519535
2024-01-18,0.005034171005637659,0.003957888271644077
2024-01-19,0.005365779284373768,0.005155994754073132
2024-01-22,0.0010697094976179606,0.0038662376630492785
2024-01-23,0.005685871750353147,0.0016054662699047707
2024-01-24,0.0007084662003734174,0.001224000122429128
2024-01-25,-0.0007084662003734228,-0.00231105019359142
2024-01-26,0.004948755239258827,-1.319870256081955e-05
2024-01-29,-0.0017646025401185698,0.0015588384645378948
2024-01-30,-0.009226467155102856,-0.0012699352679983599
2024-01-31,0.006750780656335841,-0.0026879035974849037
2024-02-01,0.0056497325421191276,0.0027733741779889837
2024-02-02,-0.0010568963464003187,0.0028371347418949086
2024-02-05,0.0010568963464002538,-6.543214726963519e-05
2024-02-06,0.0028129413766146577,-8.717946123240252e-05
2024-02-07,-0.0007024938820686669,-0.005708649137413809
2024-02-08,0.004907125164100696,-0.002077857673333262
2024-02-09,0.0019212301778938723,-0.0002657904713285822
2024-02-12,-0.010700917829939649,-0.005829273902451668
2024-02-13,0.009828088936262473,-0.004781160589860717
2024-02-14,0.006267429986413351,0.001696627163537831
2024-02-15,0.0,0.00022813194095223292
2024-02-16,-0.0006944444723525925,-0.0017554959886180892
2024-02-20,-0.0010425717712384877,-0.0018571748283202087
2024-02-21,0.012783038118497158,0.0019037468710358216
2024-02-22,0.0034270081518113543,-0.003603353306604389
2024-02-23,-0.003083778356095834,-0.0017602430172435769
2024-02-26,0.00342583411451901,-0.0021180254078417664
2024-02-27,-0.001368925607341621,-0.0011275563962889693
2024-02-28,0.004442173715123655,0.0004433700452300523
2024-02-29,0.009163478340655068,-0.002572029813801177
2024-03-01,0.0,0.001763463456338748
2024-03-04,-0.006099646156723222,0.000454366710967004
2024-03-05,0.0027155481724826097,0.002548780141727319
2024-03-06,0.006420025429894303,-0.002778672954721265
2024-03-07,-0.0016854883477823005,0.001121317303047246
2024-03-08,-0.0023644665635003392,-6.646353801263386e-05
2024-03-11,0.00774805964697291,-0.00011098937969683946
2024-03-12,-0.0010072184836737875,0.0009288747634660962
2024-03-13,-0.002017485553168713,0.00020016385134341184
2024-03-14,-0.0006734006988477839,0.002144400876167239
2024-03-15,0.013050210305970564,-0.00044773971025056773
2024-03-18,-0.007005866853620545,0.0007495183486969926
2024-03-19,0.00534224976722056,0.004152812754195629
2024-03-20,0.004982571344463873,-0.0029294350024142734
2024-03-21,-0.001658100197493049,0.00030430260053060517
2024-03-22,-0.0036575269368939144,-0.0017500888302772535
2024-03-25,-0.0013333335308642164,0.00430563525624379
2024-03-26,0.007642502724128927,0.0026163559641453156
2024-03-27,-0.0006622516798331541,-0.001057016811152915
2024-03-28,0.0029766848505005865,-0.0011835417844371224
2024-04-01,-0.00995693589479645,-0.003864534623052283
2024-04-02,0.0006668889877037743,-0.002916381851245248
2024-04-03,-0.007024614936964466,-0.00016022420343956466
2024-04-04,0.010020123916763003,-0.0006965209661186022
2024-04-05,0.0013284625002560006,7.383591544152245e-05
2024-04-08,0.0016581001974930473,0.00037700607418886104
2024-04-09,-0.004982571344463939,0.0015884494454306412
2024-04-10,0.003324471146970846,-0.005451114383770899
2024-04-11,-0.0090015610311655,0.0020184929333212985
2024-04-12,-0.008069983271391514,-0.005220217523783135
2024-04-15,-0.0037206198848046376,0.0020121019959894963
2024-04-16,-0.004074708524022124,0.0019816562349319958
2024-04-17,-0.0020435974414663976,-0.000692550479770014
2024-04-18,-0.0034153038662050415,-0.0009554941931442794
2024-04-19,0.005458901307671431,-0.004782278372596197
2024-04-22,0.008132881154647767,0.0018024926391645329
2024-04-23,0.0003374388424122416,0.003146172623382627
2024-04-24,-0.005073577600701339,0.001145505281520514
2024-04-25,0.007768997022373448,0.00043243921943738353
2024-04-26,0.0033590894870339444,0.0014483108119887956
2024-04-29,-0.008418975472206472,0.006228377815141724
2024-04-30,-0.002031144909537732,0.00568079665733879
2024-05-01,0.005744229344331565,0.007847465993846016
2024-05-02,0.00972346302939205,0.004278767344418863
2024-05-03,0.008968669982760316,0.0034779788950765047
2024-05-06,0.005277057100843819,0.0033085289999286263
2024-05-07,-0.0009873293545185756,-0.0008677020678847943
2024-05-08,0.0026307150982485847,-0.0018948740400267822
2024-05-09,0.0,-0.0024901460353554884
2024-05-10,-0.0009857073247591882,0.0007004070278689046
2024-05-13,0.003937012959339599,-0.0007714311314862663
2024-05-14,0.007502889543464102,-0.002572510337648243
2024-05-15,-0.001626281054479031,0.001042196195202857
2024-05-16,0.0026007817000574403,-0.0008038783181380187
2024-05-17,0.002594035177046528,-0.001739857022006969
2024-05-21,-0.0032435967458421546,-0.003507895341404175
2024-05-22,-0.004558783538342672,-0.0015022646204097768
2024-05-23,0.003258393238059075,-0.0015473470784509282
2024-05-24,0.006485107034470327,-0.0037573562011281665
2024-05-27,-0.009417182762699735,-0.002687132128578334
2024-05-28,-0.007861160692947077,-0.0049746614203015046
2024-05-29,0.0003287851418735406,0.002060737057246195
2024-05-30,0.0052459136697693256,0.002765749601372724
2024-05-31,-0.0003270645981730432,-0.003045784983160492
2024-06-03,-0.0006544502851388419,-0.0058734072192401345
2024-06-04,0.010096161317410321,-0.004187492368178922
2024-06-05,0.0,0.00337050045197909
2024-06-06,-0.0006482982398860706,0.0013760077098652426
2024-06-07,0.002914038001849498,-0.002827182214892517
2024-06-10,-0.005186397363027775,-0.000591781189490097
2024-06-11,0.006801645654772245,-0.002680002922678007
2024-06-12,-0.005502522380146066,0.003452096617986424
2024-06-13,-0.004554334482416332,0.00012265310372764314
2024-06-14,0.004554334482416326,-0.0009463884354502147
2024-06-17,0.0019455259054913527,-0.0023771931616142342
2024-06-18,0.000971345389631659,0.002482989114244425
2024-06-19,-0.003566221967290786,0.00013342187297177174
2024-06-20,-0.0022760536569376294,0.002479512299461547
2024-06-21,0.0016262810544791155,-0.0026795160102044725
2024-06-24,-0.005540180375615356,-0.0022418640723059716
2024-06-25,0.001306335914055457,0.0006191555503049014
2024-06-26,0.002281989580340392,0.0002088638247267777
2024-06-27,-0.002281989580340409,-0.0008405123933075632
2024-06-28,0.0048836170640183,-0.0012838085534957427
2024-07-02,0.0077645165238799056,0.0032815722099181367
2024-07-03,0.0019317456103736417,-0.0006986582660646557
2024-07-04,-0.0009654063501214423,-0.001969510387487258
2024-07-05,0.000643707778905692,0.001631466007059076
2024-07-08,-0.0028999536997898717,0.0006328673916829064
2024-07-09,0.01154969527927301,0.0017638284220485064
2024-07-10,0.002230365748545504,0.002340952271732269
2024-07-11,0.006028893400051166,0.0037918586128346103
2024-07-12,0.0031585623227297238,0.003793216457886521
2024-07-15,0.00754009227328786,-0.0027232546608596344
2024-07-16,-0.008486613877318694,-4.990259193830452e-06
2024-07-17,-0.006650855869909686,0.0013293870183410013
2024-07-18,-0.005736153395524746,0.00612995572704763
2024-07-19,0.01207130286975784,0.004784986963489345
2024-07-22,-0.002054524626286413,0.002372202342443472
2024-07-23,-0.012897241108825461,0.0015566597639680593
2024-07-24,-0.0035318707447742157,0.0006674656810893308
2024-07-25,0.011830673559469332,-0.002553308567302995
2024-07-26,-0.0012722648026566544,-0.006422958057573769
2024-07-29,-0.00063673991326754,-0.006575517526448863
2024-07-30,0.011084832424492914,-0.005817172187551879
2024-07-31,-0.014594167657909867,0.0004102649772457978
2024-08-01,-0.020339684237122672,-0.0026700735010485597
2024-08-02,-0.02209488068275043,0.0063554003178801395
2024-08-06,-0.0053493942342606,0.005452407018373138
2024-08-07,0.01958568830448971,-0.0221235382786219
2024-08-08,0.0036095199156397357,-0.0034044276338058973
2024-08-09,0.000654878870817857,0.003107000466869398
2024-08-12,0.013331363103922064,0.0005777584470176472
2024-08-13,0.004190175349136011,-0.002374213629870767
2024-08-14,0.014687364916559649,-0.0016983831176591974
2024-08-15,0.0006337135826780587,0.0003349676525078479
2024-08-16,0.006629858538669582,0.0040948722990173355
2024-08-19,-0.004099012518384807,-0.006576656322856571
2024-08-20,0.0037842996912396273,-0.00411935031094302
2024-08-21,-0.005681833467430946,-0.0031249446921310666
2024-08-22,0.007882746162188396,0.003015629294797008
2024-08-23,-0.0028306356374815603,0.0019064864597806935
2024-08-26,-0.0015760444554657658,0.000292135201589204
2024-08-27,-0.0034760660692411058,0.0013073282796846528
2024-08-28,0.0018975337761914111,0.0004900770883488174
2024-08-29,0.005828164878803611,-0.005016320842971934
2024-08-30,-0.013758420554780998,-0.0034829112390297175
2024-09-03,-0.0038289772370972393,0.0026875035050583527
2024-09-04,-0.003041705699024509,0.00291917073803378
2024-09-05,-0.011773380086116239,-0.001476754190835403
2024-09-06,0.010329336513882513,-0.004318939926375073
2024-09-09,0.0028860048891348514,0.000896125553158334
2024-09-10,0.006701796266018632,0.00018340774365207665
2024-09-11,0.009811757777694897,-0.0031857334293462045
2024-09-12,0.005340047242907371,-0.0013217428012228716
2024-09-13,0.004376374599799003,-0.0024411708498203377
2024-09-16,-0.0009361835603401133,-0.006950878650012645
2024-09-17,-0.0009370608213402455,7.094306017870329e-05
2024-09-18,0.0121138303835114,0.000636587479892166
2024-09-19,-0.0027825029546271916,0.0016953982633140558
2024-09-20,0.0,0.00047994335956258834
2024-09-23,-0.002169534401264355,0.0011478673663913393
2024-09-24,-0.0018633545764113483,0.0022486026695165006
2024-09-25,0.0102057480847567,0.002071322286862829
2024-09-26,-0.0003077396546827899,0.0017743387793543314
2024-09-27,0.00030773965468286355,-0.0008358532722958494
2024-09-30,-0.006172859107081079,-0.0022328364567173187
2024-10-01,0.0009283615087309137,-0.003677423260604012
2024-10-02,-0.0012380069671578565,-0.0023026416274639465
2024-10-03,0.00894101840371514,-0.003066738377414351
2024-10-04,-0.0036900410874537957,0.001643895261972568
2024-10-07,0.003690041087453742,-0.000409234291146608
2024-10-08,0.008253141756720482,0.000775687804450262
2024-10-09,0.0015209128407065232,0.0009714754327082125
2024-10-10,0.007268354227090624,-0.004167561463395096
2024-10-11,-0.0027194457007217107,-0.0009457912905190422
2024-10-15,0.003021150334176251,0.001310590325307551
2024-10-16,0.004214334955062046,-0.00011130891445134894
2024-10-17,0.0047947349873040295,-0.0030370679630271377
2024-10-18,-0.004494389587839438,-0.00021959036939813874
2024-10-21,-0.002104314619895284,-0.0014328902450472896
2024-10-22,-0.007551765235050106,0.001149595988535696
2024-10-23,0.0027252098622487825,0.0057774857435007225
2024-10-24,0.000604594939819473,0.0003060786126576361
2024-10-25,0.005124351831260564,0.0022008502762408855
2024-10-28,-0.00030070666291838406,0.0028492798664051613
2024-10-29,-0.004219415542708211,0.0032882391732971445
2024-10-30,-0.011848839824608605,0.0017384291344590993
2024-10-31,0.0054861460367798855,0.0006510961505350921
2024-11-01,-0.00426439878645754,0.0034010230389169642
2024-11-04,0.006693058146584145,0.000696031161239865
2024-11-05,0.01743356446755274,-0.0004399565474849859
2024-11-06,0.0059417881287508224,-0.008494361133234905
2024-11-07,-0.00029625240921743435,-0.001869557685939451
2024-11-08,0.002071926151895453,-0.0028906078128743806
2024-11-11,-0.005039287379697447,-0.001963802920602228
2024-11-12,0.0020780770429178886,0.0018126259631890118
2024-11-13,0.0,0.00018256014765641855
2024-11-14,-0.006247231384435739,0.0011847003128078694
2024-11-15,0.0,-0.0033158898274108263
2024-11-18,0.000298373864663389,0.00010172326023612655
2024-11-19,0.00029828486425476227,-0.0009543114840891755
2024-11-20,0.006836109249619044,-0.0014146059313208032
2024-11-21,0.004433286409790919,-0.001516336971215722
2024-11-22,0.002944642881556925,-0.00333615185847433
2024-11-25,0.004986078668340752,-0.0034165735080959234
2024-11-26,-0.0020500812568905,0.0008109509284974911
2024-11-27,0.00991840102911328,-0.0027934331739955477
2024-11-28,0.0005803830691063254,-0.0014395124404464167
2024-11-29,-0.00029014942899043087,-0.0017449264987407327
2024-12-02,0.0028977128360713703,2.0342632071519774e-05
2024-12-03,0.003033588458598844,-0.0011491705107031394
2024-12-04,-0.0007214487002193015,-0.002682244023617938
2024-12-05,0.00747774551414705,0.0010031286206583
2024-12-06,-0.002294894868338402,-0.001821456366273589
2024-12-09,-0.005182850645808573,-0.0012807631136153436
2024-12-10,0.006330956397640503,0.0034520365465595467
2024-12-11,-0.004600353139061283,-0.0008482685618889473
2024-12-12,-0.0011534026653536183,0.0037772635928972897
2024-12-13,0.0005768676248810656,0.0033970659359553656
2024-12-16,-0.0005768676248811643,0.0006131261900950603
2024-12-17,-0.020992024481379754,0.0022654812157416548
2024-12-18,-0.004429359079881627,0.009436572877073723
2024-12-19,0.006489698292905393,0.0010267169936311023
2024-12-20,0.0055710450494554295,0.00158699786843679
2024-12-23,0.006993035490970384,0.0016802889549385842
2024-12-24,-0.0031990720899293928,-0.001957488313427034
2024-12-27,-0.019709418706940776,0.0013060120543541144
2024-12-30,0.0005940006114662289,0.0034308738705036176
2024-12-31,0.0011869437595286225,0.008873452513081515
2025-01-02,0.011792589489823624,0.005324601476978737
2025-01-03,-0.0020536900279570177,-0.0028535826109442578
2025-01-06,-0.004710046976561285,0.0013684108069053592
2025-01-07,0.0017688683857451637,0.0008044588679785677
2025-01-08,0.0023536345081092173,-0.0035027417288503427
2025-01-09,-0.013907606913808856,-0.007600003597960123
2025-01-10,-0.004180358431757826,-0.002033598652901599
2025-01-13,0.0005982650492530659,-0.0002585344312539766
2025-01-14,0.013072081567352921,-0.00020134303924243112
2025-01-15,0.004417618728960614,-0.0018549808359161056
2025-01-16,0.01139530227057904,-0.002669627739911956
2025-01-17,0.012989069904166218,-0.0036481767619570065
2025-01-20,-0.007195310939496602,0.004402792874366504
2025-01-21,0.004610959178073887,0.007348122214754923
2025-01-22,0.004160396216888417,-0.0005102921278070922
2025-01-23,-0.00014317417162389073,0.0010423579232341242
2025-01-24,-0.007762005335489301,0.004720635378763297
2025-01-27,0.00632913505164753,0.008346162098793967
2025-01-28,0.0,0.0032699314058844634
2025-01-29,0.011972776999618875,0.002313971647782031
2025-01-30,-0.004828868920262841,0.00014650857099134096
2025-01-31,-0.007430728675041014,0.0034462606522302334
2025-02-03,-0.005753755804414976,0.00194217780874483
2025-02-04,0.007043801134904919,0.003224924938857196
2025-02-05,0.0015744653649698652,-0.004267486912931806
2025-02-06,-0.008329791090402577,-0.004949614173878192
2025-02-07,0.008901709893523782,-0.007473996152375012
2025-02-10,-0.0011441648845455247,-0.0004086181511319446
2025-02-11,-0.0014320495072277254,-0.0024608025621783345
2025-02-12,0.004575358281916171,-0.0005566118273681124
2025-02-13,-0.0022850624053145797,-0.00010982184601855962
2025-02-14,0.005276304575840262,0.0019061725908193796
2025-02-18,0.0001422171658514417,-9.293732439969897e-05
2025-02-19,-0.004703878675473196,1.819049316638034e-05
2025-02-20,-0.00990746850559072,-0.0016356764563396724
2025-02-21,-0.0017331026868347415,-0.0034008379811658798
2025-02-24,0.0023101367478547694,-0.0019086513815107368
2025-02-25,0.003742627083496455,-0.0012836484695071305
2025-02-26,-0.006631132846895398,-0.003558811837617792
2025-02-27,0.010073477037868397,0.0022435442144188604
2025-02-28,-0.008050647277167132,-0.002340322259504314
2025-03-03,-0.011030590798260654,-0.007843198617519073
2025-03-04,0.00871845103988125,-0.0019506203944275949
2025-03-05,-0.014573268701312618,0.005516123852585688
2025-03-06,0.009351324720161008,0.0032694195028266353
2025-03-07,-0.02027394253624184,-0.004439542008198896
2025-03-10,-0.005655618587440706,-0.007910620180659054
2025-03-11,0.0038730869211574905,-0.0007589802636075213
2025-03-12,-0.007761232988895781,-0.002199149202923824
2025-03-13,0.015757721623121956,0.005939201797818329
2025-03-14,0.005295687574710503,-0.00479461737618726
2025-03-17,-0.006033422761249951,0.002225180167160413
2025-03-18,0.011593056686652644,-0.0034776278342775386
2025-03-19,-0.004386613263039297,0.002525055293757436
2025-03-20,-0.00029312619292389826,0.005539433770530369
2025-03-21,0.009337680919878015,0.011631262227390922
2025-03-24,0.00029040220909763194,-0.004841750486376509
2025-03-25,-0.013005224581107125,-0.0025528392452632506
2025-03-26,0.0004411440406810907,-0.0023294530422578895
2025-03-27,-0.015407712212990806,0.00179276507061054
2025-03-28,0.0047661692846235676,-0.006276074165631729
2025-03-31,-0.0008919281102672588,-0.006026633935733394
2025-04-01,0.007703741803384204,0.0057101970482628765
2025-04-02,-0.049616952145426066,0.0037627852790203145
2025-04-03,-0.051881164681106484,-0.00656020338493728
2025-04-04,-0.012822796112727687,0.0003430746766799734
2025-04-07,-0.010979980548746913,-0.02796354416311062
2025-04-08,0.06789937766558,-0.02796354416311062
2025-04-09,-0.0362866036100297,-0.03684830852074845
2025-04-10,0.016077516727532843,0.0033127517856238746
2025-04-11,0.00952388151125532,-0.006112217456609181
2025-04-14,0.00849462399142302,-0.009797788958450212
2025-04-15,-0.01546992177213189,-0.005591837262754393
2025-04-16,0.004444451760423976,-0.009521850008962815
2025-04-17,-0.014677991660354623,-0.005628106124974521
2025-04-21,0.01910277764071044,-0.009462139469720531
2025-04-22,0.014091355760509485,-0.018765026258939162
2025-04-23,0.013588844061896579,0.00209616705429754
2025-04-24,0.0036742233618843254,0.011844860274747704
2025-04-25,0.0009164503467146166,0.012911904580020292
2025-04-28,0.005481134307012016,0.012474754447680637
2025-04-29,-0.003650749415262563,0.012639722924456838
2025-04-30,0.005167970158442377,0.01235930419611595
2025-05-01,0.013402805856553984,0.013441156244944347
2025-05-02,-0.002846230668358469,0.006977711527654642
2025-05-05,-0.005867766779458166,0.008842982974841495
2025-05-06,0.005267526665398168,0.009400812407053477
2025-05-07,0.009263475774881179,0.005024718719469412
2025-05-08,0.002079929437992027,0.0002766097028029942
2025-05-09,0.02143673336493198,-0.0022007381996457524
2025-05-12,0.002611346326518598,-0.005506894301729481
2025-05-13,0.0014478068259428454,-0.006444490256475338
2025-05-14,0.00577035646133636,-0.004565164819812283
2025-05-15,0.005737250390143593,-0.0027774357587115796
2025-05-16,0.0,-0.0016941560624582864
2025-05-20,-0.01382510499184243,-0.003303149141559205
2025-05-21,-0.001160766235962276,0.0004219690841539398
2025-05-22,-0.008748962193235425,0.003935709338212864
2025-05-23,0.015405042330637565,-0.004349682644486856
2025-05-26,0.006038839343846888,0.005557507486771144
2025-05-27,-0.0045977092486295425,0.0009452369470523167
2025-05-28,0.000575871020809439,5.471946530760956e-05
2025-05-29,-0.0040380787492802685,-0.0018467353335618185
2025-05-30,0.004901263956091581,-0.0017326558683921306
2025-06-02,0.0028719146677895165,-0.0023176904608240845
2025-06-03,-0.0008607087032575666,-0.0014301860647371102
2025-06-04,-0.0034502621921527815,-8.432347619783351e-06
2025-06-05,0.008460651315331611,-0.00332594724174597
2025-06-06,-0.0004284796180673653,-0.003205695224828131
2025-06-09,0.0034227072775021385,-0.0027626946425744385
2025-06-10,-0.0011396012629335626,-0.00020980186748464493
2025-06-11,0.0011396012629335743,0.00040926212446366325
2025-06-12,-0.011454878974766478,0.0006079532993647984
2025-06-13,0.005743841179252093,-0.0010842524632331892
2025-06-16,-0.004017222045264469,0.003150794964457981
2025-06-17,0.004303549892603539,0.0017821886189428658
2025-06-18,-0.0014324597779615973,-0.0008466426392466565
2025-06-19,-0.0011474470564767983,0.0018101497091427968
2025-06-20,0.008004616782613598,-0.0013680234830903272
2025-06-23,0.009634531879146103,-0.0009363366223872618
2025-06-24,-0.01105923649397511,0.0017118763898459387
2025-06-25,0.003984069014874513,-0.0019041309005480872
2025-06-26,0.007920833491444058,-0.0019985617640538864
2025-06-27,-0.0005636978728747042,0.0023327080225704734
2025-06-30,0.001690141247405221,-0.0012074374565687765
2025-07-02,0.006172859107081016,-0.0014570056828291165
2025-07-03,0.0013976242666379351,0.0026754343934127646
2025-07-04,-0.005040615545139051,0.0016864817090124116
2025-07-07,0.0016830298502931785,0.002063108212253555
2025-07-08,0.005589729478786812,0.0034042054420166403
2025-07-09,0.0011142062434035577,0.002781188582953606
2025-07-10,-0.003625718656064464,0.0012931759726164157
2025-07-11,0.0032080367843464828,0.0018286420021837591
2025-07-14,-0.004326292422264218,0.002659388379678438
2025-07-15,0.0015372793188863979,-0.0003453921598579489
2025-07-16,0.009035996700645865,-0.0015670991826233053
2025-07-17,-0.002632856783144621,0.0006636889829112619
2025-07-18,0.0,0.003502917730818546
2025-07-21,-0.0018054306688717408,0.003676266574209672
2025-07-22,0.009407927718712007,-0.00041498439002691216
2025-07-23,0.0008258775417807771,-0.0008363877701913407
2025-07-24,0.005488487981835521,-0.0012733332466423359
2025-07-25,-0.003838776307165713,0.003306086009165432
2025-07-28,0.0016469946078219973,0.0013068367791098845
2025-07-29,-0.0005486968587594838,0.0009205609360248396
2025-07-30,-0.0044004471448215975,0.0038578069921630146
2025-07-31,-0.013877547166362745,-0.0002703925222824508
2025-08-01,0.013326127246131872,0.0032660487195825846
2025-08-05,0.005774799493883958,0.0022274644944412676
2025-08-06,0.0008222557678569557,0.001657903277991055
2025-08-07,0.004646721494788816,-0.0003442195991322823
2025-08-08,-0.0005455537505742054,0.0004295184456735819
2025-08-11,0.010584981445318154,0.0002083075251969095
2025-08-12,0.0037725725153194283,0.0008273429317103386
2025-08-13,0.000806560065233166,-0.00016689671639889828
2025-08-14,0.0,-0.0010708741521940684
2025-08-15,0.0,-0.0009659320112730202
2025-08-18,-0.0005376344215525309,-5.867246897527166e-06
2025-08-19,0.00026885334212223554,0.0006817913028660012
2025-08-20,0.0005374899350037816,-0.0034479729718599047
2025-08-21,0.010689572658779654,-0.0003201188820302094
2025-08-22,-0.0053305030269407,-0.003236799283721606
2025-08-25,0.0018689099018770303,-0.0007831748041522842
2025-08-26,-0.00160170883148316,-0.0025682924369979324
2025-08-27,0.0010680908892584384,0.0013754228238943224
2025-08-28,-0.004547286155826233,0.00012500689385520108
2025-08-29,-0.0018784387651443037,0.0007842281223509372
2025-09-02,0.0040209141427914805,0.0014457000408552283
2025-09-03,0.008259005251627134,0.0011774584321093725
2025-09-04,0.003707631365893944,0.0015268735875608487
2025-09-05,0.0018486734434427757,0.0008844627235116189
2025-09-08,0.003161224971902572,-0.0014860928337710928
2025-09-09,0.002889036809189296,-0.0015280578617825795
2025-09-10,0.00731646848834082,-0.0038878526178431497
2025-09-11,-0.001824104740314814,-0.00041638008482230087
